game,source_row_key,cardmarket_product_id,cardmarket_name_raw,raw_match,parser,parser_version,confidence
digimon,00bf957b22e2301a965dba1ed1960128ce1698042096c07f6af5096aaad19904,756200,RustTyrannomon Ace,P-113,digimon_catalogue_name,1.0.0,candidate_only
digimon,00d6556868cfdc3589eb2199758fc43b5d06b4e526804ccf64a18d02575dedac,769479,GranKuwagamon Ace,BT16-046,digimon_catalogue_name,1.0.0,candidate_only
digimon,0127b900d523525db85e8699f17ea8f7e281a1c77dc001b3a764e58adf227918,743722,Imperialdramon Paladin Mode,BT8-112,digimon_catalogue_name,1.0.0,candidate_only
digimon,012e26d34e5bfb7f39165bba5231d14907011c1c9309a7041acb48638e8b37a3,885346,Titamon,BT25-084,digimon_catalogue_name,1.0.0,candidate_only
digimon,01384a2f20a9055dfdea7fc784a865ab223877b5a58626e431e387b0538916cb,744905,SkullKnightmon,P-115,digimon_catalogue_name,1.0.0,candidate_only
digimon,0147ab8afbe926bcd0cba3052009706262b8e9952ca3e8c5bb42d22dcde6182e,743343,Herissmon,P-068,digimon_catalogue_name,1.0.0,candidate_only
digimon,0169b6cd2a4887d2e18c4b0a389a56e2e67bde511f41b38edb09c8a950ab275a,620865,Dorumon,BT7-056,digimon_catalogue_name,1.0.0,candidate_only
digimon,01dc9d27a7886e18743cad2fa6f04961a8ceee89232a4274230e4df8fca3bc51,670106,GeoGreymon,ST7-06,digimon_catalogue_name,1.0.0,candidate_only
digimon,01e54a98d405892f48f2641b3c6ce2583ad997cd95d6fab69727fcfab7615b97,818301,Titamon,BT6-081,digimon_catalogue_name,1.0.0,candidate_only
digimon,02840100ed803a96c1e96c5f1ea7938e94d114b98a4f37d745aef02f5200c0a8,705433,Shoutmon (King Version),BT12-011,digimon_catalogue_name,1.0.0,candidate_only
digimon,02969dce77607ee38386283088eed896b9191e1e3f6b4e46fcbe5aecd052e611,786241,RizeGreymon,BT13-015,digimon_catalogue_name,1.0.0,candidate_only
digimon,02f79b85b569bd2428cc0abce56667a817f3966405bb29703b5175654ae2351f,785211,Raremon,P-101,digimon_catalogue_name,1.0.0,candidate_only
digimon,0340c00795dafd13662f6c62f8508790fccc1e302793625fd844ae2493b2d418,793790,Yao Qinglan,BT19-082,digimon_catalogue_name,1.0.0,candidate_only
digimon,0432e12f5bdecbea95f3e759add557618cc70f502551416ace2fea16744665ba,620169,Piedmon,BT2-080,digimon_catalogue_name,1.0.0,candidate_only
digimon,04ee774daa7c36fa351abd0a2eb200e19a64f78890f344e8a353492e4251e6dc,860898,Karakurumon,EX9-032,digimon_catalogue_name,1.0.0,candidate_only
digimon,04f0d69937c92e90f7d25a12ee68f5ddbbe7fae4c1d4d55b98114109797ae1ce,620119,MetalGreymon,BT1-114,digimon_catalogue_name,1.0.0,candidate_only
digimon,05839215bc8d8031623aad8f769b8e0601bc06b9d02750b1a3cc23aaef4cf9f8,719321,Omnimon Alter-S,EX4-060,digimon_catalogue_name,1.0.0,candidate_only
digimon,05ce6a5869e2fe698b10922fd82dda134027bc36ea66088666113b75cb9a7d7e,696439,BlackWarGreymon (X Antibody),BT11-074,digimon_catalogue_name,1.0.0,candidate_only
digimon,05da3387d2baefbbdba2f4a4e423481a56b718944e525414628e236a669d88e8,853018,Hudiemon,BT23-101,digimon_catalogue_name,1.0.0,candidate_only
digimon,05e261331f1101db4db4248049fc5f2d7d3cdaa5ccf9dd016da7b8d8317bf7e5,886279,Hidden Potential Discovered!,BT3-103,digimon_catalogue_name,1.0.0,candidate_only
digimon,0604f55d180dfe2b400fa88c7238432b56bb942a252ed6bcfcb3161ba7a2671f,835265,Arata Sanada,BT22-091,digimon_catalogue_name,1.0.0,candidate_only
digimon,065d2604e337c34f8801db1cbea3cf8bc100428b0a64026bbc8ef6f66928bb95,756188,Cargodramon,BT14-064,digimon_catalogue_name,1.0.0,candidate_only
digimon,06699292b4ad310de5f133e853cb96f35ebfddf41e252edb7d2834a099e431c6,785212,Raremon,P-101,digimon_catalogue_name,1.0.0,candidate_only
digimon,068de821678d441d62f6182949a2861c2ab6e8bbe0554035decdabbfe7ae6ed8,807851,Fenriloogamon: Takemikazuchi Ace,BT20-081,digimon_catalogue_name,1.0.0,candidate_only
digimon,06eada02760bc098b3d4177d4897e6ae4f51fee75089bde2f67f13eccf3675eb,722606,King Drasil_7D6,BT13-007,digimon_catalogue_name,1.0.0,candidate_only
digimon,06ff2cb9bbd8cc7e0dc17effec976dbac3b5551c8ffaf8df045422907ab8e6e6,886292,GraceNovamon,BT25-103,digimon_catalogue_name,1.0.0,candidate_only
digimon,0710fd063a98ea90398d19954adde76631e9e3117b05d6f828bde74728ca968a,789145,Red Memory Boost!,P-035,digimon_catalogue_name,1.0.0,candidate_only
digimon,073e1bb0c948d878ca786451da3320f3afe17a51a992db1640425ff74390bebe,732757,WarGreymon,BT12-070,digimon_catalogue_name,1.0.0,candidate_only
digimon,07abe4749b4dd1e20cac9d019c032b6246f7306a885bb400958a1893d1e5354b,693214,Sakuyamon,BT5-044,digimon_catalogue_name,1.0.0,candidate_only
digimon,086f219757f3412799fffb0507aeb826e92037d0943c61105a4b29e3d09656f8,872836,Diaboromon,BT22-064,digimon_catalogue_name,1.0.0,candidate_only
digimon,0897c53b3f8d810b1290d010cb6902aa3b72ce7802a68d86567d5d5198044b14,886290,Asuna Shiroki,BT25-092,digimon_catalogue_name,1.0.0,candidate_only
digimon,08a268aeaeb4c2dd7d800d0df4b522dcee842e6f50b58fe4dfcb663991012858,854906,Coronamon,EX5-007,digimon_catalogue_name,1.0.0,candidate_only
digimon,08d3cb4561114e46812738706804932484c4b63f2e7fb529b47fd6884f2a29ac,650379,WereGarurumon,P-008,digimon_catalogue_name,1.0.0,candidate_only
digimon,092de5ab7fa231c7f2953de2f3d9c8d496d3284ca33f0a73bc4fbba1b4deb6a2,620647,Omnimon Zwart Defeat,BT5-112,digimon_catalogue_name,1.0.0,candidate_only
digimon,097ce53379c8f6bd388cc26cfee788d6dec3ec265f07e8957ac81163a9c810ad,860904,Nokia Shiramine,BT5-092,digimon_catalogue_name,1.0.0,candidate_only
digimon,0a47f60ae850c37b4f422b6fd62572d007bf95fb8037854b79546533c9b3438a,755738,Matt Ishida,BT15-083,digimon_catalogue_name,1.0.0,candidate_only
digimon,0a55a0e18a10250d2be109a778b30e1e479b9f5b91820b43e71e11c7b8ce15f1,806640,Alphamon: Ouryuken Ace,BT20-060,digimon_catalogue_name,1.0.0,candidate_only
digimon,0a842c0efbb45259678adbfac039b581f5b08ce42e6d63bab8cd5330535a765d,872967,Gurimon,RB1-001,digimon_catalogue_name,1.0.0,candidate_only
digimon,0b6af9a6c96bfc16b9482af6d3ff7b407f1b4b548a72010a40a18ea39e251228,818302,WarGreymon (X Antibody),BT9-016,digimon_catalogue_name,1.0.0,candidate_only
digimon,0bcbf4bf9de8113ab62d44501faf9c37683a73296a145a9f4a5878c5607985d8,873614,Stingmon,BT12-050,digimon_catalogue_name,1.0.0,candidate_only
digimon,0beb9f7604558572f60be04ecbf3619fea9560a1faa6d440fe94255663867a2e,786085,HeavyMetaldramon,EX7-062,digimon_catalogue_name,1.0.0,candidate_only
digimon,0c2d9729b6b59c14cadf0d1587e96ff88b29d6e4a58e5eed97d3dc55818f31c8,716125,MetalGreymon,BT1-021,digimon_catalogue_name,1.0.0,candidate_only
digimon,0c88fabad2d5237fa4b5fd78ffa3e69528b44f505fb17c70677caa89b6c4e966,755740,Izzy Izumi,BT15-085,digimon_catalogue_name,1.0.0,candidate_only
digimon,0da8ad987d875597b00e320dd666f56fbc65b75a3df1f805109e679f03ea9e77,862856,Offense Training,P-103,digimon_catalogue_name,1.0.0,candidate_only
digimon,0e1909c46600dfe4b043f971f1fc0228ad3c57ae541f02b9121907135ab49815,793699,Duskmon,BT18-078,digimon_catalogue_name,1.0.0,candidate_only
digimon,0e848231779e8213029a41c6ef78e33703ca3045d36a18af5f0ccb37cc45b1f6,779729,Omnimon Ace,BT17-078,digimon_catalogue_name,1.0.0,candidate_only
digimon,0ea1abbd516251e0a45c6e59369c184cdb108dbe13ea78571432ddd4d69018af,775391,Mirei Mikagura,EX6-074,digimon_catalogue_name,1.0.0,candidate_only
digimon,0ec20e655d41da8f2ed246e02c283b245b24b737444923840c5d870b9fb97488,775347,Mastemon Ace,EX6-029,digimon_catalogue_name,1.0.0,candidate_only
digimon,0f08b1dd3cb29a1404c45e4611bdb8cff621bcac930ad1d71648efe95dacb01f,873575,"J.P., Koji, & Koichi",AD1-023,digimon_catalogue_name,1.0.0,candidate_only
digimon,0fe42df0e2cca515a657d02226250642ec7dcbbd818c75e294a166a6bb7e6be8,704152,Omnimon,BT5-086,digimon_catalogue_name,1.0.0,candidate_only
digimon,1011b6017cf0a699d2a36663f4d3d4ec345531134c5fef4d1c602ec576419bf1,804254,Tumblemon,EX8-005,digimon_catalogue_name,1.0.0,candidate_only
digimon,108af68578f26977e279b23415983e303077e0fa3bb59641ec9c6b7b37372713,785198,Imperialdramon: Dragon Mode,BT16-028,digimon_catalogue_name,1.0.0,candidate_only
digimon,10e9357373e947c2f3ebfd23a8b80e1463bd60dd6bae0c84ecdc93284b271094,722642,Ravemon: Burst Mode,BT13-092,digimon_catalogue_name,1.0.0,candidate_only
digimon,115e74a42c0630471b622b7013582a5ccb2e95054514788a4d201dc950f0301c,650321,WarGreymon,ST1-11,digimon_catalogue_name,1.0.0,candidate_only
digimon,117a3dbfb123796111b8b66ce280fbb4fa9f8216388b0f15c62ceb4f7582ac1e,744164,Kari Kamiya,BT8-090,digimon_catalogue_name,1.0.0,candidate_only
digimon,1183c16aed24b0cb0b844ab1aaf05b19a8f5c10a7aeebcf43e1045c99f9ad1e6,650370,Devimon,ST6-08,digimon_catalogue_name,1.0.0,candidate_only
digimon,11b64036f6cb61987c092198c3568952a810c4f25fa69861e024f66d20e5d240,807845,Ghostmon,BT20-063,digimon_catalogue_name,1.0.0,candidate_only
digimon,127df2575a54ec7bd644bd2104ce64756fd4d241f9ba3c9b41ad05518321800c,743341,Huckmon,P-066,digimon_catalogue_name,1.0.0,candidate_only
digimon,12f3c651b27391d255845acc64a96b7400030fa378f00a01bb2e822730ae2227,696450,Rina Shinomiya,BT11-112,digimon_catalogue_name,1.0.0,candidate_only
digimon,139d5b8984271fb32c0eba1a24fb16b75b69bf21c35a050baea65991c8515bdc,862159,Leviamon,EX5-063,digimon_catalogue_name,1.0.0,candidate_only
digimon,13c44991db852091576d2881c7caf6a396a5d707822b24f46616643c7017e373,707638,Imperialdramon Paladin Mode,BT8-112,digimon_catalogue_name,1.0.0,candidate_only
digimon,13e5d475791905c0babd1535e7d942101bcef1a9dee53a0754d9176afa08f797,853008,TigerVespamon Ace,BT23-045,digimon_catalogue_name,1.0.0,candidate_only
digimon,13f788b8ac74d868472084cd2ed153a6e7e32589c7bc17d04ef798ccf26a1003,793705,Lucemon: Chaos Mode,BT18-082,digimon_catalogue_name,1.0.0,candidate_only
digimon,13f8ebc2cdddd2f1f77681736ab6c2755d247fc83cec0ae6a4ffee34d3cc77c0,864260,Jupitermon,BT24-101,digimon_catalogue_name,1.0.0,candidate_only
digimon,141418089d0ab4a9e9a507ffbc78d0e06446772acbd5c26aa29034dd2bee12e1,864246,Asuna Shiroki,BT24-088,digimon_catalogue_name,1.0.0,candidate_only
digimon,1479d84b5565e058c904a77c9cc26aca8cfb4600f98a39a7d391caf6ce0f422a,872842,Sunmon,EX5-001,digimon_catalogue_name,1.0.0,candidate_only
digimon,147f8e780093cb7c8eaf32e07e498a08df5f7284bd11fe8e549ba8888361a7a5,708440,Quartzmon,BT12-057,digimon_catalogue_name,1.0.0,candidate_only
digimon,15071dde4db9f0d684f73695fb31d23b2ba868614a6b27b78a324dfa7380f698,739982,MetalGreymon Ace,BT14-014,digimon_catalogue_name,1.0.0,candidate_only
digimon,150ad1e2de8f884a27418d360c368c86d6e84841c6ba35f6528c6f58c9f46d97,802697,Gallantmon (X Antibody),EX8-073,digimon_catalogue_name,1.0.0,candidate_only
digimon,150d53d610392da57be9200f84008a91ff2f7bea0a4c38c405bc083cad9bb2cd,722676,Ignitemon,BT11-076,digimon_catalogue_name,1.0.0,candidate_only
digimon,154108ccbb11060e090eae8cfec94bcecb880de3bc6da4269c94b6d488b2cbd8,873569,LordKnightmon,AD1-018,digimon_catalogue_name,1.0.0,candidate_only
digimon,15ab002873777f0d0640246ca5a432ae98499f384813ec809b5621c397f7f0c6,669252,WarGreymon (X Antibody),BT9-016,digimon_catalogue_name,1.0.0,candidate_only
digimon,15b122b84690f08fbaf0075b774b1cfeace62862518e3037486279d82da5c800,775332,Lucemon,EX6-018,digimon_catalogue_name,1.0.0,candidate_only
digimon,15c15d6fe2f33bdd0dd7b166f8ce6b57d17c2ea12ee97f92a5ca553f5ac8dd61,793794,Nene Amano,BT19-087,digimon_catalogue_name,1.0.0,candidate_only
digimon,15f9749482c5b6345aac2699c362536fb0cbd117fd187e12f3feda3c0db400f3,621108,Garurumon,EX1-015,digimon_catalogue_name,1.0.0,candidate_only
digimon,162d8db22a296b4796d024b90ce36175660fcdc49415f94daffc8f085e78e144,871011,Medusamon,EX11-012,digimon_catalogue_name,1.0.0,candidate_only
digimon,168918e5771738f181fff1def7e72501fdd8f907c79231579300008f231dd6d0,652325,Greymon,BT5-010,digimon_catalogue_name,1.0.0,candidate_only
digimon,16a2feb56a4b71daab8043dbdcd65a905fba70874fbae77559858547c49cb323,793786,LordKnightmon (X Antibody),BT19-073,digimon_catalogue_name,1.0.0,candidate_only
digimon,16a442c02bd9d2ab333c9b67ab8c120f8d13f1d85cbcd09269d16ce4a554fa6d,862858,Physical Training,P-105,digimon_catalogue_name,1.0.0,candidate_only
digimon,16b9e17a8558bdc441b641b6255af1f7b6a0b545073ca2da00bab55d63043292,693205,Impmon,BT2-068,digimon_catalogue_name,1.0.0,candidate_only
digimon,172739afabb811b3b9d60e0208621442c9c42b8cfb3f6e150ab85b6fee96887e,669258,Gabumon (X Antibody),BT9-020,digimon_catalogue_name,1.0.0,candidate_only
digimon,179b29748cc183a6437b5deed74381b7cb214197f087c416e0fd692d6c3cd1c5,864500,Jupitermon,BT24-101,digimon_catalogue_name,1.0.0,candidate_only
digimon,17b61ff403eb0da17c159e7a5ab65e7bc365b7afb65fb55cacab935be0ee15a9,653256,Andromon,EX1-048,digimon_catalogue_name,1.0.0,candidate_only
digimon,17fd510693de246b6216709b2a86ac77b6e100157093b862972fc5af50963ba4,809535,Rapidmon Ace,BT19-050,digimon_catalogue_name,1.0.0,candidate_only
digimon,18081a6bf3d12081403bc67419e68d64e0ea5e39702acd9d7889dd2b80ace8e4,650846,Veemon,BT3-021,digimon_catalogue_name,1.0.0,candidate_only
digimon,1847785de5ec684edd01a40fdaec123a1580a99fdfff8b83969394e249f0f483,779722,DexDorugoramon,BT17-073,digimon_catalogue_name,1.0.0,candidate_only
digimon,18de42a734d98f2eb10fb421ac51abe223dc4eda11d103a4723ddd4c753fa04f,743346,Impmon,P-071,digimon_catalogue_name,1.0.0,candidate_only
digimon,19000414bd8aadf619cd4828a12148cb6d673e22d2cc0a93925f381eb83ebe89,719323,Omnimon Alter-B,EX4-073,digimon_catalogue_name,1.0.0,candidate_only
digimon,19308462e0933b42e194f55b38d787d5983d3c56d6e355fb8334c1af2aca4230,719322,Omnimon Alter-S,EX4-060,digimon_catalogue_name,1.0.0,candidate_only
digimon,195f82498ffded65181f712f1274a88df6eb679cf427f15c9c796900cb4f6d96,756192,Flaremon,EX5-012,digimon_catalogue_name,1.0.0,candidate_only
digimon,19f8ca07f72081392f22c16149b11426aa881c56d19b799ec81d50c7c3aa641c,851841,Examon,BT23-047,digimon_catalogue_name,1.0.0,candidate_only
digimon,1a5e02beb1fe12a97c42c660b83f397872190a8e33e6f603508bda0bb2340160,650207,Dorimon,BT7-005,digimon_catalogue_name,1.0.0,candidate_only
digimon,1a8df2eaeb973a43b46bdd2424c911fa98a59b9487674123e6584fc0bc97bd15,669344,Angewomon (X Antibody),BT9-040,digimon_catalogue_name,1.0.0,candidate_only
digimon,1aa279682722e857fea098eff9b21ee43fe9c48daa69f8d31a99cfb845bb4713,620816,EmperorGreymon,BT7-016,digimon_catalogue_name,1.0.0,candidate_only
digimon,1aa74c8363df2814e7e1ffb45504d157cc4e8026710fd46d58fd0079203b9c89,755699,WereGarurumon Ace,BT15-026,digimon_catalogue_name,1.0.0,candidate_only
digimon,1ac365e78e6e8d642d59a499ade5bac56ae817be083517d2ba7611ffce01ac57,854907,GraceNovamon,EX5-073,digimon_catalogue_name,1.0.0,candidate_only
digimon,1adfa8e6bd0fc66d418e6d5d782ed27587c8d74c553e1ab998c283dbf7ea866e,828822,MetalGreymon: Alterous Mode,EX9-012,digimon_catalogue_name,1.0.0,candidate_only
digimon,1b865c40732a2b69c20a61b1f5249efd155f51da4034d38c8767f6c7427ee89f,696448,Mirei Mikagura,BT11-094,digimon_catalogue_name,1.0.0,candidate_only
digimon,1bb3822fc242e147f35ac88042e659070b30654d013e62b6cb27aa54067d8d4c,879426,Omnimon (X Antibody),BT20-102,digimon_catalogue_name,1.0.0,candidate_only
digimon,1c61212edef24eb0dc2616c11c2502d252907c03a51d53d616c49c847c1f51c9,817747,Gaiamon,BT21-101,digimon_catalogue_name,1.0.0,candidate_only
digimon,1c81af55d64ef00880be30b9c0996337b2a3112b1e18481f22d8cb7fca076bf1,860883,Renamon,ST22-02,digimon_catalogue_name,1.0.0,candidate_only
digimon,1cd8af7f6294c1c7fb1731e32c5aa661ff310b2413ecd8d8484605118357ae8b,873564,ShineGreymon,AD1-016,digimon_catalogue_name,1.0.0,candidate_only
digimon,1cff592cf0c75ea8ab5e6e8143cf7306351e605917641a53a88b39765d3a7566,744172,Commandramon,BT14-056,digimon_catalogue_name,1.0.0,candidate_only
digimon,1d1d5f199a5f68e9243f437512f7c3dea8435ff74cacb603d998d6d94c481b48,650391,Gaia Force,ST1-16,digimon_catalogue_name,1.0.0,candidate_only
digimon,1d77c54dd1a6d06ee1a082cff062b572f81c7a38e4c215ddda5a8a9f6b991b6b,769455,Valkyrimon Ace,BT16-013,digimon_catalogue_name,1.0.0,candidate_only
digimon,1db98b6487c17c693849ec8d11c33bcfe90d63b8017905a36b1a85f48ad4b827,665459,Calumon,EX2-045,digimon_catalogue_name,1.0.0,candidate_only
digimon,1dddd1718fe6589bf71d2e07f5f8e78e0cde98f5f8971a8419279b236463fcbc,650393,Cocytus Breath,ST2-16,digimon_catalogue_name,1.0.0,candidate_only
digimon,1de602e930db0e2166a44cdfd0990619e93cfbed8fd1175203bf3ac363eac65a,828833,Kaguyamon,EX9-033,digimon_catalogue_name,1.0.0,candidate_only
digimon,1e40061a303a1d1b203bc5274523b8c1ded0500489045246935ebc1c6e57a2b9,809480,Otamamon,EX7-015,digimon_catalogue_name,1.0.0,candidate_only
digimon,1e4d30bd9777bab062cc89769ce303a58688eeabfd74f09b2c601bfb4dc870b2,820307,Tai Kamiya,BT21-102,digimon_catalogue_name,1.0.0,candidate_only
digimon,1e74406d829e87c7bb245c787180c2596e0e867121865c2ebcdcef47b60ba201,756191,Togemon,BT14-046,digimon_catalogue_name,1.0.0,candidate_only
digimon,1ea656ebc85ebc84b00123581ce23230f9777cf560b9cc0ea7d39ecfad83012c,790590,Sakuyamon,BT17-038,digimon_catalogue_name,1.0.0,candidate_only
digimon,1ecf988460ebe3b8fc3de5d311d07d2da3d4b5f0718b7bfe138f23e9bb5c4512,790562,Digimon Emperor,BT8-094,digimon_catalogue_name,1.0.0,candidate_only
digimon,1f1ae43a7e9c0c1f5685c665ae2201cc174690ff90cf322fe23721a488543843,886294,ShineGreymon: Burst Mode / Final Shining Burst,BT25-104,digimon_catalogue_name,1.0.0,candidate_only
digimon,1f5c4ab2db75d493511e51174e129cb455ac2f08156bc83c26fe73127bdd0637,872850,Sakuyamon: Maid Mode,ST22-06,digimon_catalogue_name,1.0.0,candidate_only
digimon,1fe99a9b4a5bf6719a5412b7d88a6d913a695821e841a720920a4fcf2e3ef0e1,722609,Gankoomon,BT13-019,digimon_catalogue_name,1.0.0,candidate_only
digimon,204b8ebe53d4839ec8fbaa37e01b5b7e7e75ed0670070b0f3d73f0ffc64af8b3,756272,Aldamon,BT12-015,digimon_catalogue_name,1.0.0,candidate_only
digimon,2186712483ebcb4b146940e7b116eace0aac20801b0f3824be86d6ccb9ac5263,844265,LordKnightmon,BT19-072,digimon_catalogue_name,1.0.0,candidate_only
digimon,219f1c1579d3929519b1e4fe2bee8ded5f395bd21c7357fe82363c879cc98867,878099,Mirei Mikagura,EX6-074,digimon_catalogue_name,1.0.0,candidate_only
digimon,21f0a1188b77cf60086eb7066387e872c202e3200c2137ebf51ce3a4a74fb21b,743731,Impmon,ST14-02,digimon_catalogue_name,1.0.0,candidate_only
digimon,22162bcd224f8f43ecf64e44fca6e109e3c7c1bbb06b3ac807fa975939a96cd6,794069,Future Potential!,P-156,digimon_catalogue_name,1.0.0,candidate_only
digimon,222e5a399a20a2ed39782eebdf924d19bbb426bb2742d69807e41ea49772c313,779666,AncientGreymon,BT17-017,digimon_catalogue_name,1.0.0,candidate_only
digimon,223585e29ae9572c9449361bd6309b948d20a872865de15d6d2c086a42673ca2,716098,Omnimon Alter-B,EX4-073,digimon_catalogue_name,1.0.0,candidate_only
digimon,223638bdb39f76f459e0c855e2a7a0bb2ad218f521f9dc87f3ffe2d9762fc46c,722615,UlforceVeedramon,BT13-030,digimon_catalogue_name,1.0.0,candidate_only
digimon,2272ae816cb7ed75696a0f50e79311307278d8338958e29a77a1ceec57489181,716103,Magnamon,BT8-038,digimon_catalogue_name,1.0.0,candidate_only
digimon,22aa09ae85b5222cd8a585595ea19072a81e2192da8f1dd0e3c545c7deba06fc,809533,Taomon Ace,BT19-037,digimon_catalogue_name,1.0.0,candidate_only
digimon,22f193b0d57a106f30286cb3abe27c7ee0e16cc00bf315ff3f1b3060f8fe6fac,665447,Renamon,BT19-030,digimon_catalogue_name,1.0.0,candidate_only
digimon,22f7fa678c339766965b8d6cb085035e542e26c504809c2de01d24f92e7a988e,650307,AeroVeedramon,BT2-028,digimon_catalogue_name,1.0.0,candidate_only
digimon,231b3584557b20b7db5d076f199755e1b70b9b5afb25f25dcea599b46e0abfaf,694980,WarGrowlmon,BT12-016,digimon_catalogue_name,1.0.0,candidate_only
digimon,23577b20735e9238efd7093834eebe0052c410b59576db8145990ac597d7ac87,653658,Magnamon,BT8-038,digimon_catalogue_name,1.0.0,candidate_only
digimon,2377cb2dbfbcd3ae2297d8fc3670caf4628b8ec18dc3505dc0fec11bf81c4e16,650860,WarGreymon,BT1-025,digimon_catalogue_name,1.0.0,candidate_only
digimon,2390a080e4b877da0663f3e1af811a51dc1abb58474216c68b6280e9cf89c39f,665449,Sakuyamon,EX2-024,digimon_catalogue_name,1.0.0,candidate_only
digimon,23991c5314e713d4a5f4cfc4b55d46b65f4d5f3048f2730578e54168e10df092,650318,LordKnightmon,BT5-045,digimon_catalogue_name,1.0.0,candidate_only
digimon,23e8e1c90aa735a74b4856a038c32fad364bc1628e8b9c05dceb08014cf33fd1,818293,Puppetmon Ace,BT21-051,digimon_catalogue_name,1.0.0,candidate_only
digimon,23eaf609441be11f3ab7f72e21f103b7e8b835d9befd8b6e673cd60da7a51c6e,847740,Beelzemon Ace,EX10-074,digimon_catalogue_name,1.0.0,candidate_only
digimon,24138f539e057fc4d0071e04854f2b1756c5f4570b570706fc84e20c6177cd27,775388,Ogudomon,EX6-073,digimon_catalogue_name,1.0.0,candidate_only
digimon,246f54300bb4b1f62d053b2649d55e02e35d8da6998dd67aa77aac943edb33eb,694982,Gallantmon Crimson Mode,EX2-073,digimon_catalogue_name,1.0.0,candidate_only
digimon,249abadd0fac86614e4ce60df5c3befb65ad244cef78ffde39afb0069f1eae1d,769462,Paildramon,BT16-025,digimon_catalogue_name,1.0.0,candidate_only
digimon,24ab7473c0a41317150f5db2ace1bf23f4bfbc16fc5971f3104b1da9116274a9,812060,MetalGarurumon,BT17-027,digimon_catalogue_name,1.0.0,candidate_only
digimon,24d9e9da6f0b40e50b49c1e4e919ebae02d1446121d534ef0be272bf2e8fbd19,871144,Vortexdramon,EX11-074,digimon_catalogue_name,1.0.0,candidate_only
digimon,24f43d9fde3f42585cd4267bb424ba517b2e10c20b0df21d615f7d0a05a17ca5,872843,Titamon,P-209,digimon_catalogue_name,1.0.0,candidate_only
digimon,2528aab90ff1f861090995f7b3cef19ed7fb81f470bd09f6dbcff6b6b6bdca2a,809449,Shadramon,P-110,digimon_catalogue_name,1.0.0,candidate_only
digimon,25966e27ee8744a1c1f3d40939ca4ac71325741fcd4282d94aebacf0f727c2b0,879427,Omnimon (X Antibody),BT20-102,digimon_catalogue_name,1.0.0,candidate_only
digimon,25e0f0431d804bcfe12b258d383d7c6c1a50b744d38b65baff9269a75a29eaaf,864262,Homeros,BT24-102,digimon_catalogue_name,1.0.0,candidate_only
digimon,260f56c5a8261daff9deaf51676477cd93810798ef7869e69c7b24a6183e9abc,800391,DeathXmon,BT9-112,digimon_catalogue_name,1.0.0,candidate_only
digimon,26fffff5508af56e8c8fe33147febf1ad788c9e1ca362768f6df10c5abeb4572,885383,Agumon,ST24-04,digimon_catalogue_name,1.0.0,candidate_only
digimon,275d9daf1a79c2f813184215cfacbe54837dc1c255564d0f47feb50296883d3d,755550,Apocalymon,BT15-102,digimon_catalogue_name,1.0.0,candidate_only
digimon,276f41e1d1f18bb118f13860247e93aeca1d1f9106a4d2889b691e7faa071842,790564,Imperialdramon: Fighter Mode,BT12-031,digimon_catalogue_name,1.0.0,candidate_only
digimon,27a317eccb7f32332695acdc651f6d3d8d2d042bbaf9cf270f29efd9485d79e0,722643,Gallantmon,BT13-111,digimon_catalogue_name,1.0.0,candidate_only
digimon,288ff69db7c187bddacca5bce3fb34271644474b5a1f2b860400361ba8f1e886,785215,MegaGargomon Ace,ST17-08,digimon_catalogue_name,1.0.0,candidate_only
digimon,289426ae4bee06726d995fa74bc432097466911fbe984f217ae71755d1f1ea13,722651,Gravity Crush,BT1-090,digimon_catalogue_name,1.0.0,candidate_only
digimon,28e809f585a05284d3aef4128f12b1d3efe2a56dd5c8cfe97cd25abd7d8b9664,807844,Alphamon: Ouryuken Ace,BT20-060,digimon_catalogue_name,1.0.0,candidate_only
digimon,291daf12e71b9a922d950682345ac9e4371533bdd5368902c96253a4b59a557f,756204,Omnimon,BT5-086,digimon_catalogue_name,1.0.0,candidate_only
digimon,29e1bbe05ae3592319cad817620008a7aadaa2a05f49c5d3214094340f31ed61,806608,Veemon,BT11-023,digimon_catalogue_name,1.0.0,candidate_only
digimon,2a19430983b987f3de4488b7167386f0f749aea5c264ff837a7e57cc43f5b841,803509,Close,EX8-067,digimon_catalogue_name,1.0.0,candidate_only
digimon,2a2045226789d330519cd3d1570118be9330614ba684aa1bee8a79bb86bd5161,679457,Sistermon Ciel,BT10-085,digimon_catalogue_name,1.0.0,candidate_only
digimon,2a7571ef61b9851666f99affdad2708b74c68a7983b257f0f3ae865e6966fa9f,789149,Black Memory Boost!,P-039,digimon_catalogue_name,1.0.0,candidate_only
digimon,2a95b157547148478a5e2b8c4d68500edf77405b55532295ca8ec9d202ccdf07,785197,Venusmon,BT10-042,digimon_catalogue_name,1.0.0,candidate_only
digimon,2ab4a8bab4720557727253b4a936103f69143df4d14a989713fe9524957e8864,871145,Vortexdramon,EX11-074,digimon_catalogue_name,1.0.0,candidate_only
digimon,2af85377cd8b6e9fb6c780eb399b28f65ba8be2c2f0f128d6053f44341334f91,807842,Jesmon GX Ace,BT20-021,digimon_catalogue_name,1.0.0,candidate_only
digimon,2c45c66bc6916cd78131ccc78e67ec96d2f96c0498f796d313e20fc2883b8346,620519,Lucemon,BT4-115,digimon_catalogue_name,1.0.0,candidate_only
digimon,2ca350149c6ec0605d5e56e598c9a1e410bed60f275a6ea747d172daf38f08b4,722661,Flame Hellscythe,BT8-109,digimon_catalogue_name,1.0.0,candidate_only
digimon,2d65c565d52cb3585215984eaaf06e235ed8ab6da16942bd4f5ca2599c0e4c62,740437,Palmon,BT14-044,digimon_catalogue_name,1.0.0,candidate_only
digimon,2d661efe1f50963663a3cbb3004a4254ff76cc0c01dd60191fa6e53f3ea67b15,873649,Gallantmon: Crimson Mode Ace,BT17-018,digimon_catalogue_name,1.0.0,candidate_only
digimon,2e85f0926a9a3055748500305c09753efc06833865cc093dac1a661061833bbc,650429,Lilithmon,BT3-091,digimon_catalogue_name,1.0.0,candidate_only
digimon,2e91e7b7c57533aeb543e1002fb1620fb9e4c18a6c899ac74e60bc722532a6f4,758911,Double Typhoon,ST17-11,digimon_catalogue_name,1.0.0,candidate_only
digimon,2e9845f3d49baf461187194b3e1224a76ddd62e490d3a399fcb60b9e7a4f086f,701987,Beelzemon,ST14-08,digimon_catalogue_name,1.0.0,candidate_only
digimon,2edee6e7cd74e1dea0d4439a27ac922e3919da7546a3dba36674137744c3b4be,835185,Ariemon,BT22-028,digimon_catalogue_name,1.0.0,candidate_only
digimon,2ee527bb5e64e1a4389f2ddc17cd1e4cdc11542aedb513d3796bba14ad7564aa,786238,ShineGreymon,BT12-043,digimon_catalogue_name,1.0.0,candidate_only
digimon,2f26238e0bdd2feddef408303d383ec09d81a65285388187d1b64121cf18efd2,669320,Alphamon: Ouryuken,BT9-111,digimon_catalogue_name,1.0.0,candidate_only
digimon,2ff59250034166be4b31db5ffe329077a43ab2d02b3c114f22236367c3ca9549,864215,Diaboromon (X Antibody),BT24-065,digimon_catalogue_name,1.0.0,candidate_only
digimon,307eeadf8b0d4f35d0c46f1280f4a3f005e040195363403cfd91e9df67bcb021,708456,DarknessBagramon,BT12-111,digimon_catalogue_name,1.0.0,candidate_only
digimon,30a7b8ba1c35a901bebf350774cff7b1914fe4a15ede8d0413ae3d4fcf136f2b,650354,Gallantmon,BT2-020,digimon_catalogue_name,1.0.0,candidate_only
digimon,312f036bf3585793dc9e4672e6425114f217ff873b382e18d5b2e92cd751817e,864243,The Crossroad Witch,BT24-086,digimon_catalogue_name,1.0.0,candidate_only
digimon,313672e3b3739b1e9fec076dcad9c8a912dc7b86941fe86258b7cb7c59c341b9,775348,Mastemon Ace,EX6-029,digimon_catalogue_name,1.0.0,candidate_only
digimon,324800384b10719e3377d28548eea03ca1412fb24b893c72ecbb345023a01006,777510,ShineGreymon: Burst Mode Ace,BT17-041,digimon_catalogue_name,1.0.0,candidate_only
digimon,324e98f3a75583c11b4f78ac74d204a9906a9a52c03a95de76ce072f62c4fc5f,744176,Fenriloogamon,BT14-081,digimon_catalogue_name,1.0.0,candidate_only
digimon,32508ce10d31603488488d847f098f8396a3b74af27b01ff00975e32a682acd8,765862,Ouryumon,BT15-067,digimon_catalogue_name,1.0.0,candidate_only
digimon,32bd85ac067be60d9104b0430584e3fc4aac31b04df6a2ddc79fe25e1ea46acb,864237,Hiroko Sagisaka,BT24-083,digimon_catalogue_name,1.0.0,candidate_only
digimon,335a03a4eb6375be98f1f3ddb334efa9922f607f9d5e62ecb3894ebfe6c4011f,871010,Medusamon,EX11-012,digimon_catalogue_name,1.0.0,candidate_only
digimon,33b6a5aa4174abbc74f4e6a2290d74770a333fea3e19930111cf2d6f901f3d5b,755707,Gatomon,BT15-037,digimon_catalogue_name,1.0.0,candidate_only
digimon,33e202ffb7c94d04264119b28f8cd83d0bb8bf6ddec6d4c0867c7ba2be99db45,829996,Omnimon Alter-S,EX9-021,digimon_catalogue_name,1.0.0,candidate_only
digimon,33e29e5c05a06550f3df87c1e46ae67c9a82c996511eb34218e9c0513ed9d9ed,817749,Omnimon,BT13-112,digimon_catalogue_name,1.0.0,candidate_only
digimon,34b68eb3d5e6f0184f2ee8a2c151406fb41f32ba5ac746aa8e823b8ea729cfb9,786095,BeelStarmon (X Antibody),EX7-073,digimon_catalogue_name,1.0.0,candidate_only
digimon,34c249b58e7db1273ba9514c03bc60078af70b80681e06c8e9fb75350ffcd2c5,755687,Garudamon Ace,BT15-014,digimon_catalogue_name,1.0.0,candidate_only
digimon,34d946514ceab19aad1800dc0424f43c310e41d59e239ec7da611f251ce5780d,879358,MetalGarurumon,AD1-014,digimon_catalogue_name,1.0.0,candidate_only
digimon,34e972d4cab64fd868e5556ff6daad53ca6f753bdc8c6dc2a1ae8fbaf78019ed,777508,Gallantmon: Crimson Mode Ace,BT17-018,digimon_catalogue_name,1.0.0,candidate_only
digimon,3548d06e6f4ebbe5d23f1c3fae1a0ba6e01e76c29c0e1132131702c6b1243968,812058,WarGreymon,BT17-015,digimon_catalogue_name,1.0.0,candidate_only
digimon,358e4438c620892700d7950cb7c6f585ab6fc8a625efdbea1938ba03ca81450e,652326,WarGreymon,ST1-11,digimon_catalogue_name,1.0.0,candidate_only
digimon,36adc29aafeaee8536151c8e66279afc5453f56a8c5fcf25b1673d40f61c4654,885313,Monarchlizamon / Final Judgment,BT25-057,digimon_catalogue_name,1.0.0,candidate_only
digimon,36ee7e6ebe1c1b83144c154db3f75cf7646fc636f4d99f97ae30e07519e3373b,871070,Zephagamon,EX11-035,digimon_catalogue_name,1.0.0,candidate_only
digimon,374b1e330958a2bf0f2c47b7df516ec1e9ed179a648d627eded0d013bf3772c2,872839,Crescemon,BT22-073,digimon_catalogue_name,1.0.0,candidate_only
digimon,38b773e06db8514a1ceedd8c7775b60e725ed93d10a103c6248d2395241c2e4d,650010,WereGarurumon,EX1-017,digimon_catalogue_name,1.0.0,candidate_only
digimon,38f74aff6a67e530d138e5f742ca8f5b7544516375713cbc66a69680714dfc04,669295,Gaiomon,BT9-068,digimon_catalogue_name,1.0.0,candidate_only
digimon,39757a038774f85fd836467e58346e49bd4db6f41968df7de756ed1058df2e44,722622,Magnamon,BT13-040,digimon_catalogue_name,1.0.0,candidate_only
digimon,3978ab5aa0b40049d45ff129842dbef57de31945982e33f07995fda408c6270a,793622,EmperorGreymon,BT18-018,digimon_catalogue_name,1.0.0,candidate_only
digimon,39f255f1396be431c032e168eb3efc51f3aa8fb80966beedfa156473da7d440a,862155,Jesmon GX,BT10-112,digimon_catalogue_name,1.0.0,candidate_only
digimon,3a242470beb6a33dd61263ec823eb5b8126ed41a40cb8b2acadd3762a55217f7,779758,Fenriloogamon: Takemikazuchi,BT17-101,digimon_catalogue_name,1.0.0,candidate_only
digimon,3a5d4ef67bb057179186a7ca206409f850b9b17fad0c2701e914618956bc56f6,872833,MetalGreymon,BT21-061,digimon_catalogue_name,1.0.0,candidate_only
digimon,3a9cfd3298238d3509938e383cdb3c88a9337e45bb9da50bedc1ba3f741480b5,722657,Matt Ishida,BT6-088,digimon_catalogue_name,1.0.0,candidate_only
digimon,3ab38ca11e736b0a04e49f3cee5478ac7d3385b279bb546e81e8327f696e838f,878097,Rina Shinomiya,BT11-112,digimon_catalogue_name,1.0.0,candidate_only
digimon,3ae93517c8e5f5b80b216afd3404992870affe531d1b31d434fa091fa621ea27,801960,Gallantmon (X Antibody),EX8-073,digimon_catalogue_name,1.0.0,candidate_only
digimon,3af2ae0ac85cceff29391b5f2526dcb7247b4e463989e2dd5d5aea91c09121c8,744170,Lillymon Ace,BT14-049,digimon_catalogue_name,1.0.0,candidate_only
digimon,3b39731df73f05f727ca8a10b5453599635cbd75e08b33428166c25cf13a4aaf,847059,DarknessBagramon,EX10-059,digimon_catalogue_name,1.0.0,candidate_only
digimon,3b68e0b11ba7bf7a97272db4bde4c8491f739d459dc41b8da6b126b00520d4b6,769489,Shakkoumon,BT16-063,digimon_catalogue_name,1.0.0,candidate_only
digimon,3bba4508175a0a22637280a1d7d408f2c6ce1d4c6adaa2a91fcaaa369e26d3f2,722638,Dynasmon,BT13-087,digimon_catalogue_name,1.0.0,candidate_only
digimon,3bcf4317f190e4d86aef673ef6989b9227a989666aeb7b4f005ae2ef628bbb98,650308,UlforceVeedramon,BT2-032,digimon_catalogue_name,1.0.0,candidate_only
digimon,3ccd64b27a4e463c4d17f84929a3fe07ef5e0bfc538144b4de768a491ddcd6d0,886288,Monica Simmons,BT25-091,digimon_catalogue_name,1.0.0,candidate_only
digimon,3cd05c90f4a0a7c80abeb3bd7188c872c8c46717c875381de8f97f15d17a5c96,793624,Millenniummon,BT18-019,digimon_catalogue_name,1.0.0,candidate_only
digimon,3cdea0f91efd0882c4e78ab9719693930909e38fe05a858e75a5f3effd358007,743732,Beelzemon,ST14-08,digimon_catalogue_name,1.0.0,candidate_only
digimon,3cf222c383cd3be8d8bf98608fdfe11fa043988a1a055f9902c069989d869597,722635,Rosemon: Burst Mode,BT13-060,digimon_catalogue_name,1.0.0,candidate_only
digimon,3d2233648abf76825bed5681ae05f1a8c4739c42c4cf93bfdad72c2b07875f24,621088,Agumon,EX1-001,digimon_catalogue_name,1.0.0,candidate_only
digimon,3d63bdbf4e46c8545ad5e2baba417ac27230bc3e4c789c121024523d7fac2fe5,749781,Leopardmon (X Antibody),EX5-043,digimon_catalogue_name,1.0.0,candidate_only
digimon,3dc4a02d32c80dffc7127ad791f97731e8fb1a6190a3fb31cd8f943f0b485c35,703698,Yuji Musya,BT8-092,digimon_catalogue_name,1.0.0,candidate_only
digimon,3df71b8fc5b0fc3ef0583d5febef1df63897b4204b042a972b1e0fcee818ee74,806219,Impmon,BT19-067,digimon_catalogue_name,1.0.0,candidate_only
digimon,3e3d42457001f400e7b87e151e5e078ca483465e6730a5e1f09285546ce5bfaa,650306,Veedramon,BT2-026,digimon_catalogue_name,1.0.0,candidate_only
digimon,3e9f1215127fab2b5523d24e13a9a2cb028162473be11ebf5a900e71f84931d2,743354,Loogarmon,BT14-074,digimon_catalogue_name,1.0.0,candidate_only
digimon,3f8634badef90ca72b7437deae0d771dd5f579168ea522452fe60aeb546698f9,879347,WarGreymon,AD1-004,digimon_catalogue_name,1.0.0,candidate_only
digimon,3fb23bcec1ef46603541b67745498ea57ac86c404616aaf2478dbbf75ff98b7d,853014,Erika Mishima,BT23-084,digimon_catalogue_name,1.0.0,candidate_only
digimon,3ff7ae2c70db95117d721c5be0b4143b81140db05b49719d526e9743e3b4caf5,844268,Heaven's Judgement,EX4-068,digimon_catalogue_name,1.0.0,candidate_only
digimon,403d24a489cd5e9988690dff284fdcefef4f51d86384ea1bfe6457398cc4def3,786088,Arisa Kinosaki,EX7-063,digimon_catalogue_name,1.0.0,candidate_only
digimon,40e615b642adcfd0836cca6832daa2552c4d0b96ee3a30e5a6b1a9141aaee4bc,873554,Aldamon,AD1-002,digimon_catalogue_name,1.0.0,candidate_only
digimon,4185e33d7c1ffcb23f397a8ec5c76a1ae7e09d1c67a46728ae778a220e058f0f,744175,Loogamon,BT14-071,digimon_catalogue_name,1.0.0,candidate_only
digimon,4199c7775f50b42be330d0e3dd5824ed118ad27202a3eb3228af0274b2f8f615,769521,Magnamon (X Antibody),BT16-102,digimon_catalogue_name,1.0.0,candidate_only
digimon,41bbd1ea22e96c29f282d970491d18f77dfaa4247b2bd4698276d3d547c4cdec,716117,WarGrowlmon,EX3-062,digimon_catalogue_name,1.0.0,candidate_only
digimon,41db877fb1e40af0154fe706b8b204aa5c60d1bf4f685754ede5dbae24311b23,847063,Apocalymon,EX10-061,digimon_catalogue_name,1.0.0,candidate_only
digimon,420509603ed90fabc765eac5ebedaf24be84fc406a1596af06063b08f0196bfb,722636,Alphamon,BT13-075,digimon_catalogue_name,1.0.0,candidate_only
digimon,4248592a13f560f20e6b83e78bcd208ac4a4faf33df1b15ce5d1a3fa25e00353,818303,Agunimon,BT18-011,digimon_catalogue_name,1.0.0,candidate_only
digimon,42bad047f8428b20f628d10eb6e423e26118bd329eaeb912a11c4a29f71c4eb8,873685,ShineGreymon: Ruin Mode,EX4-074,digimon_catalogue_name,1.0.0,candidate_only
digimon,42ec6e56517ca9ec1f53dbe8361119870581b34702950f10bd0ee768b35d01b6,650369,Kabuterimon,ST4-08,digimon_catalogue_name,1.0.0,candidate_only
digimon,43784ed8fcfbaadad5b1b9603a6b8b50ca0ca893301707620695fbbf59c8f25d,835264,Arata Sanada,BT22-091,digimon_catalogue_name,1.0.0,candidate_only
digimon,43ae63d73c64a4280bb5145372e4556e1c205b214197a2a44b12a1762509fd8f,743729,Beelzemon: Blast Mode,ST14-10,digimon_catalogue_name,1.0.0,candidate_only
digimon,441c196995c393033eebad2b1cb203fc466db38b3793121091570298f4436cb0,755708,Angewomon Ace,BT15-038,digimon_catalogue_name,1.0.0,candidate_only
digimon,451e8de121a5ff9ddc79321bad8111fd5929248e654842cb8f00944521b5ee0a,755676,MetalGreymon Ace,BT14-014,digimon_catalogue_name,1.0.0,candidate_only
digimon,4588b42ee094fed16604a413ba72ff557fa92c6a8eb192d6ad5e3d6d4371f931,786097,BeelStarmon (X Antibody),EX7-073,digimon_catalogue_name,1.0.0,candidate_only
digimon,468a84e50095064f9011e02905192e583a6bc327e4e57a2f9bfc85909e8d76ed,620130,Gallantmon,BT2-020,digimon_catalogue_name,1.0.0,candidate_only
digimon,4707a6a9d8c246f14351574e53b7de9bf9e3a63ca505098c2cc6d5c7e850cc6b,786096,BeelStarmon (X Antibody),EX7-073,digimon_catalogue_name,1.0.0,candidate_only
digimon,471997785548f8e80a394e73f9809ab39c1f32e2bd53a35ed6b36d394df64c90,732755,ShineGreymon,BT12-043,digimon_catalogue_name,1.0.0,candidate_only
digimon,479b3a2aae446775b4ff2419baaffa57a185e1a8705d85e2af6dc266ca37847b,719877,Gaiomon,EX4-048,digimon_catalogue_name,1.0.0,candidate_only
digimon,4810216ca21173fceade162be486d5ada8c6cfeddeb20bbd046d22f06b78bbf9,885320,Rebootmon,BT25-060,digimon_catalogue_name,1.0.0,candidate_only
digimon,486ce61633bd63caf2e344738df1123bd9f57e379e7a2e67d31454d8a6af7eba,744177,Eiji Nagasumi,BT14-087,digimon_catalogue_name,1.0.0,candidate_only
digimon,487b9a0a8ffa72d74234daeb5f3063162a9b8228492c6b351ba6939fc7ca7091,793643,Lucemon,BT18-034,digimon_catalogue_name,1.0.0,candidate_only
digimon,488fce79430c9393dac827920287b74c346d2a35afb2ec1591254409b5f87644,802700,Veemon,BT11-023,digimon_catalogue_name,1.0.0,candidate_only
digimon,48ceeb43363a51b37408d301ced4b04ce4526f54c21ddbffec2dc46903b10b0b,765847,ZeigGreymon,BT11-031,digimon_catalogue_name,1.0.0,candidate_only
digimon,48f54d64c9149fdd948119cefa452029a678d99cadf7ee98931c6240292f887a,756185,Seraphimon,BT14-041,digimon_catalogue_name,1.0.0,candidate_only
digimon,495eaef276c3e40d2b384881ad6894796c85d539660412f9c68e3bfca6802e7b,752509,Arisa Kinosaki,P-136,digimon_catalogue_name,1.0.0,candidate_only
digimon,497c474beeb4409d76ccc898c96e11b4c989cb8ba4c44aeb0d9b33d4194841c4,673852,BaoHuckmon,BT6-011,digimon_catalogue_name,1.0.0,candidate_only
digimon,499f82dc0446e91f1123149c04ea53277df25e574c171004aa6c1ea0c9dc6aec,744173,Brigadramon,BT14-068,digimon_catalogue_name,1.0.0,candidate_only
digimon,49b27f5fe9bdfd2df53f82c3e662f365277925b19c40cfad03a89882374821b2,756181,Gankoomon,BT13-019,digimon_catalogue_name,1.0.0,candidate_only
digimon,4aae6724b81365dd8a33a1c536935d4e4f1f6f2469731db43201843a43ae950f,650378,WereGarurumon,P-008,digimon_catalogue_name,1.0.0,candidate_only
digimon,4b2f5a48782ac0efb323905c5fe4f46d07e988d78bc090b4956c8dd89954b854,873558,Gallantmon,AD1-008,digimon_catalogue_name,1.0.0,candidate_only
digimon,4b35491a78e33efd79d6230365317cab434694f3263f28931114519773a2a761,731715,Proximamon,RB1-036,digimon_catalogue_name,1.0.0,candidate_only
digimon,4b455309410a6b93dc5b55a12a5c4daa26e07edf3d543a553c086184e94c2080,653667,Kimeramon,BT8-084,digimon_catalogue_name,1.0.0,candidate_only
digimon,4b85a224d85785e603d416b093af9aebd0a84506b9b2d3d42a8ca1f04a7ec897,744169,Palmon,BT14-044,digimon_catalogue_name,1.0.0,candidate_only
digimon,4bd1cdad743a7d0d1fb99d73f1226a4f781048812b1f47453ed87cf809b66282,775369,Lucemon: Chaos Mode,EX6-054,digimon_catalogue_name,1.0.0,candidate_only
digimon,4c7dfd38933ba9a71da35b9b39759513c946159e533de07d98759a01a1014b45,851825,Jesmon,BT23-013,digimon_catalogue_name,1.0.0,candidate_only
digimon,4c89606ed3beb839375c87ed95fba5c3e748b5852dbeab588895be07f62b718a,835250,Yuuko Kamishiro,BT22-083,digimon_catalogue_name,1.0.0,candidate_only
digimon,4ca78906a8939c2224156e7c88df9dcf0e7ee9849b1d6814799ccd7ca8f69567,871045,Cendrillmon,EX11-024,digimon_catalogue_name,1.0.0,candidate_only
digimon,4cea26debfff840996ac04e2ea0e72a5148f75db84ce6ccc595d2aa61878ea0b,708376,Takuya Kanbara,BT12-088,digimon_catalogue_name,1.0.0,candidate_only
digimon,4e3f79aa7e4deee0311e30d6e230567f2974d35240feebf44d0c227cb3a9f434,807849,HeavyMetaldramon Ace,BT20-077,digimon_catalogue_name,1.0.0,candidate_only
digimon,4ed14c099b1bda70d537975f18ca1f4ab740b8c47735ecff14eb7be386378201,835269,Ami Aiba,BT22-093,digimon_catalogue_name,1.0.0,candidate_only
digimon,4edd36469fa4b955a377fcea837d37dc4b54f55e144a7b6f828e1d3eb77bd671,732743,Shoutmon X7,BT11-019,digimon_catalogue_name,1.0.0,candidate_only
digimon,4f50ae373fb8b0e7e54f422eb2e39159e69839a68cf6161641b41ec04e1f6f44,775344,Seraphimon Ace,EX6-028,digimon_catalogue_name,1.0.0,candidate_only
digimon,4fa4ff85ebc795040501118c21a3ddee606c94839541d48feff1a7753746fb48,744167,Paildramon,ST9-05,digimon_catalogue_name,1.0.0,candidate_only
digimon,4fba3cf2ea5f02292e9b8f027ebe17249e5c07ae805f3a5a40ac1aec57353b59,809484,Chaperomon,EX7-027,digimon_catalogue_name,1.0.0,candidate_only
digimon,507adf288a7a62e2d1ed9f5da5809340da74dd48347f51d49379901a4978218d,879363,Izzy Izumi & Tai Kamiya,AD1-022,digimon_catalogue_name,1.0.0,candidate_only
digimon,50c042e08a109d09a88e783b160aecb55ed637b1f695fcdfcb81df3958160df3,716119,WarGrowlmon,EX3-062,digimon_catalogue_name,1.0.0,candidate_only
digimon,50c64a35ca0ea472564755989be3679fde6a9c11f97486d2386dc318fa49a05c,650849,Imperialdramon Fighter Mode,BT8-032,digimon_catalogue_name,1.0.0,candidate_only
digimon,5187804b6a7bbd965a7156545d2deba253aba677a648394a9e06820fe909a93c,860894,Lamiamon,BT21-025,digimon_catalogue_name,1.0.0,candidate_only
digimon,5196a973b55875141694b9f6b841fe52167dad4d7827477710625f722a517ef7,830030,Megadramon,EX9-064,digimon_catalogue_name,1.0.0,candidate_only
digimon,51d115456f2178a7a28aef9da0174c8bf16df19b14b8f27f0cc26442471ccd73,835285,Sayo,BT22-102,digimon_catalogue_name,1.0.0,candidate_only
digimon,525499de34d72eb1af97602a32438292c0f1ae1151725134791e66dfd2c02e25,828826,WereGarurumon: Sagittarius Mode,EX9-019,digimon_catalogue_name,1.0.0,candidate_only
digimon,528f46bfc3e5c852abf4fe50ae48df23234f6839b56cd8e793d50e78cf520285,885369,GraceNovamon,BT25-103,digimon_catalogue_name,1.0.0,candidate_only
digimon,52eebeb74d5d7f985fbd68117a47f5347f2a64f92b5968feadf8ab517b57356a,653247,Megadramon,EX1-007,digimon_catalogue_name,1.0.0,candidate_only
digimon,53568f60b4037cc55cddf21360970d9cf879a7f3954e73e6d6c9e9c2072e2bec,870981,Ghostmon,EX11-048,digimon_catalogue_name,1.0.0,candidate_only
digimon,54118224a75f9dfbf78b320a5548e4deba82824afffabacf01c6e463dc5c60c1,835260,Mirei Mikagura,BT22-089,digimon_catalogue_name,1.0.0,candidate_only
digimon,543b8ef6d9b1e809056107654bef6a4d805f8978f1168a09328fd7d953794cb4,732761,Siriusmon,P-088,digimon_catalogue_name,1.0.0,candidate_only
digimon,543f59698a5241149242bd4b5bea9c920af2364e674c40675795376565148b42,873605,ExVeemon,BT12-022,digimon_catalogue_name,1.0.0,candidate_only
digimon,5527673e6126f7b19ae8273c192ab210f17175bf4ae4251563e586ddafb35808,653257,Andromon,EX1-048,digimon_catalogue_name,1.0.0,candidate_only
digimon,55da7671f40991bbcb42a79ca9b7901b250af78e6b0f9d033fb9cd98df83a9c9,811011,Shoutmon X7: Superior Mode,BT12-112,digimon_catalogue_name,1.0.0,candidate_only
digimon,5632f4d4ef13d9b7dad74ed80325e2f47e4bac661be34f5c4e68576a69f267a9,721940,Omnimon,BT13-112,digimon_catalogue_name,1.0.0,candidate_only
digimon,5661ed8fdc6ce593cbd54884cb48de43baf7998a740e067b194df2e14dc1b656,743730,MetalGreymon,BT8-067,digimon_catalogue_name,1.0.0,candidate_only
digimon,569d33c55e4c0c37f7c501e4de06ea2c07e7306f1041f07e21a34cd135648b5c,885318,Ceresmon,BT25-059,digimon_catalogue_name,1.0.0,candidate_only
digimon,56d346755d293481457c4d6cb8adbcdb75b031ee343110b041eeb0bad5706de7,885314,Monarchlizamon / Final Judgment,BT25-057,digimon_catalogue_name,1.0.0,candidate_only
digimon,56eb2fea5f3bb63798855c04c108f1c430d5ad3a36bfdbec579a7129eaebb9e9,864501,Homeros,BT24-102,digimon_catalogue_name,1.0.0,candidate_only
digimon,570a0ffa5726c82991e1052c0fea0d4ec0f360c049c6cf8a894f21cfefc24018,785209,Zubamon,P-097,digimon_catalogue_name,1.0.0,candidate_only
digimon,572533f570fcb2c3bedbd8366b37c9248b4cffc74ec0a5820097de70475ce543,837385,Arresterdramon: Superior Mode,BT21-072,digimon_catalogue_name,1.0.0,candidate_only
digimon,57e4290e2aea67c8a660679e5066ac2fea3afffddd223143e0d363cc923ff160,696449,Galacticmon,BT11-111,digimon_catalogue_name,1.0.0,candidate_only
digimon,57ec64c4292beb696ec6763ad4f41732723c11739314a4a2ae580ae8bb327b70,786160,Hexeblaumon,EX7-023,digimon_catalogue_name,1.0.0,candidate_only
digimon,57f0465b7cded93eef2f10d2cd131dd52a454b349fcf11d121fc00fd5498deb5,755746,Apocalymon,BT15-102,digimon_catalogue_name,1.0.0,candidate_only
digimon,581f73b8dc19d684c0885a0174a07dbd9c4f07ffd0da97bdf8edb25d39ae5a4e,704094,Greymon,P-010,digimon_catalogue_name,1.0.0,candidate_only
digimon,582acb49c0ab25042e0b0f5c611eb94ab565eb3f9d3fe91c189b56c4ad0f192d,669306,Ordinemon,BT9-082,digimon_catalogue_name,1.0.0,candidate_only
digimon,587a3683f81358ce360845ea14ef2b0dde3b4cbc8cd15c688cfe2ba9c85ba4ed,769480,TyrantKabuterimon,BT16-048,digimon_catalogue_name,1.0.0,candidate_only
digimon,58cdbb576a37b8667fb3caa1aa5a0a01cfb5b5dd6cc5d0fb62182e40e3e77c44,665458,Beelzemon,BT19-071,digimon_catalogue_name,1.0.0,candidate_only
digimon,58d9b8f9d18e9b0fee760cca5e24cd094959174a970f27c860a8c497371c3108,873577,Imperialdramon: Fighter Mode,AD1-024,digimon_catalogue_name,1.0.0,candidate_only
digimon,58e9590cf26a2c90314f6e644e5b48a84e818238aafcf88b0575db2a82b8685a,758232,Diaboromon Ace,P-114,digimon_catalogue_name,1.0.0,candidate_only
digimon,5964ae8637d7593bce2150fbb395464ca8cf948b822833035130945320457ae6,809465,Kokuwamon,BT8-059,digimon_catalogue_name,1.0.0,candidate_only
digimon,59a31f377337d24007f1a1b616b00b2327b630c2ee673a185389b6d27677c661,879351,Gallantmon,AD1-008,digimon_catalogue_name,1.0.0,candidate_only
digimon,59e99b6509ca3f2b53bdd948e196e3459d8c9142d9965f95e72ef87a5e1b25fb,871142,ExMaquinamon,EX11-073,digimon_catalogue_name,1.0.0,candidate_only
digimon,5a3a29cc3ae5ed89234e05b34e3b68ea45b566572b93127afc930be344586561,871148,Shoemon,EX11-019,digimon_catalogue_name,1.0.0,candidate_only
digimon,5a6379e34188f0bc3ba57a2aaad8b85b119b51d7787af3619ff50beeb338c664,775356,Cherubimon Ace,EX6-035,digimon_catalogue_name,1.0.0,candidate_only
digimon,5a79e340d1b43c5b34af09b9266566d8b9ed8f6f1fd9edbafc74cc87798527f5,793773,QueenBeemon,BT19-053,digimon_catalogue_name,1.0.0,candidate_only
digimon,5e40e10afff567cacae230818019ae3f42c7f6917e761fbe4d5a5661943ce027,722640,Belphemon: Rage Mode,BT13-091,digimon_catalogue_name,1.0.0,candidate_only
digimon,5e7e4d15ae354421f957eb79bf1732c85c111e79aa9874ae3439376344040718,743723,Patamon,BT14-033,digimon_catalogue_name,1.0.0,candidate_only
digimon,5ee3dc5b3a0c4068fbe9b994b1a6cc92f1cea11b070b5118a833b5e2cb22b060,693201,Leomon,BT1-035,digimon_catalogue_name,1.0.0,candidate_only
digimon,5faa2b62b15304815ca1cf78f0506223be9d4dccca3a3b7e940ae358568de05d,734530,Purple Memory Boost!,P-040,digimon_catalogue_name,1.0.0,candidate_only
digimon,5fd5248e62c43b388d3cb46bad84b8bbcf930f11be94623b94e5d11acfc252c8,756267,EmperorGreymon,BT12-017,digimon_catalogue_name,1.0.0,candidate_only
digimon,5fdfd3431cb3ca521c05c5b5c0438982b32a1fec76b044e535f126bf8ef83776,844981,Arata Sanada,BT5-090,digimon_catalogue_name,1.0.0,candidate_only
digimon,6021c555fb11065f1b7a153a94b2f27c309a75feddd4824083740903b19e4a3e,652324,Koromon,BT5-001,digimon_catalogue_name,1.0.0,candidate_only
digimon,60509e087dca2769dea34190a62558f40be8193ac4868c09538a9e5ad937da2f,716122,Paildramon,BT3-027,digimon_catalogue_name,1.0.0,candidate_only
digimon,614ea5b97495e1e2272637306eb35564157e74396da7dc3b3faf0a6da6749d69,793723,Violet Inboots,BT18-093,digimon_catalogue_name,1.0.0,candidate_only
digimon,61634b9a0f3d4d9768e2754701af67acead78d0831624b54dc67f22666411142,818305,GraceNovamon,EX5-073,digimon_catalogue_name,1.0.0,candidate_only
digimon,6223f8e1fcb394073290131c67dcfdd229b9d31c084ed5f690e057c42c300e6a,835273,Yuugo Kamishiro,BT22-094,digimon_catalogue_name,1.0.0,candidate_only
digimon,6224f6410e249be2368884cef22fdfd4f57dbbcc7c1407269067c1f7d9954cd8,793690,ShadowSeraphimon Ace,BT18-071,digimon_catalogue_name,1.0.0,candidate_only
digimon,623cf9e6813b3014db4a033c04a1892c6b10c5b40c9c2c3f7642ae681e478758,870978,Omekamon,EX11-053,digimon_catalogue_name,1.0.0,candidate_only
digimon,62bee96d13ba6809be15fd194e384e620cdbe89860dcc4dd7a497a54f4dc484d,769482,Dorumon,BT16-051,digimon_catalogue_name,1.0.0,candidate_only
digimon,6431d91e8a9f24a96a7b3fe36aa87fa6d732d46da0ac9fdc86369c9681f02f26,778479,Veedramon,P-138,digimon_catalogue_name,1.0.0,candidate_only
digimon,648ad076a35e34b20546f821e8b9ea8454541d09878128bc01437348a8059bc2,766793,Magnamon (X Antibody),BT16-102,digimon_catalogue_name,1.0.0,candidate_only
digimon,649e30f11e58635b2a4b4bcfae5a1f1119a68fb6b460376880f4036cf802e4f3,885339,Bacchusmon,BT25-077,digimon_catalogue_name,1.0.0,candidate_only
digimon,64cf699ff924b4d3f8d74cad15dec8b5fc226c57469dbc8d65f3211145eb081d,811016,Shoutmon X4,BT19-010,digimon_catalogue_name,1.0.0,candidate_only
digimon,64e045420c1aed61e6cdbc657f6875a733198ba92384fab34d3d3f6b794f5246,739918,WarGreymon Ace,ST15-12,digimon_catalogue_name,1.0.0,candidate_only
digimon,65565ef8b8b29b87eaff134ae773b4b4a6502d4f3f667bd475954af8a73a8a18,835253,Nokia Shiramine,BT22-084,digimon_catalogue_name,1.0.0,candidate_only
digimon,65a23fc5f01db74ebbafb68d3ecf5c0b6d73053b5708abe70e88bb18bdd4e796,864199,Merukimon,BT24-051,digimon_catalogue_name,1.0.0,candidate_only
digimon,65e9c64f35e88234e8c27e2185afd36876f4eaac964f5ff008b34635693618a8,870977,Vemmon,BT18-060,digimon_catalogue_name,1.0.0,candidate_only
digimon,66964c83ccb0f492f822186dde69b0fbc25938834542dfd9fb2ae5cf59538ca0,747914,Gankoomon,BT13-019,digimon_catalogue_name,1.0.0,candidate_only
digimon,66e466f4abb164a3cb3ae492ae411b6a74df62993ccc922f7edafd1d50049d06,743344,Pulsemon,P-069,digimon_catalogue_name,1.0.0,candidate_only
digimon,66ff2cca22552c57d2db7b2420a526f27a83f7c16c48cb3e66c593905ec0bf82,785188,X Antibody Proto Form,EX5-070,digimon_catalogue_name,1.0.0,candidate_only
digimon,68319daa94e9aa80788824139b241131ee5263ffb0eb3b3a80921b9f4c268702,879365,Omnimon,AD1-025,digimon_catalogue_name,1.0.0,candidate_only
digimon,68c26d088f73f18bbe6df8196d0d77d6a0a812d1ba5c6646553900909a2da936,650392,Hammer Spark,ST2-13,digimon_catalogue_name,1.0.0,candidate_only
digimon,68dd4fee37d16898756a384fe22f412bf6278e532d661f30cc2dfe6f692b9a4a,708448,Arresterdramon: Superior Mode,BT12-083,digimon_catalogue_name,1.0.0,candidate_only
digimon,69968489eb22575eecc261ed7c48e50a1c2e25828f8d6e1956ec3ac4d5abb670,769465,Vikemon Ace,BT16-026,digimon_catalogue_name,1.0.0,candidate_only
digimon,69e2a33caba5a0a3a832fd08c299be7b174ef8f8f4a8cbb9597b39276c85bef0,679804,Alphamon,BT6-111,digimon_catalogue_name,1.0.0,candidate_only
digimon,6a369a77ff62ca2889b055785b79e8686dec1103f1cb6915a860631656fa2bd3,853015,Ryuji Mishima,BT23-085,digimon_catalogue_name,1.0.0,candidate_only
digimon,6a58b4704eed72a4f4422125c99a316b5227a2df4f6033a66c3280e7eba9ec1d,854908,Lunamon,EX5-016,digimon_catalogue_name,1.0.0,candidate_only
digimon,6aa143a2940d4b3ef89d9c97899519bd737840a76207675f958507c9ae6d86e8,755736,Leviamon (X Antibody),BT15-081,digimon_catalogue_name,1.0.0,candidate_only
digimon,6ac450ede36335994bcd34966c3bcd7bdddb3f54686eef712f02316a6d1d491b,873565,ShineGreymon,AD1-016,digimon_catalogue_name,1.0.0,candidate_only
digimon,6aeffc3703f5c5607200a259a292b6b0dc7c86ad4d02e9f5c8cad56fba7557ab,769514,Cody Hida & T.K. Takaishi,BT16-088,digimon_catalogue_name,1.0.0,candidate_only
digimon,6b30f5da28f445f5c05a9d16aed8f0f0a6e194c26e55f36bcaad39c32fb29a1a,779668,Gallantmon: Crimson Mode Ace,BT17-018,digimon_catalogue_name,1.0.0,candidate_only
digimon,6bca55dc9dfd00406731aa6ca46b6f2416a4eb15015c058860741b882dafca64,620171,MetalGarurumon,BT1-044,digimon_catalogue_name,1.0.0,candidate_only
digimon,6bcaeb642006925f4cc14166d630a0362c3863c2c7bd3a02aa58ea5c78397d6f,663535,Gallantmon,EX2-011,digimon_catalogue_name,1.0.0,candidate_only
digimon,6c28e9a6516b5df61929e18d0738b0f1f8e4963caffc0ddaaad1f40723e066f8,774516,Mirei Mikagura,EX6-074,digimon_catalogue_name,1.0.0,candidate_only
digimon,6c82f087f32616dc78f6d965f037d0293753d7410672f49766a9d06c43f067eb,775370,Beelzemon,EX6-056,digimon_catalogue_name,1.0.0,candidate_only
digimon,6cecaf594ad8e4911814dc17015ed3513a666743ea0de86151a49da232d61d48,653263,NeoDevimon,BT4-084,digimon_catalogue_name,1.0.0,candidate_only
digimon,6cf4a1bb16889214a4e207cf59404e810acdeba339ddbfe35db3b0ef639ef18d,851861,Erika Mishima,BT23-084,digimon_catalogue_name,1.0.0,candidate_only
digimon,6d929bfee427ca4fbce06693d2a548f2be3d8c6987d77f533d8075d23eb4cfa8,620267,BlackWarGreymon,BT2-112,digimon_catalogue_name,1.0.0,candidate_only
digimon,6dc5ec919695ff940884b3ab63786197d8dd3feba31342923707204a08897150,872965,Canoweissmon,BT21-022,digimon_catalogue_name,1.0.0,candidate_only
digimon,6dc734fa7229362c0913f46355a405afbbdf4b2d199033a2f435d834a1947a18,755709,Angewomon Ace,BT15-038,digimon_catalogue_name,1.0.0,candidate_only
digimon,6df8937b66adb38ae3f927079b2f7eb4e0457a8c1537de3adc9bd1422a0562fc,851850,Dullahamon,BT23-071,digimon_catalogue_name,1.0.0,candidate_only
digimon,6e44f000145b012fa9e7acfbdd5005c7cad3bef0b99f9298cb05ea20efd656fb,653252,Parasaurmon,BT6-048,digimon_catalogue_name,1.0.0,candidate_only
digimon,6e7750dc25f3360abf8f13cd831c248283626f27bae44b90154185b0ae13680f,775367,Diaboromon,EX6-043,digimon_catalogue_name,1.0.0,candidate_only
digimon,6ed21a4c7af3241b4b3c12fa68b05e8dc33b851489088fe3834437440927cce6,871074,Espimon,EX11-037,digimon_catalogue_name,1.0.0,candidate_only
digimon,6f0a5dbc5988cc7affdae80aa9438baf7b4b014c15dcb602076011188b4b94b7,885315,Monarchlizamon / Final Judgment,BT25-057,digimon_catalogue_name,1.0.0,candidate_only
digimon,6f568f878348fadd228066217ad83f178f8cfc8795fb7119486c15402d1225d1,785204,Gate of Deadly Sins,EX6-006,digimon_catalogue_name,1.0.0,candidate_only
digimon,6fb1fcee28d991ea2ab802f36579993ce3149b88c50e23c2c8b3da7b55ec1e97,879353,BlitzGreymon,AD1-009,digimon_catalogue_name,1.0.0,candidate_only
digimon,6fca80bdb9442a591f7f7810c7415b4e3c308d797b23cb97bf79b3c96e3cda31,829987,MetalGreymon,EX9-011,digimon_catalogue_name,1.0.0,candidate_only
digimon,6fed3305cfec1fe2f90adc06e3f20f8535da542bd801f821df66f1d12ab9cba4,755679,Lillymon Ace,BT14-049,digimon_catalogue_name,1.0.0,candidate_only
digimon,703f9504a970ebe2c050d6c7a81c2ae671c42ab0d8089f513b8b1fbcfac2de51,679768,Bloomlordmon,BT10-057,digimon_catalogue_name,1.0.0,candidate_only
digimon,709516d20fa87b90776f0b66ee5e27145e586eedef2cce345189f9e3bd6d8263,665442,Guilmon,BT19-007,digimon_catalogue_name,1.0.0,candidate_only
digimon,709c7d0a52ebcf22aebad4232657abb33b16128ad77c99d6957b4204e4ae36c7,820309,Zephagamon,EX7-036,digimon_catalogue_name,1.0.0,candidate_only
digimon,70ed37529886a1e6b35a4134ae2a3b6bb17e84dd11670310153de767cdd2bdfd,806635,Imperialdramon: Fighter Mode,BT20-020,digimon_catalogue_name,1.0.0,candidate_only
digimon,70f5b31eb3f3aa3607e5d0aa071c532c9226afeccebfe02c779eb38608f0b49c,653664,BlackWarGreymon,BT8-070,digimon_catalogue_name,1.0.0,candidate_only
digimon,716975d3633a25567d6b7d770c25f357a4157422559fcc1ea02d95c8442a34d2,872966,Siriusmon,BT21-028,digimon_catalogue_name,1.0.0,candidate_only
digimon,71e711f012a59f482d68e85fc7ca307545ce0d4a52aa4fa900dc67741e61bb5e,872789,Zenith,BT18-092,digimon_catalogue_name,1.0.0,candidate_only
digimon,71fd65051db5c1bad6d88c8259f9e693e35404ca03bf38b5a61a9367dfe014b8,665462,Rika Nonaka,BT19-083,digimon_catalogue_name,1.0.0,candidate_only
digimon,723b8978773918cb0c26cab86d3621ab28a831c66b95c47adb77ca85f9ece2f2,743337,WarGreymon,BT14-101,digimon_catalogue_name,1.0.0,candidate_only
digimon,725eed58c4e92fed7d99d745d060334d51acd61b1dc33cff0c20e6231636e8ea,675825,Jesmon GX,BT10-112,digimon_catalogue_name,1.0.0,candidate_only
digimon,72790211dee57138011235312c8e009a918990e4e19e89e27d33d3ff050cee1c,885259,Marsmon,BT25-020,digimon_catalogue_name,1.0.0,candidate_only
digimon,72e70a04089563597c094611b7702d4fdc5c9dd3b9564b3bff552b96d653e154,740369,Patamon,BT14-033,digimon_catalogue_name,1.0.0,candidate_only
digimon,730634195d21559d6d589174d79f85e8a9127b57bb30d4439ea77f187436934c,793801,ZeedMillenniummon,BT19-101,digimon_catalogue_name,1.0.0,candidate_only
digimon,734e51ca88f6c66914d4dbef6adda2df04312e497f72414202aacb47d35bba0d,786142,Volcanicdramon,EX7-014,digimon_catalogue_name,1.0.0,candidate_only
digimon,739efb622f0485dce92721e0034680e69b518e64fe74659f93f68da4cecb15d7,722644,Omnimon,BT13-112,digimon_catalogue_name,1.0.0,candidate_only
digimon,73b237bd05edfe09bab6a43d785d2a9777a9f2e85a206aada2bffc7b797c6709,744900,Shadramon,P-110,digimon_catalogue_name,1.0.0,candidate_only
digimon,73d37cad844214e259964a4bb968a231f852f264609193508b95e971c4990906,786242,ShineGreymon: Burst Mode,BT13-020,digimon_catalogue_name,1.0.0,candidate_only
digimon,74f579a755265d060048dadd2849a6dcc452fa4503a588a70502ec15fe911220,755741,Marvin Jackson,BT15-086,digimon_catalogue_name,1.0.0,candidate_only
digimon,750527a35a5f498d91d527bd42a864987f467ae99bed352b948bc01d4da805c7,847056,Magneticdramon,EX10-036,digimon_catalogue_name,1.0.0,candidate_only
digimon,752668f5f5276e5aa59a801c7748ca8b060e2ebe27247117993d9ad4a1fa74b5,755693,Gabumon,BT15-020,digimon_catalogue_name,1.0.0,candidate_only
digimon,757a824254ecf85292a52cbcd0e648f41ffb9af135c9a7e203f7d69be77fe462,789147,Yellow Memory Boost!,P-037,digimon_catalogue_name,1.0.0,candidate_only
digimon,758829bc4595ee25eebd91f582c0ead75d3702099d5ebeed783fab77c8994df3,809537,Justimon: Blitz Arm Ace,BT19-064,digimon_catalogue_name,1.0.0,candidate_only
digimon,760f3d0fbdca6d581948e2b566c1efdcbd1c52195d64b5c68df06ac12b029d52,864261,Jupitermon,BT24-101,digimon_catalogue_name,1.0.0,candidate_only
digimon,7632acfb6f85899f1dd715f5c4713fa04d6ea3bb43b19d56197d942d17748d2c,793586,Guilmon,BT17-008,digimon_catalogue_name,1.0.0,candidate_only
digimon,77130cef19776e6c92ddeea6f9df87139a5a444cb7739456dee199a2ff4f7a7d,669321,DeathXmon,BT9-112,digimon_catalogue_name,1.0.0,candidate_only
digimon,778304e287c9c5f9e9216da7329891bb7e6233471627c9ba3bc9936a2fff8576,749777,MetalGarurumon (X Antibody),EX5-026,digimon_catalogue_name,1.0.0,candidate_only
digimon,7816fe908e55705077a90e68798771c09b42caa45459bb147c6f070a77a0e6ee,707865,Tai Kamiya,BT12-095,digimon_catalogue_name,1.0.0,candidate_only
digimon,7824f6857a5b60be373e2740f604339bb6fd91b060bb7fb3dfd009150d8cc2c4,670109,Paildramon,ST9-05,digimon_catalogue_name,1.0.0,candidate_only
digimon,78285580c19fd8ac72bcfdc04edc1ba2fe5d8857f867ce9c62aad9cbfae4550a,886296,Ice Wall!,EX1-068,digimon_catalogue_name,1.0.0,candidate_only
digimon,798b075a6a6a8d4518d71a71875f80c9f403ae2f40b1109e5588557d9daa9f15,732749,Gallantmon,BT12-018,digimon_catalogue_name,1.0.0,candidate_only
digimon,79b37bc6604b4f068320d691cb5c2e7b55c7c8f6de6150fc1d7abf77972db092,873563,Beowolfmon,AD1-015,digimon_catalogue_name,1.0.0,candidate_only
digimon,79b5eb8165616757017d41805ba10cb45e32654f32570876027b51b70c3055e5,775323,RagnaLoardmon Ace,EX6-011,digimon_catalogue_name,1.0.0,candidate_only
digimon,79ed8b3936aeb02ff4f3f885533a1ab70b654be06230ee38059df5696c298381,779692,Kazuchimon,BT17-040,digimon_catalogue_name,1.0.0,candidate_only
digimon,7a58029e09acef6dbfed9344f38e91a28631e4f471abef4a57dc01929aad9bd4,871104,Necromon,EX11-051,digimon_catalogue_name,1.0.0,candidate_only
digimon,7a73d49587981f8b89677c3586199ae568471d962e72c27806063a957bc189f9,864158,Aegiochusmon,BT24-014,digimon_catalogue_name,1.0.0,candidate_only
digimon,7ab9984c14db7081427ff4ce6ec5712d37959dd282eaf7dc180632199f83dc6d,777524,Greymon,BT17-102,digimon_catalogue_name,1.0.0,candidate_only
digimon,7add513e8df5f211e0bb492649eb2455b33d114b2fdc49ff7c965900aaceb512,749776,MetalGarurumon (X Antibody),EX5-026,digimon_catalogue_name,1.0.0,candidate_only
digimon,7aeda57757e28093ede3150ba695b0a510a3e7b263523ae09312e03638eec1ba,769513,Kosuke Kisakata,BT16-087,digimon_catalogue_name,1.0.0,candidate_only
digimon,7af50dd69d50ad90192c3d73cef4fbc9bad68f9d4a4bc077a4a08c1c9f169480,835490,Alphamon,BT20-056,digimon_catalogue_name,1.0.0,candidate_only
digimon,7b2ee595a24f0fd9f605c837ecb7b72b601b46a5c83868fc1204f7c930c71d8a,807859,Zephagamon Ace,BT20-101,digimon_catalogue_name,1.0.0,candidate_only
digimon,7b520c1275c6d0641b0494a2860470902038de7f0d5c15b9a3de409c0c844363,750700,Kuwagamon,P-100,digimon_catalogue_name,1.0.0,candidate_only
digimon,7b5876268e0d376d90162a6b2d9e16d1f71b98f66797f9a1b3c3c14ef4055231,670091,Guilmon,BT5-071,digimon_catalogue_name,1.0.0,candidate_only
digimon,7b6ca4141ff23c624af7e0e47076a41c513e7b8c16bbbdea6b7027dfb0044e31,862859,Agility Training,P-106,digimon_catalogue_name,1.0.0,candidate_only
digimon,7b9c02019a0d2e44144cc055f3f5a6e47db4458bf2adc197b134ce8037067123,758239,Beelzemon (X Antibody),BT12-085,digimon_catalogue_name,1.0.0,candidate_only
digimon,7c06c247f6a224a85ac27cd85a17176979be7f790a804b9c5241826ed49d5d95,744166,Digimon Emperor,BT8-094,digimon_catalogue_name,1.0.0,candidate_only
digimon,7c0b2294292afc3e78a0d9e403e928f991fc1f26fc6261237898d6ddb9d3c5e4,769520,Rapidmon (X Antibody),BT16-101,digimon_catalogue_name,1.0.0,candidate_only
digimon,7c2869bb61071236fd904b7bc4020ff09093db077eabd75954a0627dd2fbd7a3,864239,Inori Misono,BT24-084,digimon_catalogue_name,1.0.0,candidate_only
digimon,7c33400ca7f6e785a2e272cb2816470b4d190c2051569196a0552ca6817d7b60,885357,Monica Simmons,BT25-091,digimon_catalogue_name,1.0.0,candidate_only
digimon,7c496d986dd42906a83102eb5b9a1bff056b57253e8174031954b7be106dc251,755677,Zudomon Ace,BT14-026,digimon_catalogue_name,1.0.0,candidate_only
digimon,7c66b35a22904c79cf7e0a49ab2d9dbcda4ed99484bd41e34f14b1f21b347cfd,739917,MetalGarurumon Ace,ST16-12,digimon_catalogue_name,1.0.0,candidate_only
digimon,7c6ebfe6ce4c1fce4f92c0faf6bcd61cc7d97e7105cbdfc69d4b604e0cca3bcf,732746,EmperorGreymon,BT12-017,digimon_catalogue_name,1.0.0,candidate_only
digimon,7c84eb20cdf25cabdbd14095913bb5e8ee65d62675ecaa96d8a1e14a1f97d84d,769470,Imperialdramon: Fighter Mode Ace,BT16-027,digimon_catalogue_name,1.0.0,candidate_only
digimon,7cc37cfd8d5f74604dfa44f6480644b22fee844a83243e0c5e5092dd7a3cf54f,873576,Imperialdramon: Fighter Mode,AD1-024,digimon_catalogue_name,1.0.0,candidate_only
digimon,7ce612646b698a9adaaee51df209342a6636bea21309edc475acd85861fc3154,873571,"Tommy, Takuya, & Zoe",AD1-020,digimon_catalogue_name,1.0.0,candidate_only
digimon,7d187e1d768fefccd5b28beeb2838600464453c98935c90f35ad8685cf6b59c4,756269,BurningGreymon,BT12-013,digimon_catalogue_name,1.0.0,candidate_only
digimon,7dcae557ae230f94ef6ff16e5c4eb839ff2ec5c65428ac53e8930131f120585c,769468,Imperialdramon: Fighter Mode Ace,BT16-027,digimon_catalogue_name,1.0.0,candidate_only
digimon,7e5b7049233747f4227a56991f30f4bb68a6dc4815ba7ba7198ae85e8d255131,670103,Lighdramon,BT8-053,digimon_catalogue_name,1.0.0,candidate_only
digimon,7e5ee559d8d4b7e30c346d9644f66d7fcc81bf2cd3bcbc9123ee4d6e541d266c,722678,Analogman,BT11-092,digimon_catalogue_name,1.0.0,candidate_only
digimon,7ea882c4cd842e023810f950af49c5bc852e23a1b282c0f7166b38556d93ad3d,717238,ShineGreymon: Ruin Mode,EX4-074,digimon_catalogue_name,1.0.0,candidate_only
digimon,7ed6f2598d4a3f65e2553c6bcbb441bed06c3c9af06ad0da737c2786ec7316f0,743727,BlackWarGreymon,BT8-070,digimon_catalogue_name,1.0.0,candidate_only
digimon,7f50be99869a3225aea885bf6d0c4f14bb6c822b4eae34671db2d20de658bbaa,871135,Yuuki,EX11-069,digimon_catalogue_name,1.0.0,candidate_only
digimon,7fca18fd387aa98215d839da039c5962c07fa8a9611705fa88aa87a7fd7173ad,769512,Davis Motomiya & Ken Ichijoji,BT16-085,digimon_catalogue_name,1.0.0,candidate_only
digimon,7feb59b7555caa51b44e7c00f63875cbb505701e1a9ec5f62ce8f08ba18eddb2,708458,Shoutmon X7: Superior Mode,BT12-112,digimon_catalogue_name,1.0.0,candidate_only
digimon,7febc45c3ecc74872b123f4ec84d7ce6f18ee6549e70996ce2704b8bcaed7662,719729,Kuzuhamon,EX4-030,digimon_catalogue_name,1.0.0,candidate_only
digimon,7fffa0c080158775e3bdcd66abd765db4ac7cc768f5b9e67c8abc302e6119321,814515,Patamon,BT14-033,digimon_catalogue_name,1.0.0,candidate_only
digimon,80035e343ec486b6ffd231a599d92c67533e6cfa1ea5a7f55d1d90d1adf9a29c,786213,Lilithmon (X Antibody),EX7-061,digimon_catalogue_name,1.0.0,candidate_only
digimon,815a3f40a89edae41f552064fba55a02aa2f70e34cc8788dcdd786e42994abe0,871143,ExMaquinamon,EX11-073,digimon_catalogue_name,1.0.0,candidate_only
digimon,81d0dacf9e70d8168cba9090ca2af2ebdbdf08505fe6bc4f6de3bd8af73b6c78,708269,Takato Matsuki,BT12-089,digimon_catalogue_name,1.0.0,candidate_only
digimon,8226781118e35b1edec92c36675641c51bb1a508535e55961ea13e32866424aa,739981,Zudomon Ace,BT14-026,digimon_catalogue_name,1.0.0,candidate_only
digimon,826fd1eee1363e1ce1b41b22856c3c39c68c02e650a15ec8b416c11920584b0d,886295,ShineGreymon: Burst Mode / Final Shining Burst,BT25-104,digimon_catalogue_name,1.0.0,candidate_only
digimon,82729b1189a793a95d6f711f6bed3a5bdab5f0a7e9262783e62663145720629f,786161,Shoemon,EX7-024,digimon_catalogue_name,1.0.0,candidate_only
digimon,8273ce92f2698fb7edf0f3369c37c915898bec1debad4cb3e9f0f47a6a07f67c,853017,Keisuke Amasawa,BT23-090,digimon_catalogue_name,1.0.0,candidate_only
digimon,827f061cab267ed739277fb093b0c9802acb2d359591bdf59e875c542caf9d26,870979,Sangomon,EX11-013,digimon_catalogue_name,1.0.0,candidate_only
digimon,8292f2537da049ce2f288a346e066116694e9002d5bfa2cd58c233a02760296a,743724,MagnaAngemon Ace,BT14-037,digimon_catalogue_name,1.0.0,candidate_only
digimon,82a2d1aa357aeaf2a558f407c4834f49e9b233e233df6ef83437091c60ac7e47,835496,Proganomon,EX8-051,digimon_catalogue_name,1.0.0,candidate_only
digimon,83537beb69d6e0ccfaa61e1cd6bbddea4a5513ec6eb5982b9ec4bf5b334b4f67,864499,Dan Yuki & Kanan Yuki,BT24-085,digimon_catalogue_name,1.0.0,candidate_only
digimon,83982636532722c48626cc2ab35fe94e4a6e3e6a9724cdd6ec4b332c50de9f51,719879,ShineGreymon: Ruin Mode,EX4-074,digimon_catalogue_name,1.0.0,candidate_only
digimon,83ae3876b21ce81481436ffac479af9546792c268ca4f217e5dc3f9617cda7e6,620211,Lilithmon,BT3-091,digimon_catalogue_name,1.0.0,candidate_only
digimon,83bd0d38211481a8e77c2503142cfba8047af528666cd678d6cdd6f9d2839f1d,703689,Palmon,BT10-046,digimon_catalogue_name,1.0.0,candidate_only
digimon,83c99863d8d99a03a1340302889ebf98086fc292372c323ad6a204a07ee7ba6e,885270,Dianamon,BT25-028,digimon_catalogue_name,1.0.0,candidate_only
digimon,83dd947e382f3b0a5b150d2b779100978e44676789ca4eb9547c09dfb26e0f31,722621,MirageGaogamon: Burst Mode,BT13-033,digimon_catalogue_name,1.0.0,candidate_only
digimon,842e5557bc299fc6088d8bd64395a6dfd750afdb41dfe0fd1594543e681c1796,847053,BlackWarGreymon Ace,EX10-010,digimon_catalogue_name,1.0.0,candidate_only
digimon,8463967860b15deb4f3d698e6ec87166eae01a211ccd1a32b67a6465dfb1c964,817746,Gaiamon,BT21-101,digimon_catalogue_name,1.0.0,candidate_only
digimon,8472069e5703d862de09b561e6172dbb7b24afd27d563067f4cf0ea1d32c9bff,755713,Tentomon,BT15-043,digimon_catalogue_name,1.0.0,candidate_only
digimon,847d41fc76a59e55935ddad03720eb6df9c4e687a8b00e33c51e817c0ad7f64b,653251,Apemon,BT6-038,digimon_catalogue_name,1.0.0,candidate_only
digimon,84aaf84379e441fafbde53199a22f90105b721a0518c608aa1bd6475c6f55e59,719880,Omnimon Zwart Defeat,BT5-112,digimon_catalogue_name,1.0.0,candidate_only
digimon,85e42387b50e6c9c5e4d5d0fcc03f1aa4781857b656c0e3a5750a5c9c922fdd6,870980,Sunarizamon,EX11-038,digimon_catalogue_name,1.0.0,candidate_only
digimon,85e83e63af7481cb9696602df54e68f87eced506356d2b9af84f400a6ed99257,879350,Siriusmon,AD1-007,digimon_catalogue_name,1.0.0,candidate_only
digimon,8721cc86a0b7c0c29d90f2fd11da0e09610bdee2ff5730c2ad6676e696117f18,873579,Omnimon,AD1-025,digimon_catalogue_name,1.0.0,candidate_only
digimon,87db127888c37499453cc759b67a641d25f25177026a3e557d63d06a717e76a1,793651,Dynasmon Ace,BT18-040,digimon_catalogue_name,1.0.0,candidate_only
digimon,87deac935e566bbe665672a97dac168b756c820ac40ee5976be209fe5a895c0b,765865,ShadowSeraphimon,EX4-050,digimon_catalogue_name,1.0.0,candidate_only
digimon,882db101211ab90c7e808d163e199147c3ca7c81754aee90a43f8bee805494b7,879356,CresGarurumon,AD1-012,digimon_catalogue_name,1.0.0,candidate_only
digimon,8856f21acbf7bba18d1dba9bcbb3d163ed56389fc2277f8aee90736198d22fc7,775387,Ogudomon,EX6-073,digimon_catalogue_name,1.0.0,candidate_only
digimon,88c70e3bdb4d6c28edfa4a458ba975120aad95c02748167da9634d0c244d6cf3,873559,Gallantmon,AD1-008,digimon_catalogue_name,1.0.0,candidate_only
digimon,88cfe73f369962e2069fb3ea7e4fe6ab4cd744c90f8a024d33d6bfd6f2034a83,669244,Agumon (X Antibody),BT9-008,digimon_catalogue_name,1.0.0,candidate_only
digimon,88d2dd6cfe6acd4d2fddb2a329f965dff8632af3637f1de0b0975db252c2d390,779759,Greymon,BT17-102,digimon_catalogue_name,1.0.0,candidate_only
digimon,88dd1265ef150ad5be37d2bc01232500e545ac6fbb530244b6a2bbe51b104b3b,873567,Dynasmon,AD1-017,digimon_catalogue_name,1.0.0,candidate_only
digimon,88f81f689dfbc1c4e726ce4c0ece1b4fefc3b7e155b4ea81b88f81062b75c8f4,779679,AncientGarurumon,BT17-028,digimon_catalogue_name,1.0.0,candidate_only
digimon,8a516b042c94e22da9ace03062b9a77152b9a13fe47f90e1d8880bd47f9207cb,708451,Marcus Damon,BT12-092,digimon_catalogue_name,1.0.0,candidate_only
digimon,8aae5930338507b777e030284e940ea398422816e058654d9c5f09adb95e667a,786240,GeoGreymon,BT13-012,digimon_catalogue_name,1.0.0,candidate_only
digimon,8b6e726720f0330de75762494ed30498e1e84d05f6ab7cd08a56447d3012aded,749764,Coronamon,EX5-007,digimon_catalogue_name,1.0.0,candidate_only
digimon,8b92687a0106c1a5c36d8a20d8d214c9982981390393509296c32985e5724ce8,732758,WarGreymon,BT12-070,digimon_catalogue_name,1.0.0,candidate_only
digimon,8bad94db8abaa89305040f4617c2118ec20f4b7e604cbc1954624c7774c4f49c,779734,Tai Kamiya & Matt Ishida,BT17-081,digimon_catalogue_name,1.0.0,candidate_only
digimon,8c1f89911c1b21cc0b7b2aaa73165de2f846a633f5dad1af211d18921240d269,871048,FunBeemon,EX11-025,digimon_catalogue_name,1.0.0,candidate_only
digimon,8c5bae879eef2953a5f6702be1240bcbbf9ac97a0f14a477621f01c56fbb4e24,744904,Diaboromon Ace,P-114,digimon_catalogue_name,1.0.0,candidate_only
digimon,8cc21ba2af7577f5b7a86313aa2314d5d5dcdcef569539283da801633b012190,807861,Omnimon (X Antibody),BT20-102,digimon_catalogue_name,1.0.0,candidate_only
digimon,8cee9d7596ffdaf6cb62c9d90722b0ce44e059bcde052507da2a094cac7f6709,755518,MetalGarurumon,BT15-101,digimon_catalogue_name,1.0.0,candidate_only
digimon,8e25cccc8231fd442823305af898dc2bcbc1d6e6b0bdde69e699a0832e29aafc,755733,Myotismon Ace,BT15-076,digimon_catalogue_name,1.0.0,candidate_only
digimon,8e66e55c4b32ded9370e9dd9dd15fb5deffe32385a19db445f11cfa2d2104ecf,653259,Bokomon,BT7-081,digimon_catalogue_name,1.0.0,candidate_only
digimon,8e6d7d3204792eec0e16e51928ae304446592a866131c6fefadd748944c03ce2,722634,Rosemon: Burst Mode,BT13-060,digimon_catalogue_name,1.0.0,candidate_only
digimon,8edf19ba54252595e5d2e62ec95f3a81b41dc9837bfb38d729d6e8d15620208b,886280,Blinding Ray,BT4-104,digimon_catalogue_name,1.0.0,candidate_only
digimon,8ee5e4766f2cae9a3aa093b844e5775133f2ca0110557229b40e0767f7114286,860896,Destromon,BT21-060,digimon_catalogue_name,1.0.0,candidate_only
digimon,8f63bbf74433d67a6f1abc7fba0ad17eafb5efa460db1e1b45affeab6816f711,777523,Greymon,BT17-102,digimon_catalogue_name,1.0.0,candidate_only
digimon,8fd52afd2e1b979f950d5ab4ada8b51ce39f2c97aaa13e2bd3db814cb7c7a03d,769509,Ukkomon,BT16-082,digimon_catalogue_name,1.0.0,candidate_only
digimon,8fdc52defa45ef70220ea628c8783b357e72b7643f690caacb557494cb36c29c,835487,Oblivimon,BT20-052,digimon_catalogue_name,1.0.0,candidate_only
digimon,8fe2f3c07c7e2c14cf51701c21a946893b0d4650bb3dc05df904f9ab1935590a,864240,Dan Yuki & Kanan Yuki,BT24-085,digimon_catalogue_name,1.0.0,candidate_only
digimon,908588905a01727a974c078b4de6929a5cf5cfa5cedaa41582ee60eaa524e31d,835270,Ami Aiba,BT22-093,digimon_catalogue_name,1.0.0,candidate_only
digimon,90bc9b3f7b484188c34494a026776a2df43343aa73290eb04a59c2ce6d5f206b,871018,Frigimon,EX11-015,digimon_catalogue_name,1.0.0,candidate_only
digimon,90d657b35934b2794eee4eacd71ca2503e8d571b01b4c10e3dfde77e3ffaeeb2,755533,Gatomon,BT15-037,digimon_catalogue_name,1.0.0,candidate_only
digimon,913b9ad61d8500f9bb3933a545e0f7f1be182b5ee1bbbf5fe0980e3f25c49c6e,769472,Imperialdramon: Dragon Mode,BT16-028,digimon_catalogue_name,1.0.0,candidate_only
digimon,91401a2dff903955ed0b9ff8bb5dce39f24b8c8044f7c0d30b898c4836caf6df,704903,Agunimon,BT4-011,digimon_catalogue_name,1.0.0,candidate_only
digimon,917ced4f972f7166cf7ce35bd6c357748c7a2b7e9ba691bab31967634b14cabf,779728,Imperialdramon: Paladin Mode Ace,BT17-077,digimon_catalogue_name,1.0.0,candidate_only
digimon,92281e2cf6a46c73fdbf58faac3ba9c030dbf1025fbeb5ac992b9325c08395a7,769502,Dinobeemon,BT16-077,digimon_catalogue_name,1.0.0,candidate_only
digimon,92bcc3562ed61e779baeaddf6ccecff467c457c10f7d0e363fac610855a1d257,820253,Elizamon,BT21-008,digimon_catalogue_name,1.0.0,candidate_only
digimon,93268cc242857372a5a24074656b9ed4060821a3f9ff63e7dcd6a1e0e478fb93,835484,Return to the Primogenitor,BT17-097,digimon_catalogue_name,1.0.0,candidate_only
digimon,935ff99e9a6f9d73f471d8081db4dd7ead7a71835f3598ade73473079362194d,765856,Magnadramon,BT15-042,digimon_catalogue_name,1.0.0,candidate_only
digimon,946a960dd532274ad2c010bba9c88e303c7e3e2dd88bfac2da93be81c2105f63,750702,Raremon,P-101,digimon_catalogue_name,1.0.0,candidate_only
digimon,94f6131896d4f22cb500b9499126ba7c1bbcee00c63efd4c715eaf908c4d505d,755681,Biyomon,BT15-007,digimon_catalogue_name,1.0.0,candidate_only
digimon,950fab3bc5ecdaf8be2658cdf8283de89d19adcff43b158eaa3b36c606c31238,650008,WarGreymon,EX1-009,digimon_catalogue_name,1.0.0,candidate_only
digimon,95f3922c403d6cce43f87eca715f39994205ec3612beb63dfba96c828f43f0bf,722611,ShineGreymon: Burst Mode,BT13-020,digimon_catalogue_name,1.0.0,candidate_only
digimon,96069fb2dc7298d8e64f143efb315b5192c784145b949b493d8c43a174677547,749765,Lunamon,EX5-016,digimon_catalogue_name,1.0.0,candidate_only
digimon,965504231caab515b852e23a9a3a25143b70a1329baa5edc591c1b45ae3c6266,650381,Missimon,BT4-005,digimon_catalogue_name,1.0.0,candidate_only
digimon,967142f581b1c04a3fdec1950d41b3f08a1be589ee5ceebc7130eceba2626547,793741,Susanoomon Ace,BT18-102,digimon_catalogue_name,1.0.0,candidate_only
digimon,9698b9cd13483fa123fe2a675d8359dc1bc1c93706d5b1dbf90130c37324507e,809469,Gotsumon,BT14-009,digimon_catalogue_name,1.0.0,candidate_only
digimon,96d0b0a5f25759f6dc450b0097c65da09d7f99755e4f1f29401f49723d5578ab,679552,Venusmon,BT10-042,digimon_catalogue_name,1.0.0,candidate_only
digimon,96dde780b9bac396b9994116b22cc37d1e3e0bc854f2b95adeab9f8f40f468cb,807837,WarGreymon,BT14-101,digimon_catalogue_name,1.0.0,candidate_only
digimon,97281da5cac3d1a206f0b86f72cc341de0d5252ebf231c81c5e80693c326f736,835255,Rina Shinomiya,BT22-085,digimon_catalogue_name,1.0.0,candidate_only
digimon,97661054b38efec46a341856810b024888247525a56437d8fe85914080b2cfbc,732818,Siriusmon,RB1-010,digimon_catalogue_name,1.0.0,candidate_only
digimon,977be83b22e4bbccccf0f3ee201ef553471570ff50463fac00d90cf8405eda00,864182,Aegiomon,BT24-034,digimon_catalogue_name,1.0.0,candidate_only
digimon,978b74aa0b9b0ec9884023aba7de7eba20cc94621314c7cbec0c29e58cd37e07,665438,Gigimon,EX2-001,digimon_catalogue_name,1.0.0,candidate_only
digimon,97a7749720436716d665be6cce70f2e82b04f37f6824e4edc8d97c4fd61b0a84,621098,MetalGreymon,EX1-008,digimon_catalogue_name,1.0.0,candidate_only
digimon,97f73083f741c58e1bc158c90c123aeeab730f519146f34e44af630fd2091617,820278,Medusamon,BT21-029,digimon_catalogue_name,1.0.0,candidate_only
digimon,983f016d752ac23627442ec2f6750967d273d4d3cd6553a13c4439337ac26e42,650012,MetalGarurumon,EX1-021,digimon_catalogue_name,1.0.0,candidate_only
digimon,98c30c59d2be67b0a7aea49b05c7518e482b6e42dc4d410fdc6a718178aa0a2d,864178,Elecmon,BT24-031,digimon_catalogue_name,1.0.0,candidate_only
digimon,98c774e0640729aa05c2e853d11f90f27396fef1c51c4e9fc962f2b787c9b900,835252,Nokia Shiramine,BT22-084,digimon_catalogue_name,1.0.0,candidate_only
digimon,9a37a3141965316881e9a928abd0484aa79ef90f64e9c81e10b33ecc31e7200d,793766,Lucemon (X Antibody),BT19-043,digimon_catalogue_name,1.0.0,candidate_only
digimon,9a53b77e41059b18ed2c18010ff91b2b3c3cdc5c78b8297924e5f114871b4793,853012,Chitose Imai,BT23-081,digimon_catalogue_name,1.0.0,candidate_only
digimon,9a6085e4a23124a0e7e808b827949eeacb2230d363740712101d417425167385,650380,Okuwamon,BT1-077,digimon_catalogue_name,1.0.0,candidate_only
digimon,9abf4d3fa2984de01dbfd40bb80f750caf711aa099bd4ea391c5991562b3fd75,786168,Pteromon,EX7-031,digimon_catalogue_name,1.0.0,candidate_only
digimon,9abf705f611a39c26b5379a7e703d1f5d7235258e457622832b0d480b642a655,739980,MagnaAngemon Ace,BT14-037,digimon_catalogue_name,1.0.0,candidate_only
digimon,9b1be3d6a57b535ec3fc0c3fbe130c5d7b6a4eff76344940408eb5d3ff349d0d,734525,Red Memory Boost!,P-035,digimon_catalogue_name,1.0.0,candidate_only
digimon,9b28c2e298b99c257674819753ca862b9322c39e6d309b3db9454bb536bc73ee,786076,Galemon,EX7-032,digimon_catalogue_name,1.0.0,candidate_only
digimon,9b68e52296407541a0ac6952e35382fcc4323d7aee10d933d915af5726c04513,620796,BeelStarmon,BT6-112,digimon_catalogue_name,1.0.0,candidate_only
digimon,9c511baeb1da9b661662075e1b30b0572c6758dc42fc5a0cbb51e571c6b3e640,696436,Angewomon,BT11-042,digimon_catalogue_name,1.0.0,candidate_only
digimon,9cd6941dd64943b5b99e8beabfa5191a7e53cf35d891991975307e15713c1997,693829,Machinedramon,BT11-072,digimon_catalogue_name,1.0.0,candidate_only
digimon,9d3ac1f412beec906a99f755d7d3b08468f2e9a2c7159f9e286a8d14356f6418,820280,Medusamon,BT21-029,digimon_catalogue_name,1.0.0,candidate_only
digimon,9dfeceaccaf03ef8f50d7b02e2681936b0a0990a8119b6714922dbf8961f4c13,886281,Calling From the Darkness,BT7-107,digimon_catalogue_name,1.0.0,candidate_only
digimon,9e5a9145b1fed3a56f67a7bdfdfccc4ec5e47d26b29fcafdf0cee5c492c04bc9,703702,Digivolution Plug-In S,EX2-070,digimon_catalogue_name,1.0.0,candidate_only
digimon,9e9c3a4c544ec2da9aebcbce09a1a381eca3a73ba6bed161fd75f66a5a757fc7,620515,AncientGreymon,BT4-113,digimon_catalogue_name,1.0.0,candidate_only
digimon,9ed34806cadf69c565c04a8dd842dee48bb00896439d7251066309e064383f2a,793800,ZeedMillenniummon,BT19-101,digimon_catalogue_name,1.0.0,candidate_only
digimon,9ee407d9fb4db9d545e1f415a2c9d890c8da3d4524c5dfd9a02ab7edaa40519d,650852,Omnimon Alter-S,BT3-112,digimon_catalogue_name,1.0.0,candidate_only
digimon,9f6278cdf04e90a317143ae748b7e7971de6b803d462840c37515f712e09f866,871052,Maquinamon,EX11-027,digimon_catalogue_name,1.0.0,candidate_only
digimon,9fc08770f0eae2766181cd76a996d4e0ab281d2bb3379d1650e1931a7c9bdf6b,704497,Growlmon,EX2-009,digimon_catalogue_name,1.0.0,candidate_only
digimon,a0cb7850660b6e59e4663e9bfb83a821f351c3ed134b88b5e9d19d8a305d8c8f,828830,Omnimon Alter-S,EX9-021,digimon_catalogue_name,1.0.0,candidate_only
digimon,a0f0dbd61e6899b937552b3decb13ff7a7e45520027e03a2a5b91c12ab576699,714459,Koji Minamoto,BT7-087,digimon_catalogue_name,1.0.0,candidate_only
digimon,a17c20eeab0ef7d8dcab539c03a1b920b2fd7db4695111d2d159ad12fa359ac8,665437,Impmon,BT2-068,digimon_catalogue_name,1.0.0,candidate_only
digimon,a2cb5d9019b84c75e61c22a0df4e3597c7d30b1608e158828554ad1ccc865fc6,804264,Growlmon (X Antibody),EX8-012,digimon_catalogue_name,1.0.0,candidate_only
digimon,a2f2f6348e983e2965aac5423bd72f5d63bbc62267dc79d4025342e74c5186cf,789146,Blue Memory Boost!,P-036,digimon_catalogue_name,1.0.0,candidate_only
digimon,a2ff932c512062badb161dd67cabc5fde50e93650f2c70e8c20b43d02d2d807e,775371,Lilithmon,EX6-057,digimon_catalogue_name,1.0.0,candidate_only
digimon,a308bc60fd75cc45f66aee257e77d354745891130b3a90336ef74aca7cecdcae,650025,Machinedramon,EX1-073,digimon_catalogue_name,1.0.0,candidate_only
digimon,a33f3050fb616ab30f401fbe3dc01969a3b2801d68a58b4cdb9686555e595f5a,777522,Fenriloogamon: Takemikazuchi,BT17-101,digimon_catalogue_name,1.0.0,candidate_only
digimon,a34dbac1b97680771d1f7a5b0e20f3f89b0c584362ef0f81ea17bcdfba5c2e95,786090,Shoto Kazama,EX7-064,digimon_catalogue_name,1.0.0,candidate_only
digimon,a3bbef33b5a8738d70376387630498ce6951335796343b7f576b56a93c6c3881,679455,Jesmon (X Antibody),BT10-016,digimon_catalogue_name,1.0.0,candidate_only
digimon,a497ad19b6e353d8b4cbeb5cafb93957ffcbf0ab98517b943cfbc4a70d02d767,765853,Phoenixmon,BT15-017,digimon_catalogue_name,1.0.0,candidate_only
digimon,a4ac64ef4ac654894505572d91a45752e4f44c4d5ef29bafc463b8f6d375e12b,693210,MegaGargomon,BT3-057,digimon_catalogue_name,1.0.0,candidate_only
digimon,a4f465f196c448c9aac636da31c27a2941c8459cc218c26b2fd38e438e804670,744171,Mimi Tachikawa,BT14-085,digimon_catalogue_name,1.0.0,candidate_only
digimon,a50bf8c966cabb9507c8ad4fb2f4344c73205d4fcd340a262ab63e8c02cf2c5b,777517,Omnimon Ace,BT17-078,digimon_catalogue_name,1.0.0,candidate_only
digimon,a54e1cd53852cc964c99f5067e8cc4d498948725e5673270572d5165a7c10251,650256,Calling From the Darkness,BT7-107,digimon_catalogue_name,1.0.0,candidate_only
digimon,a5c90ef2df2918f47336ce150c6bde52032e6ab2afb7d993fac3426897ca728c,835181,UlforceVeedramon Ace,BT22-025,digimon_catalogue_name,1.0.0,candidate_only
digimon,a615b7182375813d95e6959ddb6634b1fcbb12900d805b0fecb0696d664ff556,807858,Zephagamon Ace,BT20-101,digimon_catalogue_name,1.0.0,candidate_only
digimon,a63a1d512c4e706cd0ca695cc4778d76318469ea7d803391485aaab75df8f5ac,845574,BlackWarGreymon Ace,EX10-010,digimon_catalogue_name,1.0.0,candidate_only
digimon,a75bcd10ecba012d512a289fa2e681d06b2b61fc1bf9696aa9f65f32f58ccd23,620649,Omnimon,BT1-084,digimon_catalogue_name,1.0.0,candidate_only
digimon,a760976176c6c008f38adb0d1ee3192393cbc26dfbf7b04772f2f8de545549ad,864176,Neptunemon,BT24-030,digimon_catalogue_name,1.0.0,candidate_only
digimon,a7b366d2b29d20833ffff4312c757b90ecb51eae05372998b5498d2da77e5d82,786073,Cendrillmon,EX7-030,digimon_catalogue_name,1.0.0,candidate_only
digimon,a80fb1f9215b844c980d500761b5e5593c9f5768abd40ada25f7eb5b22c69ac2,786086,HeavyMetaldramon,EX7-062,digimon_catalogue_name,1.0.0,candidate_only
digimon,a81151fb0542e74015ee67db0d675338868f9066824af24cc1b53f231f8d5c58,803487,Renamon,BT17-031,digimon_catalogue_name,1.0.0,candidate_only
digimon,a888afa5f5d69e7b66119636ff55bd37e1f51f83f5f2d57b5fe5c940d9d55a13,720238,Huckmon,BT6-009,digimon_catalogue_name,1.0.0,candidate_only
digimon,a8e277706dd38cb7e878e15642458a8cac8e731bfca729bdd8f5c231f8962143,665460,Takato Matsuki,EX2-056,digimon_catalogue_name,1.0.0,candidate_only
digimon,a945c5b66fc1c91ffcc2ce7b804332d9366b5be3e0100cab58bf33eba19591ba,873553,Aldamon,AD1-002,digimon_catalogue_name,1.0.0,candidate_only
digimon,a95a8b2c52beb32d4aaa708926fb985cfa3414415b6fff508fa411ceeda6f8dd,740211,Imperialdramon: Dragon Mode Ace,P-109,digimon_catalogue_name,1.0.0,candidate_only
digimon,a9a0baf1df02f123a5b072c929fc9b0bc6b879b15b4777b03314191b345405ad,835201,Nyabootmon,BT22-042,digimon_catalogue_name,1.0.0,candidate_only
digimon,a9b0ccf1b2cd2dbed7531e69e99768e4565a4008666e654f441e6639d98c2388,693208,Terriermon,BT3-046,digimon_catalogue_name,1.0.0,candidate_only
digimon,a9e8ed24fd819905d686133f5c6874e80e85f09e0c067935228ba9aa6f9d81c1,830036,Machinedramon,EX9-073,digimon_catalogue_name,1.0.0,candidate_only
digimon,aa45201e3b895d52537dd62fd0883c375e854ee02bc73a7722b684b481739d34,621276,Hammer Spark,ST2-13,digimon_catalogue_name,1.0.0,candidate_only
digimon,aab652b05f3373bd811140ab4c4431d9dbc4fd052fc65f0540e4bf4b62b02e83,837384,Arresterdramon,BT21-066,digimon_catalogue_name,1.0.0,candidate_only
digimon,aac9e4ace48b3b89097afaf54a730772baab0135103012dde04b86a9be96e3ed,786072,Cendrillmon,EX7-030,digimon_catalogue_name,1.0.0,candidate_only
digimon,abe08465dca2961356c652858954945e8ea85129c60206ff89d13d56651d7a94,743334,Agumon,BT14-007,digimon_catalogue_name,1.0.0,candidate_only
digimon,ac686c5923b062d57f03b210ebaf70a76dc4f2e0d78f9a336afcf10e956fcc1a,749767,Dianamon,EX5-025,digimon_catalogue_name,1.0.0,candidate_only
digimon,ac7a886859ae628aac26028feb529b37f4f377dc3e0a6d8a970bbec7aa61bde3,885300,Habakirimon / Habakiri,BT25-043,digimon_catalogue_name,1.0.0,candidate_only
digimon,accdfcdebe5e39476205f1ac150ed29f166ccd3fe0a559af28a5e7ed75ce23f8,743726,Angemon,BT14-102,digimon_catalogue_name,1.0.0,candidate_only
digimon,ad05f449889a8c2cf7e7557d0b945ff1fbc555c836e198d0ab0c07bdbfdd88c8,786210,BeelStarmon Ace,EX7-059,digimon_catalogue_name,1.0.0,candidate_only
digimon,ad2e206c305fbe6a8981d48e8b984cc1f3a832da5fe44dd94e14ea510c3d2c98,809539,Beelzemon: Blast Mode Ace,BT19-074,digimon_catalogue_name,1.0.0,candidate_only
digimon,adf050285f81c908da467c89ece6093a782aee8d4dbbdd8c8b5dc1d93102810e,749774,X Antibody Proto Form,EX5-070,digimon_catalogue_name,1.0.0,candidate_only
digimon,ae5f5def0cc0d19c9c98f8e8d1cdcb1d7bda04706238b8d1932878e68bc29373,862161,Hexeblaumon,EX7-023,digimon_catalogue_name,1.0.0,candidate_only
digimon,aef935965309adcf28baf80db006a8e84f771cd8905a2f92b1643386e0259f0f,790579,Fenriloogamon,BT14-081,digimon_catalogue_name,1.0.0,candidate_only
digimon,af409e79937c24eaf176d4045185a111790d3fbc689c9b9d4c08b74a9e495942,786084,BeelStarmon Ace,EX7-059,digimon_catalogue_name,1.0.0,candidate_only
digimon,af4ce6fc40432f67a0f0909f5582a8d0fa71e11b93bbfdca68575d1622a835cf,793788,MoonMillenniummon,BT19-075,digimon_catalogue_name,1.0.0,candidate_only
digimon,af5579dc75a4ae4a0175c2c291b4d3ea54b9b1826eb860c893ef9cbcc57085a2,755725,Megadramon,BT15-064,digimon_catalogue_name,1.0.0,candidate_only
digimon,b0303963a290f7979d92d9e2adc4af81e645724bc3bf8ddf636e270dc52b8935,835282,Kyoko Kuremi,BT22-101,digimon_catalogue_name,1.0.0,candidate_only
digimon,b0594baefd8b05772e9494388a240cf61172c14e257cef3a2f451d174ff67ccb,872845,Titamon,P-209,digimon_catalogue_name,1.0.0,candidate_only
digimon,b06c7f6be2a38945e0ab0b4cf985a3de57c42245fc624fcff4edb90c909db943,835249,Yuuko Kamishiro,BT22-083,digimon_catalogue_name,1.0.0,candidate_only
digimon,b09ec51ad1a3d5b6b599b6766739f5f71c674d94aa717333a500ecda17366759,861865,Paildramon,BT20-016,digimon_catalogue_name,1.0.0,candidate_only
digimon,b0bbcf44a3a97a37f5030e65cc9e2229e7c5e9fe64b576fb8b717022c89e02e4,778481,MegaKabuterimon,P-140,digimon_catalogue_name,1.0.0,candidate_only
digimon,b150ff69a530addb44f2845491c5af8fa7ff4b209ccabcfde5ebe4c7acf8953a,864263,Homeros,BT24-102,digimon_catalogue_name,1.0.0,candidate_only
digimon,b154644f671c6e2b094ef6cd4656b70af30a2af9a7f643bbc5133938e09bc7f2,620199,Beelzemon,BT2-111,digimon_catalogue_name,1.0.0,candidate_only
digimon,b1552ebd17caf64db5be39c39c01fa4c035a08e1dd9ff951b211043ef57af7af,693213,Renamon,BT5-036,digimon_catalogue_name,1.0.0,candidate_only
digimon,b186f8387912563d9abffdab879acbabe32dcb9c198f91b6029c6f52c6ff6223,749766,Apollomon,EX5-014,digimon_catalogue_name,1.0.0,candidate_only
digimon,b1927253915ee5c5133fb84fac79f890e6c0dea4e9e40bd6b8c6baa33ab27b0c,807855,Cool Boy,BT20-091,digimon_catalogue_name,1.0.0,candidate_only
digimon,b1a0c53bae93a2c0a5c75ec229bd26fdceb6a15c214b264f37f5480035bf2fa0,871046,Cendrillmon,EX11-024,digimon_catalogue_name,1.0.0,candidate_only
digimon,b1ae4c02a9bf124532b7ead4d77e7c7ed0be73e0329fcbe04e78fb578ef0c2f9,871146,Vortexdramon,EX11-074,digimon_catalogue_name,1.0.0,candidate_only
digimon,b1c4f922dd9e09531bf0622d2e117195201146b2c9d8a256c99e3cc678dfc8fd,825496,Machinedramon,EX9-073,digimon_catalogue_name,1.0.0,candidate_only
digimon,b24c5c00d2b53db7fb2725930c25697df3ba48baa7534055e031c2fce60a1b75,650851,Omnimon,BT1-084,digimon_catalogue_name,1.0.0,candidate_only
digimon,b251889bfd9768127e0c9082b9d1ee601ae4862c3663731d2970e45c4815be25,755745,Apocalymon,BT15-102,digimon_catalogue_name,1.0.0,candidate_only
digimon,b39125665073daf40083f3931a77c82b24a7a76b19eeb6fd8d535a4109c4ecb6,694979,Growlmon,BT12-010,digimon_catalogue_name,1.0.0,candidate_only
digimon,b399fef3076170ce33749c586a47549ed186e2620e07654882f56be33430b8fc,708271,Gallantmon,BT12-018,digimon_catalogue_name,1.0.0,candidate_only
digimon,b3de1191d3c3e26eea71e9e326a85ff8be6ee96ce8d85f7aec349341925e3f20,847055,Quartzmon Ace,EX10-023,digimon_catalogue_name,1.0.0,candidate_only
digimon,b40494fa630026cdd318d562d12942698106c59fd60ff9535c53f2cc179da4a2,775341,Ophanimon Ace,EX6-027,digimon_catalogue_name,1.0.0,candidate_only
digimon,b4161e4a2c67660047109bb943925d2dbaade064ee25d28937f7388ccc8fd41d,679815,Jesmon GX,BT10-112,digimon_catalogue_name,1.0.0,candidate_only
digimon,b4535393e9881569c86352043e945a03f81611e288704bf041c4d9e9812c368e,650366,Chaosmon,BT4-090,digimon_catalogue_name,1.0.0,candidate_only
digimon,b494129384d92853889f7914a40df1a70fdd868f3aa16aa5215d08b8cd49fe7a,683285,Imperialdramon: Dragon Mode,EX3-063,digimon_catalogue_name,1.0.0,candidate_only
digimon,b4b6cc3e209764a94ba33065481abf71be6c46e2feec2a01bc929b52f05b7707,853020,Mastemon,BT23-102,digimon_catalogue_name,1.0.0,candidate_only
digimon,b4bd27f8bf00018c6d4fea4852e4ab22d875cf666492321e507390229b02ec48,765859,HerculesKabuterimon,BT15-053,digimon_catalogue_name,1.0.0,candidate_only
digimon,b4ce6272905133ab276e492b105b7e5f31994dd856a407e07b248ce4352b5012,694981,Gallantmon,BT12-018,digimon_catalogue_name,1.0.0,candidate_only
digimon,b4d1188c69494d628a28c738e7ba9e7d00e381d76587166e9e1a16397a54e533,864189,Venusmon,BT24-040,digimon_catalogue_name,1.0.0,candidate_only
digimon,b58155a3c4d066feae02acb92fb79d4cccf356e3bc363b92cfa146ed56a92068,862860,Defense Training,P-107,digimon_catalogue_name,1.0.0,candidate_only
digimon,b6a4e86eb11c8675b41fbac68547d148a205f70f8c97ac484719110898cf3ce1,749762,Leviamon,EX5-063,digimon_catalogue_name,1.0.0,candidate_only
digimon,b70f36fe4c798bbf81d22c7eb84d235f268dde007e2af976ecce743a079778df,886287,BeelStarmon / Fly Bullet,BT25-085,digimon_catalogue_name,1.0.0,candidate_only
digimon,b786d9db470983a38b5998e514a77099fcd1f5d8001e562cce90a7a71272c671,743725,T.K. Takaishi,BT14-084,digimon_catalogue_name,1.0.0,candidate_only
digimon,b819576200e97fd4894b183b0274d00143ef70c726c2e19bbf85032f1bd6cd2d,873828,Siriusmon,AD1-007,digimon_catalogue_name,1.0.0,candidate_only
digimon,b87a979532eb75a27e0109509ff62a7ac1f599e569ed01af559e61e6e973384e,844263,MarineBullmon,BT19-024,digimon_catalogue_name,1.0.0,candidate_only
digimon,b98cb73cefec38fbccbc7f64a8a4cdff8da47ddb41d17b4406ce2daf1c6a5470,704181,ExVeemon,ST9-04,digimon_catalogue_name,1.0.0,candidate_only
digimon,b99b8faad052f79e83d80f93e9e0380f705689201431ded00b905aa1cc1763d5,786239,Agumon,BT13-008,digimon_catalogue_name,1.0.0,candidate_only
digimon,b9f01161c0ba8274764d176023061b06b87d0a2b91557997ad731a3ea6d9ffdf,722619,MirageGaogamon: Burst Mode,BT13-033,digimon_catalogue_name,1.0.0,candidate_only
digimon,ba52d80e324a72eb1cda041e223f1d9a54b45a8505bf3230125440635a422833,871095,Impmon,EX11-047,digimon_catalogue_name,1.0.0,candidate_only
digimon,ba893f87630114924c2bbb582e5876b0811e4ecd41dcb02813798689fe9cb9b9,779702,Armageddemon,BT17-060,digimon_catalogue_name,1.0.0,candidate_only
digimon,ba8dd50b073df954fe82bab3b2090edf144d27ad2141b3577c0c08234f2a7649,861866,Dinobeemon,BT20-074,digimon_catalogue_name,1.0.0,candidate_only
digimon,ba99771403f63c12b7d3acaf1632908f6a310565d374ea6aebc3b9e69375df66,879359,ShineGreymon,AD1-016,digimon_catalogue_name,1.0.0,candidate_only
digimon,baa8edd845585a5797b37e3c6f0ba4dd41e62f073c91d38c0c9bbb8a3ef81d03,750696,Seadramon,P-098,digimon_catalogue_name,1.0.0,candidate_only
digimon,bb79c27b3c3980734cfdb936e2ec173179f17d010e0dfa1f284a733f5a19e876,886278,Argomon,BT2-047,digimon_catalogue_name,1.0.0,candidate_only
digimon,bbd172a12db98cb9d5f9b43ebb7847fa1ef17ad9d853afd0f7d1cfd20f980ee4,665466,Gallantmon Crimson Mode,EX2-073,digimon_catalogue_name,1.0.0,candidate_only
digimon,bc0cea83726f12c25ee9ac19cb6358b2415f1b8c784e7cfdba848197b63402fa,844261,Crimson Blaze,BT8-097,digimon_catalogue_name,1.0.0,candidate_only
digimon,bc0fd13f9f250caca28dc407cde685f350638dd329973b51201afce65969b4dd,705430,BetelGammamon,BT8-013,digimon_catalogue_name,1.0.0,candidate_only
digimon,bc2997c02686a8627ec6b794a630188dcaffb958f57cef83e3cb9d1de1f3a1c2,696547,Dorumon,BT7-056,digimon_catalogue_name,1.0.0,candidate_only
digimon,bc53e1d39267b29522425e05bf4b4558f7bf4a3deae38533be7af57e7ef23516,650368,Agumon,ST1-03,digimon_catalogue_name,1.0.0,candidate_only
digimon,bd0ca4dfad175f65f15c02441c6ad8a5125126c62a56ef9235dc346cc8aa217e,817733,Bulkmon,BT20-032,digimon_catalogue_name,1.0.0,candidate_only
digimon,bd3446c8e86f825823b06eaea79af882cdc2d2bd26f119fdca61b8a10cf89d95,708432,ShineGreymon,BT12-043,digimon_catalogue_name,1.0.0,candidate_only
digimon,bd810b6c8328f1587071b33c02aac1776c93289b4998298f51e82ca1dbfcc706,755744,MetalGarurumon,BT15-101,digimon_catalogue_name,1.0.0,candidate_only
digimon,be77a1e4e44a6b29fe4b911fd61ddf4b15e60ea5772b75a5210bbf0b71f0ca17,864498,Inori Misono,BT24-084,digimon_catalogue_name,1.0.0,candidate_only
digimon,beeaef6ad8f249a19652adf01c87906339ca112854b355edbaa808c9b7a223a6,775350,Dominimon,EX6-030,digimon_catalogue_name,1.0.0,candidate_only
digimon,bf1433070ddb7b87f23674f4a99946402851b91614c1763c8be0bbb31106e85f,835283,Kyoko Kuremi,BT22-101,digimon_catalogue_name,1.0.0,candidate_only
digimon,bf6b47cf742274f9912c3c128ab29060cc62572f52b02252025d6e3e4963e9aa,772030,Sistermon Ciel,ST12-13,digimon_catalogue_name,1.0.0,candidate_only
digimon,bfbfa13097e5eb016e8cd7ed3e8854799bb1466c6686e760f882cb56baacf377,693217,Gallantmon,ST7-09,digimon_catalogue_name,1.0.0,candidate_only
digimon,bfca08002ea41395d87191b8aebade4c9bfa3625962c0c5cae2f0aa701b9aa0f,871089,Pyramidimon,EX11-044,digimon_catalogue_name,1.0.0,candidate_only
digimon,c065669cc21cb43799ae02622130646f8adf2cc2638384f34efa75ba29ecaaab,879361,Matt Ishida & T.K. Takaishi,AD1-019,digimon_catalogue_name,1.0.0,candidate_only
digimon,c0fda2f49e7b0d29d5cff98d47c88227f98365f396b72c8be5fb4e2f37e39d77,864163,Styracomon,BT24-018,digimon_catalogue_name,1.0.0,candidate_only
digimon,c10140c46cb9b16765f795384aab14c7a222023a391c84a33112f5c5c05ed558,743345,Dorumon,P-070,digimon_catalogue_name,1.0.0,candidate_only
digimon,c131347ead590a710776bd05107b58610461bbcb4005d396f6db8b0ba5a20852,722627,Leopardmon,BT13-056,digimon_catalogue_name,1.0.0,candidate_only
digimon,c17b1cb99e3062c3b026aa0b0175ab1ad857e57be179382d343d13fbec98c4a5,749710,X Antibody Proto Form,EX5-070,digimon_catalogue_name,1.0.0,candidate_only
digimon,c1adf06b25b002a2d559115adef5ad34c9e72b736d71c8bd36932b93d095a12f,835493,Loudmon,BT20-075,digimon_catalogue_name,1.0.0,candidate_only
digimon,c1d19df92a98dff9f726e8f5c715b92d322ce754927f2d7a9634f6f9dc70285a,670102,Lighdramon,BT8-053,digimon_catalogue_name,1.0.0,candidate_only
digimon,c208450b2c7657d2a1db57823a5a957bb9c93b3b227e5d04a6558e1bcbad2628,806636,Jesmon GX Ace,BT20-021,digimon_catalogue_name,1.0.0,candidate_only
digimon,c271ea45cef6c34eaa1f5c379e1ca5ffd18592925d16264d689bc06f859b7933,621092,Greymon,EX1-004,digimon_catalogue_name,1.0.0,candidate_only
digimon,c2e0cdc9da4071f4b5fc07fcf3c699f27779c6aaa0be4bbc1acb745b079f2c2a,775322,RagnaLoardmon Ace,EX6-011,digimon_catalogue_name,1.0.0,candidate_only
digimon,c2f8ab462400ad5425eac2131146305aad402deee34ced9b5f9ed93a4b346f58,650428,Lilithmon,BT3-091,digimon_catalogue_name,1.0.0,candidate_only
digimon,c30b3699871c94e2765c3645b24b3339a14b9029489e7432c182d04c87e38392,732754,ShineGreymon,BT12-043,digimon_catalogue_name,1.0.0,candidate_only
digimon,c34fc8c1d6bc56776b7dbf308f43f0be83e9a1793a9649c5e7f230f03f13ff8f,653244,Veemon,ST8-04,digimon_catalogue_name,1.0.0,candidate_only
digimon,c396b105a4fa3af85e1be7bf491c6f04742e2d641b0ec0acc4752afcb8648603,862861,Wisdom Training,P-108,digimon_catalogue_name,1.0.0,candidate_only
digimon,c41a46409d7c98b661471aa76c1664d94151c60f024e0d3166f3a78a6e9eb24d,696433,UlforceVeedramon,BT11-032,digimon_catalogue_name,1.0.0,candidate_only
digimon,c41ee74c232835b7ddaa5caf80782395e2c0e88fa2720b50f7eb15be5f42f6d0,650383,LordKnightmon,BT5-045,digimon_catalogue_name,1.0.0,candidate_only
digimon,c41f1162a8ead2795971543bce561796451e302f1a1a61637965b690bb07618c,800395,ShineGreymon: Ruin Mode,EX4-074,digimon_catalogue_name,1.0.0,candidate_only
digimon,c44a4cbc115295f27a97e133e340f126435e2fcfafb52de7c24c4e4b091803f1,653665,Ophanimon Falldown Mode,BT8-082,digimon_catalogue_name,1.0.0,candidate_only
digimon,c46fd64d11204042841b3d92264fcb37b633f77251008c7754e9487bc04fa5d6,683289,Hina Kurihara,EX3-065,digimon_catalogue_name,1.0.0,candidate_only
digimon,c530fe4dfe76c1965bee00a8d2a196d22219e6291cc5ad8d0a75a8dfd1d47fd9,818304,Lanamon,BT18-023,digimon_catalogue_name,1.0.0,candidate_only
digimon,c551f92b5ae3b8712007b13dd441f163cd688958306fb458c333945831db63ca,683299,Examon,EX3-074,digimon_catalogue_name,1.0.0,candidate_only
digimon,c55a5f8f72b1019f72c77f50562cd41cae2c7244b7c81c642783257657e03f89,732752,Imperialdramon: Fighter Mode,BT12-031,digimon_catalogue_name,1.0.0,candidate_only
digimon,c684856055caa7b1724f8b792d9642763765cfa31d261d5188930ed5d344b69c,732824,Arcturusmon,RB1-031,digimon_catalogue_name,1.0.0,candidate_only
digimon,c69fa4ec0459e31f525f4989fc9a3da13b15ad9e2c08486e57b1fd608427f722,650382,DanDevimon,BT4-088,digimon_catalogue_name,1.0.0,candidate_only
digimon,c6d392448c7edced9cd04aedbb1811ed4db3d5811299ceeaf43ee4470c6866d6,867883,Hiroko Sagisaka,BT24-083,digimon_catalogue_name,1.0.0,candidate_only
digimon,c6e9dad9f1def83197918efddf41912cbd516b360e24878f42fccb79514e1093,739979,Lillymon Ace,BT14-049,digimon_catalogue_name,1.0.0,candidate_only
digimon,c71131c1fc751b2c619b0a8ab67a3337df46ff62cf4baac99e6d5f557be40ef9,864494,Aegiomon,BT24-034,digimon_catalogue_name,1.0.0,candidate_only
digimon,c729425257a4f8fa28fead86872814db93c05fa4f6a9cdac31a17c614fb478b1,853016,Takumi Aiba,BT23-089,digimon_catalogue_name,1.0.0,candidate_only
digimon,c74a013d876d537ee0274b3b33baa933dfaa3927e2d5fd0403e2bb9af9242579,847057,Magneticdramon,EX10-036,digimon_catalogue_name,1.0.0,candidate_only
digimon,c7664c09e1697212d4753b05fc87224b682a9eee0faddab3ea4c4536cdb37a51,807854,Violet Inboots,BT20-088,digimon_catalogue_name,1.0.0,candidate_only
digimon,c76f3e702d79822a2a7d2cb0131d11352f28b76b4a0f5afe534adfd8957f08b6,804267,WarGrowlmon (X Antibody),EX8-015,digimon_catalogue_name,1.0.0,candidate_only
digimon,c777900c7c79768a406608b0c6128bec7c1171e5adca83610a2b70d3944d3586,885254,Apollomon,BT25-018,digimon_catalogue_name,1.0.0,candidate_only
digimon,c7d3faabb8fcb4d98e2320f609892115540daa720cabf70b5737a55560573695,830035,Machinedramon,EX9-073,digimon_catalogue_name,1.0.0,candidate_only
digimon,c7e9f372eda2fa99b85216723159b903d277a39879fd9a7e3eb1dafe82fac222,830006,Andromon,EX9-030,digimon_catalogue_name,1.0.0,candidate_only
digimon,c80f2491f7473e665d734b96e7274736e152fa926d8f7b82e8e322111fcd041a,716115,Aldamon,BT7-014,digimon_catalogue_name,1.0.0,candidate_only
digimon,c82a52e3218a70a10eb1d69633693ada421aaa4c5e30c4904889f969c6703bd9,844266,Loogamon,BT20-064,digimon_catalogue_name,1.0.0,candidate_only
digimon,c86878851acf51ffb745c6c5345ce0eef4f4f74153a751b1c495f402a9a6bd3f,749773,Fanglongmon,EX5-074,digimon_catalogue_name,1.0.0,candidate_only
digimon,c9563d6fdc616864ced90efdd948af7735d289f59b4b287392dfe79fdc9a08bb,807843,Examon Ace,BT20-045,digimon_catalogue_name,1.0.0,candidate_only
digimon,ca641df4a8f5bc700a5ab078625a04f3572281820da947d01e2ee4b97a83b281,862157,Magnamon (X Antibody),BT16-102,digimon_catalogue_name,1.0.0,candidate_only
digimon,ca6ebe069d650e760c121719d6030093dc00ddfd194cdb274876ea1fac265133,620764,Sistermon Ciel,BT6-084,digimon_catalogue_name,1.0.0,candidate_only
digimon,caab1973bf58d00ec03cabbbd0b9e45294d5463314ac2af5632f7789582c1039,886282,Greymon (X Antibody),BT11-064,digimon_catalogue_name,1.0.0,candidate_only
digimon,cac0e80a681df9251c3f0a80e225b642dccc1284b3be5b9a7bc318fe65aacc91,873578,Omnimon,AD1-025,digimon_catalogue_name,1.0.0,candidate_only
digimon,cb09866c4f80a7f8735a65af98cba8eaeaddc9439f57f34ae6362671cd5ccca8,802698,MedievalGallantmon,EX8-074,digimon_catalogue_name,1.0.0,candidate_only
digimon,cb19e92ef97b1b98ce41bd5dfb37f501f8fb5683b11f96436cef859cff749364,620088,Omnimon,BT1-084,digimon_catalogue_name,1.0.0,candidate_only
digimon,cc5111bf7d20062b6c57bb3e82fbd9cec816d441c24e8d326ce80ec30efa1dc1,885355,Tomoro Tenma,BT25-090,digimon_catalogue_name,1.0.0,candidate_only
digimon,cc83fb10682b30055adcd5559a3397992e8d9f4e6fb1a5217b10cd8e5fd94a0a,850458,Belphemon (X Antibody),BT23-070,digimon_catalogue_name,1.0.0,candidate_only
digimon,cd153bdb2009f2d663452f7df748c8a967b2e29e23cc0497f0f85392c22bdf8b,755739,Kari Kamiya,BT15-084,digimon_catalogue_name,1.0.0,candidate_only
digimon,cd28e3d09e96eca7b14382453308b21d29cb35ff3aa6807e8a992f60e4ddda22,885299,Habakirimon / Habakiri,BT25-043,digimon_catalogue_name,1.0.0,candidate_only
digimon,cdcf565cb221c6fe7c83988ec249c94f07140f1b242a04db7537b83db8d7c90e,802696,Gallantmon (X Antibody),EX8-073,digimon_catalogue_name,1.0.0,candidate_only
digimon,cdcf999a58b7a87f41f05e6fc31981c3718b2caa847736b952de087b429b9616,811012,Shoutmon,BT19-008,digimon_catalogue_name,1.0.0,candidate_only
digimon,cdfd052267ee7df294c17177b61f7530f643c43a706feeb1b2288f8dea1252f6,793749,Sangomon,BT19-017,digimon_catalogue_name,1.0.0,candidate_only
digimon,cea33230c499b8e61b6e8b2c608f6ee3ba3612bbb8d877814c07696168ea2c17,785183,DeathXmon,BT9-112,digimon_catalogue_name,1.0.0,candidate_only
digimon,cf2126b8b29735d8b7b23c2521af867777a4f495417378a4e57ccb822559dd49,722610,ShineGreymon: Burst Mode,BT13-020,digimon_catalogue_name,1.0.0,candidate_only
digimon,cf6a15a229d99b5f95ff346bf615e572ede3a274a709a45d7369aa7aed899e6b,650385,MetalGarurumon,ST2-11,digimon_catalogue_name,1.0.0,candidate_only
digimon,cf77f33368006a69c3612b6c7a77c099a9b31d7dfdf25b39f4283a708fbe9859,743342,Bulucomon,P-067,digimon_catalogue_name,1.0.0,candidate_only
digimon,cfb642a07521a9b649b1ebd11ee460f87c87589043fedaf81039dd7e27b8b8f1,871147,Pteromon,EX11-026,digimon_catalogue_name,1.0.0,candidate_only
digimon,d0049225bb26af2fe3a6ef563460970d478ea9df6b33d6f1c888d06aca548602,755722,Ryudamon,BT15-056,digimon_catalogue_name,1.0.0,candidate_only
digimon,d02872b112abf2df2e22d65a15acae0433845c5d90b3dfaec6a75decdd09995a,820308,Beelzemon Blast Mode,EX2-074,digimon_catalogue_name,1.0.0,candidate_only
digimon,d0b8e9b7358ec7f3e3afba2650966d7895365cfe5b2f85eeb308f52e1149e4f4,864191,Minervamon,BT24-041,digimon_catalogue_name,1.0.0,candidate_only
digimon,d0e295f542388e658b3887c2c487a473b27a392ea94c61464b0c9e2392129a6e,809488,GrandGalemon,EX7-034,digimon_catalogue_name,1.0.0,candidate_only
digimon,d0f14f083d268dcbf02a9a3321ab409b60a96740d12357d946061bb3279cdda7,872851,Sakuyamon: Maid Mode,ST22-06,digimon_catalogue_name,1.0.0,candidate_only
digimon,d159e58d63ad21611208f721bcbbf49c12bbb56cf0911887ed9c81363a076be7,620931,Lucemon: Chaos Mode,BT7-111,digimon_catalogue_name,1.0.0,candidate_only
digimon,d1c7a7b2eccef0b8ea36c9772a1b0639acc19af02ac586798943c67b91cdc4a7,696441,Mervamon,BT11-086,digimon_catalogue_name,1.0.0,candidate_only
digimon,d1cdc33c76a88fc3c51697051ecc9ed8c436478eb18a8e4d9bdc820761023a5e,749768,GraceNovamon,EX5-073,digimon_catalogue_name,1.0.0,candidate_only
digimon,d22bbc403c4f69ff0057d439f0901955b66e20a066db594f3367487d250c4585,793708,LordKnightmon Ace,BT18-083,digimon_catalogue_name,1.0.0,candidate_only
digimon,d2c1854e85a5cd89fcf7e2f483323ffe218b3c0eef14509b17c9758a8adb3eb7,650848,Paildramon,ST9-05,digimon_catalogue_name,1.0.0,candidate_only
digimon,d34be6307203d4abea97b316b37a4e70dbf5eb5b5733d589dade4b97267a3dcc,705436,GeoGreymon,BT2-035,digimon_catalogue_name,1.0.0,candidate_only
digimon,d3791cdb1719223a8c2e1b1a6420fe45cc29e4b8fbc996bbe2d89239775fab28,873573,Marcus Damon & Agumon,AD1-021,digimon_catalogue_name,1.0.0,candidate_only
digimon,d3b2cb9ded23718451f2c39159962abe97e7b466c04019d17db34822ae705e6d,679551,Sakuyamon: Maid Mode,BT10-041,digimon_catalogue_name,1.0.0,candidate_only
digimon,d456f44d7c36bfd225cd76072dabd1052d69d14bfa76f546796d1c4318d29201,679812,MetalGreymon,BT10-024,digimon_catalogue_name,1.0.0,candidate_only
digimon,d4c94714d8abe52f833a46246b443d5acc6b73f0f59673d367090312f82cef31,854909,Aegiomon,P-194,digimon_catalogue_name,1.0.0,candidate_only
digimon,d4e7562fd6736db4cc5b2d4194f1fa6d5e6443c891dc6a989c6858a3ff5b3fea,847066,Beelzemon Ace,EX10-074,digimon_catalogue_name,1.0.0,candidate_only
digimon,d5419c083bafca4c2c8b152eba2d8316f4b5ec8e689a6e1cf2a2f51eb10d506d,779727,Eosmon,BT17-076,digimon_catalogue_name,1.0.0,candidate_only
digimon,d55ef3a71b22dffd29e8b6119492d619fd32a2320dde8ac433ede1e92ba17886,769523,Magnamon (X Antibody),BT16-102,digimon_catalogue_name,1.0.0,candidate_only
digimon,d5758ec7a6d89ef47fdc9629b632065051802061d6d819be08f7a8caf63bdf8b,806243,Omnimon (X Antibody),BT20-102,digimon_catalogue_name,1.0.0,candidate_only
digimon,d5cef29b3417665f2e5623e17f26efcd552504f3a108957ce4ee19ba9f5fa7a8,835227,Alphamon,BT22-063,digimon_catalogue_name,1.0.0,candidate_only
digimon,d62797ef388e8af964a6e48313fa97732692cae1c261b043dc08ac28660d579e,708377,EmperorGreymon,BT12-017,digimon_catalogue_name,1.0.0,candidate_only
digimon,d654a3839bafa10edb6679d8fd81a04e16e2473cd1e409b1c781c87e64a19265,809530,WarGrowlmon Ace,BT19-011,digimon_catalogue_name,1.0.0,candidate_only
digimon,d71d5c0408cfe3bda6c4690f4c06cd90e6384768b9330927c01e348cd32a0c88,620026,WarGreymon,BT1-025,digimon_catalogue_name,1.0.0,candidate_only
digimon,d7a64238a5a9616b6b30f1b1f7a39e16801576ffea6243ed374262fe61eea2f1,708449,Beelzemon (X Antibody),BT12-085,digimon_catalogue_name,1.0.0,candidate_only
digimon,d7d644c6dc6e2cd98c983132cde3259038e539b899127e9768ca3fc3571c9dbf,853021,Mastemon,BT23-102,digimon_catalogue_name,1.0.0,candidate_only
digimon,d8098d0864d84ca8c83476ae09c04a6f2a1e5d42d0d284f1fd8031b125332904,879391,RizeGreymon,BT13-015,digimon_catalogue_name,1.0.0,candidate_only
digimon,d823c8dfc997a35ac78f9364888ffd1c29f86605202d566d489cebcf55fcb056,755719,MegaKabuterimon Ace,BT15-049,digimon_catalogue_name,1.0.0,candidate_only
digimon,d89374a1371f25fe66b1a296da2afb76979a8cf4860380f53dab2b40abe36df0,850482,Hudiemon,BT23-101,digimon_catalogue_name,1.0.0,candidate_only
digimon,d9c432b1fbf13c1f7f4d3e33058c4766d23e9ec70fbc6bc3fb0fbe53ea79d35b,844267,Loogarmon,BT20-070,digimon_catalogue_name,1.0.0,candidate_only
digimon,da38c017be0db6fcf0eb10d68ba29e656000dbe876c206781bafa1c0bd0ed0c2,785203,Ukkomon,BT16-082,digimon_catalogue_name,1.0.0,candidate_only
digimon,da5b7045e9e1ab0d5e3d44c3a428ba7d9066bd208d656dd36e10be2752d64d4a,864234,Titamon + SkullBaluchimon,BT24-081,digimon_catalogue_name,1.0.0,candidate_only
digimon,da5e66f9e5dd6e774a6bf9a95d0a7b7d476df9493d92513601790f2f4eb2b8cc,620063,MagnaAngemon,BT1-060,digimon_catalogue_name,1.0.0,candidate_only
digimon,dabf2dde121f8a0e76cae1c90ffa6796ab8767a10f6250b1dd0b158702bb1d14,862162,MedievalGallantmon,EX8-074,digimon_catalogue_name,1.0.0,candidate_only
digimon,db1c5bea4b96c14197da1205c1761801c24f2380e8a9084fb7f3d3f3380237cf,802699,MedievalGallantmon,EX8-074,digimon_catalogue_name,1.0.0,candidate_only
digimon,db3084383ab637eabd2753d825cd7e6650dc4214196923f09a470e058882ab4a,775354,Cherubimon Ace,EX6-035,digimon_catalogue_name,1.0.0,candidate_only
digimon,dbb399a9a9f9a79f82cee5156732552fcf51acfbb7679e70e053df4be019b271,693828,UlforceVeedramon,BT2-032,digimon_catalogue_name,1.0.0,candidate_only
digimon,dc1a193e78a39e0769540604ae931e7b2eb6c61f8e1562388cd43b0683356cd5,786079,Zephagamon,EX7-036,digimon_catalogue_name,1.0.0,candidate_only
digimon,dc5702e54985237dc2700be2ed7fe63ed5484c9bd2e087cb20b4839c7ff9e915,817748,Tai Kamiya,BT21-102,digimon_catalogue_name,1.0.0,candidate_only
digimon,dcbe47a5573892ccc73e7f5179967c0261870ac2b94003cd294b09f1fb3a48a3,812061,Omnimon Ace,BT17-078,digimon_catalogue_name,1.0.0,candidate_only
digimon,dd3cb89c59813d344317e53edb6a17fae7994b5762cefc93aad1b857e1f1b829,806638,Chaosmon: Valdur Arm,BT20-037,digimon_catalogue_name,1.0.0,candidate_only
digimon,dd60cea206d4343703879dccba6d1c04f19332c96948fbc1d7b9960671093c7b,650313,Commandramon,BT3-059,digimon_catalogue_name,1.0.0,candidate_only
digimon,dda94bd284156634e666bcc97fd142b1164ca5ee5de8b4e88ac73eb708238bb7,885336,Vulcanusmon,BT25-075,digimon_catalogue_name,1.0.0,candidate_only
digimon,ddbed699a75558c982c729d2ec5e40745fcc220737965d4f1bf6c5b4040d083c,769453,Valkyrimon Ace,BT16-013,digimon_catalogue_name,1.0.0,candidate_only
digimon,ddd819e0c6f9c49f8c749a84538b82930bb3b584af39650f3d9f9dfb144c8525,749785,Anubismon,EX5-062,digimon_catalogue_name,1.0.0,candidate_only
digimon,ddf890027bed2cfb89574d6f9c7c0e2f089314082458d9e84a840a6889ca7c71,885358,Asuna Shiroki,BT25-092,digimon_catalogue_name,1.0.0,candidate_only
digimon,de604b3d853c00afacef9369ab55064177821ba9e8f1fb47ef716e701031c98b,650850,Imperialdramon Paladin Mode,BT8-112,digimon_catalogue_name,1.0.0,candidate_only
digimon,deeb3237d768b15002f14830e56d0584d32a2c61a75d24f2f9f144ae42acc287,785210,Raremon,P-101,digimon_catalogue_name,1.0.0,candidate_only
digimon,deef0798ee31efc2ac026b144c9d6f165e3d0348943d3db715d1286cf5591d07,807850,Necromon,BT20-079,digimon_catalogue_name,1.0.0,candidate_only
digimon,df6a5129d09b94b6a55b5d2ee81578e223ab1e12f4a5bc0e6e6f6f36287ea8f6,870982,Elizamon,EX11-008,digimon_catalogue_name,1.0.0,candidate_only
digimon,df7185904db3d4d3cd86a1801046de91956929a7e759c77f4cc0ad8f73cfc6d1,755742,Shuu Yulin,BT15-087,digimon_catalogue_name,1.0.0,candidate_only
digimon,e06670ce3778e76a6be56f8c0fa9ce8062ae7a46cf05705e9db9c7d7a1d9b6ef,873557,Shoutmon X7,AD1-006,digimon_catalogue_name,1.0.0,candidate_only
digimon,e07093b5cfc14016d09cb3cf45eaeac4d15e331094b3d04d8b6d302ed8706507,830016,MetalTyrannomon,EX9-043,digimon_catalogue_name,1.0.0,candidate_only
digimon,e095c98fa968c8efe77a9a7da447fd04eada83f1396c43c939610763b7c55980,749709,Fanglongmon,EX5-074,digimon_catalogue_name,1.0.0,candidate_only
digimon,e0b37d1fee5978f76913f06e79a7ae273c3b2b5774ca974a401749fb7c8deb7e,793737,Lucemon: Satan Mode,BT18-101,digimon_catalogue_name,1.0.0,candidate_only
digimon,e0f1f07f19b4172a1a14a1d22de3888f5a5caff3aa5dcc721f5e12d34ce851bc,779737,Koji Minamoto,BT17-083,digimon_catalogue_name,1.0.0,candidate_only
digimon,e17d3e47e3e85c96b00dca1eab1a6c5785687381080910dc4d7d20f4cd49ec61,829994,MetalMamemon,EX9-018,digimon_catalogue_name,1.0.0,candidate_only
digimon,e1887332cfd7445900f17d7fea49f0189c12b62189fe58b7ca175a84264ac708,835499,Chaos Degradation,ST10-14,digimon_catalogue_name,1.0.0,candidate_only
digimon,e290b4d0ca41cd6d91a2c31a302b983578be453efe463926da6dc87f3b3f447c,749786,Leviamon,EX5-063,digimon_catalogue_name,1.0.0,candidate_only
digimon,e29f8e2e3da6a8c2364f6de54be2b65da46f64c90fe4645dd6a42009b35d9148,871032,Hanimon,EX11-020,digimon_catalogue_name,1.0.0,candidate_only
digimon,e2bada3017f4467ac0fe0a920420f8ab148f598cd403d849530d4e37bdad5919,774453,Lucemon: Chaos Mode,EX6-054,digimon_catalogue_name,1.0.0,candidate_only
digimon,e2ea8b86c8365d352477f13efc85430474caa86bd75c631166406c024c35fd3c,714458,Takuya Kanbara,BT7-085,digimon_catalogue_name,1.0.0,candidate_only
digimon,e3034b6072cdb40b99571c4d453e036c5a58048469e62cf86af96b33dce5172c,749730,GraceNovamon,EX5-073,digimon_catalogue_name,1.0.0,candidate_only
digimon,e32b241405f158fb883c01e72bec7e191c64016d05b74887e3edfb4c420fb0c8,650847,ExVeemon,EX1-014,digimon_catalogue_name,1.0.0,candidate_only
digimon,e3dea383a77a6476fc2cd85b96dbf9de4b61aca9407f451fb9eb979aa9fb107c,653246,Megadramon,EX1-007,digimon_catalogue_name,1.0.0,candidate_only
digimon,e482f47cc408575b54556b9f68bed0b56e646f8b6f1a211ab03f5561730a8ab9,772029,Terriermon,BT3-046,digimon_catalogue_name,1.0.0,candidate_only
digimon,e4be9244bbaa5f703e380ce1acc8732766be0621105a183cb7b13ce581117787,817754,Gabumon,ST21-10,digimon_catalogue_name,1.0.0,candidate_only
digimon,e4dd79c0c2b8da1d34c5249f555bee8d6db11324d14276e54fbd80a4d6cac129,650303,Agumon,ST1-03,digimon_catalogue_name,1.0.0,candidate_only
digimon,e4de08bf0368e324b704b5b290626dbf49ff35807958f5788d5408151b105c84,765850,Fenriloogamon,BT14-081,digimon_catalogue_name,1.0.0,candidate_only
digimon,e4ea5dc5b99751edb54a9efafdc14cbed59a16e86ae4a533119313539a837dd3,803495,Sakuyamon (X Antibody),EX8-037,digimon_catalogue_name,1.0.0,candidate_only
digimon,e6101e9725a2a2a694d5ba46fca9b533ee7e2b402d4a6d401bc8962ae9c2757b,873686,ShineGreymon: Ruin Mode,EX4-074,digimon_catalogue_name,1.0.0,candidate_only
digimon,e62803be0a715d69be072e66b4c0f2c0e1d1715951affdbdacd9d679378316b1,743353,Hi-Commandramon,BT14-060,digimon_catalogue_name,1.0.0,candidate_only
digimon,e62fd11f6fb59aefc5b79c7744dbf71358b46186aa6ca50bc36e339e9b17a1c4,650386,Greymon,ST1-07,digimon_catalogue_name,1.0.0,candidate_only
digimon,e655a3fcdb43faa1e8440fd6bd8d3e23c8922de6305affcb09d2621d13b78322,845345,Boutmon,BT20-034,digimon_catalogue_name,1.0.0,candidate_only
digimon,e6c4cd8e7dc2ba3d4637d150e9a4057fc30852a3fef912c4c760a42fb397685e,663526,WarGrowlmon,ST7-08,digimon_catalogue_name,1.0.0,candidate_only
digimon,e71fde85704cd42fa37a8658ddfc0fd17f39d728ab6da2d5463ea99a90dd6660,722608,Jesmon,BT13-017,digimon_catalogue_name,1.0.0,candidate_only
digimon,e7620ea4f064f5b6605a8189a43c0d83b20f9f32ce9d3d74521746785d380ddd,862857,Mental Training,P-104,digimon_catalogue_name,1.0.0,candidate_only
digimon,e86c243a75435b2ef9df1351411974e21a8d4fbaa6c2527bb524d02d0cbb2e9a,650374,Agumon,ST1-03,digimon_catalogue_name,1.0.0,candidate_only
digimon,e8d1a8433d49b0f0b812674b5150c9a3191acd68e77a471f804ae8ed1db21cd1,803491,MetalSeadramon Ace,EX8-026,digimon_catalogue_name,1.0.0,candidate_only
digimon,e8d4a9cd12674587f091eb44515a75d6656816c9482a8e6e48baa743880d931f,872844,Titamon,P-209,digimon_catalogue_name,1.0.0,candidate_only
digimon,e8f76b84c702942f32ac018a891828d3eaee2cca58978664825f99b726c3a105,778478,Flamedramon,P-137,digimon_catalogue_name,1.0.0,candidate_only
digimon,e8f7d7bc1791bf4da705dec089bb3cff26b3ca6810c6412493907277e12610f0,793736,Lucemon: Satan Mode,BT18-101,digimon_catalogue_name,1.0.0,candidate_only
digimon,e915f26bc49b51019d6524389b1cdb1c4903fe16e48166e9139e6ba17af9e63d,650365,Machinedramon,BT2-066,digimon_catalogue_name,1.0.0,candidate_only
digimon,e92e89059cf9780bdb3bdd28f76ea78bfbaaa53f700dc7149caad51fe36eb469,716107,Canoweissmon,BT10-011,digimon_catalogue_name,1.0.0,candidate_only
digimon,e9633e96cf071c13e6c564afc08ac272be0cd3badd5ab9503e1a51035abb7e39,707866,WarGreymon,BT12-070,digimon_catalogue_name,1.0.0,candidate_only
digimon,e992d82e92bccc7d0a6ab47f5bc91c07d72814d2ee4d0188afd4d32633b46e41,789150,Purple Memory Boost!,P-040,digimon_catalogue_name,1.0.0,candidate_only
digimon,ea3ce02d1010fd7663bc12c8ae090b7f4db87e77044d3f953eabc55a77cfb699,864241,Dan Yuki & Kanan Yuki,BT24-085,digimon_catalogue_name,1.0.0,candidate_only
digimon,ea7a719bb6577d9d2d47d7e3017862a6571fe192c75da6a04dc44177f1d305fd,716113,RizeGreymon,BT4-017,digimon_catalogue_name,1.0.0,candidate_only
digimon,eb1c8dc0539d83dba82e03096defc02ff340bc9b18086716f8f2b8ba20ba0b12,798921,Gabumon,BT17-019,digimon_catalogue_name,1.0.0,candidate_only
digimon,ebd9424a2bffe606c997e173ddcdfba3d64314cd05b649a6edf6f5519a961c89,873826,Siriusmon,AD1-007,digimon_catalogue_name,1.0.0,candidate_only
digimon,ec0b651a2f6e08d443fac996a70322ee3fb4770bfa84828a0a1fc264533f1672,835272,Yuugo Kamishiro,BT22-094,digimon_catalogue_name,1.0.0,candidate_only
digimon,ec26df3efaec96b864ac8b2ecb9e163826e4a0318a22ef8dc24667b7d02c675f,779732,Takato Matsuki,BT17-080,digimon_catalogue_name,1.0.0,candidate_only
digimon,ec3f2c079387de8946816e4904e371b64459f92db6e6e118ec02b720fd040d6c,860895,Magnamon,BT21-036,digimon_catalogue_name,1.0.0,candidate_only
digimon,ec534c1479bb9c0bf71af54f0404d8cf3ed073a0a2a03c20237560eb161cad86,851859,Fei,BT23-083,digimon_catalogue_name,1.0.0,candidate_only
digimon,ec86bef0bbd6c01f71cbcc875be89fbfe2b3872e714f238f0aca1400f3fba7d9,790573,PlatinumNumemon,BT14-066,digimon_catalogue_name,1.0.0,candidate_only
digimon,eca7ba0734afc1e1f552f7b8fc9b2197b6d5bed811a7b87f8e7f18f2117fce20,693830,Mastemon,ST10-06,digimon_catalogue_name,1.0.0,candidate_only
digimon,ecb531fbdfb1584ac87c98f3de487dada69e748717fcdc08ec3def6a3e15cec3,779731,Takuya Kanbara,BT17-079,digimon_catalogue_name,1.0.0,candidate_only
digimon,ed3e9378d30962c836d3800925387cc8a979c8ee42ea353542e76efb7f27a8d6,669322,Alphamon,BT9-066,digimon_catalogue_name,1.0.0,candidate_only
digimon,ed81c2dd042c27be1d6f4a756904bf80d1071a8b32708254ce50974ec83e548d,801965,MedievalGallantmon,EX8-074,digimon_catalogue_name,1.0.0,candidate_only
digimon,edb4e7bbd67b366b6f569a79f2a00ed289ecfbe6ff6c08ff0110fb25b3736a0a,886284,Junomon,BT25-044,digimon_catalogue_name,1.0.0,candidate_only
digimon,edbc4213c11e867f173f12e662dfaeb45e6ab9f762adf096b08da60740b6ec46,873572,Marcus Damon & Agumon,AD1-021,digimon_catalogue_name,1.0.0,candidate_only
digimon,ee366f807fa787a6e721e57bf0dcc82568fbd7077caa8af132faf5e3f6d55995,885347,BeelStarmon / Fly Bullet,BT25-085,digimon_catalogue_name,1.0.0,candidate_only
digimon,ee559e53f1d52dfd54b55020732f89bb4a20bcf19f6d298241d19f958bc8376f,818296,Galacticmon,BT21-062,digimon_catalogue_name,1.0.0,candidate_only
digimon,eea2b7214b09708fd6c4323d0ae023f10f2fafad9d9b702c46eacbc0f945d9a8,807841,Imperialdramon: Fighter Mode,BT20-020,digimon_catalogue_name,1.0.0,candidate_only
digimon,eece516f7d695fec8b4c9203021dd149fb624e4e5449f79cceb13dbe04243830,803503,Piedmon Ace,EX8-062,digimon_catalogue_name,1.0.0,candidate_only
digimon,ef364b2ddf3ccf0b5ab432d2de218de711d196bb40e4fe7838a8536fb484b4e7,779694,ShineGreymon: Burst Mode Ace,BT17-041,digimon_catalogue_name,1.0.0,candidate_only
digimon,efebfd0570ebc5483acc65224d2dccbd61eb22abf311c3c9c07c7daf8a8c5c80,879364,Imperialdramon: Fighter Mode,AD1-024,digimon_catalogue_name,1.0.0,candidate_only
digimon,f015f64dc46859b7dcb103ed4fd73127c8a84ad462f6b64ee5342566fb170004,862153,Venusmon,BT10-042,digimon_catalogue_name,1.0.0,candidate_only
digimon,f0eb1937c7fa09c962f6178670fc4d49251f949dac85b9611f5cba3e538947fc,885372,Gekkomon,ST23-06,digimon_catalogue_name,1.0.0,candidate_only
digimon,f1529ac4c11c6e8e48667d602de256cb358f6e07478737c82c4879e2126df543,871004,Tyrannomon,EX11-009,digimon_catalogue_name,1.0.0,candidate_only
digimon,f1d8cbfa214593dce9d5bd243b9a1fa4e990110e081619720d7c2f79c3c8970f,690044,Dorumon,BT7-056,digimon_catalogue_name,1.0.0,candidate_only
digimon,f242743d643d51536f64b3d886165ceb6d5e1a641ebc0d7832d67d7167ee1700,847061,Lucemon: Satan Mode,EX10-060,digimon_catalogue_name,1.0.0,candidate_only
digimon,f2abff653b2411b4b3c201368cd7b7824018c43a084903298bf944a03c8b1c35,853019,Hudiemon,BT23-101,digimon_catalogue_name,1.0.0,candidate_only
digimon,f2e3e231dd4fe5d3a78fb42ff05d2120d3d6d9cebc72e4291144a62d40871186,775366,Diaboromon,EX6-043,digimon_catalogue_name,1.0.0,candidate_only
digimon,f317256407512f00c5f9ecb1ae26939775786af12a23317c58bc67d911278737,653258,Bokomon,BT7-081,digimon_catalogue_name,1.0.0,candidate_only
digimon,f3185d45c11e807c327ca930d458c0ae15ef493984c17c309640c7ea02f9f6c6,817751,Agumon,ST20-10,digimon_catalogue_name,1.0.0,candidate_only
digimon,f39a3355d877cd401125522406859567ee4292b087eefcf3fed7e4c5e6122e50,750694,Zubamon,P-097,digimon_catalogue_name,1.0.0,candidate_only
digimon,f3baeda6c79b08429c627f8009024684c57b74fa21e9b607d00600c40aa3145b,807860,Omnimon (X Antibody),BT20-102,digimon_catalogue_name,1.0.0,candidate_only
digimon,f3e5781b53bd3af86e501d2119cf4717c78e83b341afb46e94d230290f8385e8,807847,HeavyMetaldramon Ace,BT20-077,digimon_catalogue_name,1.0.0,candidate_only
digimon,f48b5e8ce32385ad8365000583dd3fa9e328d3682f0000835e89e4da63f5d1bc,872968,Gammamon,RB1-005,digimon_catalogue_name,1.0.0,candidate_only
digimon,f55ef14cb67d83db9b8bab8e0e733a65199f554d1c447fba6461f0304f2cfacc,860899,Pteromon,ST18-04,digimon_catalogue_name,1.0.0,candidate_only
digimon,f586f173f2dc41696edf4de9a07ba42c2bb8e52694f9eb6ca9a6855085d633e8,835242,Dianamon,BT22-077,digimon_catalogue_name,1.0.0,candidate_only
digimon,f5a4cdae82d789a8274da9c9eebb83318f29e49e7780aa29bf78d88b7c5e39dd,835170,Omnimon,BT22-015,digimon_catalogue_name,1.0.0,candidate_only
digimon,f5a916f1539a3553208355c99a011e51cdd092f4052346e2be0438a8c09267f7,744902,Morphomon,P-112,digimon_catalogue_name,1.0.0,candidate_only
digimon,f5af412428714e03b61222e3d635cb807fcfde8e304191e30d29440dec14e793,669360,DexDorugamon,BT9-075,digimon_catalogue_name,1.0.0,candidate_only
digimon,f5c9af2891c734a6c1834bcd937fb0b9d7159b215e5d80749177ad7df09c198f,620744,Impmon,BT6-068,digimon_catalogue_name,1.0.0,candidate_only
digimon,f6157988810cff1342b96d8c38ff2312fcb3a062c4a7f545bf8b5a5b243ff297,777516,Imperialdramon: Paladin Mode Ace,BT17-077,digimon_catalogue_name,1.0.0,candidate_only
digimon,f6bad4ee8c50a49b23ad5d26a63508e61a6b5afacae13263a325a710184f9c5a,872829,Greymon,AD1-001,digimon_catalogue_name,1.0.0,candidate_only
digimon,f6caf939cdfe11acb62990756f1cead3629b33cb1c3df60485cca1eda970af9c,801890,Arisa Kinosaki,P-136,digimon_catalogue_name,1.0.0,candidate_only
digimon,f6e1a47d8eb3e4862166110cc27c13feedc9c0fbd26c540794976efa1dd31101,670093,Dorugamon,BT7-062,digimon_catalogue_name,1.0.0,candidate_only
digimon,f76f75cab4713cb0438e4906fb75d48b60ffe6abb8b21d2c890e4df08e9f1bf2,650024,Analog Youth,EX1-066,digimon_catalogue_name,1.0.0,candidate_only
digimon,f8288196b8d9b003ffc71f0b1ac4e13220921908574c410c96828a35f5f9ca36,851868,Mastemon,BT23-102,digimon_catalogue_name,1.0.0,candidate_only
digimon,f82cc856424d933c738b06db98ab9113cd8e197250782204557eb657f37bdc78,786236,Susanoomon,BT7-112,digimon_catalogue_name,1.0.0,candidate_only
digimon,f87604150deda34b0772ba7229cc1eaf092459c0e0c218df193a51abf3b6b9d3,734526,Blue Memory Boost!,P-036,digimon_catalogue_name,1.0.0,candidate_only
digimon,f89e67b95cd86566f88a08d5e286c46e4d8984c4f29ba20725af50c329b9fb8c,786228,Vortex Resonance,EX7-074,digimon_catalogue_name,1.0.0,candidate_only
digimon,f8bcbabaf116f5a61899b017988dda98bd8e2bf9dc5f9f83120da48f1baaee44,756197,Helloogarmon,BT14-078,digimon_catalogue_name,1.0.0,candidate_only
digimon,f8f990477e53bdbd670d2dc299360a1f31a7e9e8f13b23279ae1c6df3f54468d,760079,Rapidmon,ST17-06,digimon_catalogue_name,1.0.0,candidate_only
digimon,f955c2606cf81fcbda042aeb2261b13e843febf99b765667d603591f31ca1fdc,806229,Invisimon,BT20-055,digimon_catalogue_name,1.0.0,candidate_only
digimon,f9e29a6d6a64a3c8a0b7456b3bdff9e5d07991bd6c882f0c9f04aad2dffa1260,764404,Magnamon,BT13-040,digimon_catalogue_name,1.0.0,candidate_only
digimon,f9fe68b408d8c83b89ce55131a3231b381a99b107dc2fa7962688e7e8ad30bfd,790567,Royal Knights of the Purge,BT13-110,digimon_catalogue_name,1.0.0,candidate_only
digimon,fa5db90fd764af6b1685adb7e43788b76d9159989332e14e50e5bc79c24025d5,665439,Viximon,EX2-003,digimon_catalogue_name,1.0.0,candidate_only
digimon,fadd4d8ac8c4968db858a48eda67f6b3a2c298562d96370e929b2ebd9f9ed6f0,803497,HerculesKabuterimon Ace,EX8-044,digimon_catalogue_name,1.0.0,candidate_only
digimon,fb0ae7041f821ef3b0b56a368e92ce1e1057d30685acef862558f1050fdf9ab2,755688,Garudamon Ace,BT15-014,digimon_catalogue_name,1.0.0,candidate_only
digimon,fb684ec01dd192e8735b6acf3679377b1c8067081635c34ff65cf8a74d988be7,694938,Rina Shinomiya,BT11-112,digimon_catalogue_name,1.0.0,candidate_only
digimon,fbb69c623219a044e2bf650b733e39e39addf72b57d9d946294363fa1e2f6218,793701,Velgrmon,BT18-079,digimon_catalogue_name,1.0.0,candidate_only
digimon,fbc8986210666dbb9f9d3eab6a0b7d18df123bd0e4a2853658ef399231aac832,744174,Satsuki Tamahime,BT14-086,digimon_catalogue_name,1.0.0,candidate_only
digimon,fc4c8bf318ab89024bacf53f676ac98db56730ff36dcfaa8e22e893f09d008e7,669308,Omnimon: Merciful Mode,BT9-083,digimon_catalogue_name,1.0.0,candidate_only
digimon,fce73a18e0ec1e5c25da1b4d08b71cf006305fdfad838d1d239774c1274fa31c,650384,WarGreymon,ST1-11,digimon_catalogue_name,1.0.0,candidate_only
digimon,fce8741f755ffad0dc0a23df2591638bb809b8aeb6bcefb9421fb3d46b6ed719,663523,Growlmon,ST7-05,digimon_catalogue_name,1.0.0,candidate_only
digimon,fcef4e7eaba501e928f0429c9304a1e31e5a2ba552dde72b92af9ec567ea790e,864259,In-Between Theater,BT24-100,digimon_catalogue_name,1.0.0,candidate_only
digimon,fd3ab8c50a19a28ee49b98b0d84a59e98b408e172c1ad03a25f4b4f534887b15,696440,LadyDevimon,BT11-083,digimon_catalogue_name,1.0.0,candidate_only
digimon,fda84309de358e095f80b91140209bb69e0cf9cec842a1696fb25b1073424089,871027,Ryugumon,EX11-018,digimon_catalogue_name,1.0.0,candidate_only
digimon,fe2de23dc8e03f22da859a585ca151173e15249e4cbf0da05e04bb2b29e48dc3,793689,ShadowSeraphimon Ace,BT18-071,digimon_catalogue_name,1.0.0,candidate_only
digimon,ff409a039f9fdc0c1553bc5de207d0a917dca48932d9f63fa68ee27d6acfc97d,807838,MetalGarurumon,BT15-101,digimon_catalogue_name,1.0.0,candidate_only
digimon,ff7ce32ab4e60e399b24c85bbbfe428ef48d3a8833b2c61821d17761c84f65b4,722637,Craniamon,BT13-077,digimon_catalogue_name,1.0.0,candidate_only
dragonballsuper,17b662631afacf7c2e83980e6d9664e16efb48d2732473c5d32807313d21d089,679417,Vegeta,P-433,dragonballsuper_catalogue_name,1.0.0,candidate_only
dragonballsuper,20285ba4e701abfc9fadd69cf3c87bcb6fcf549c5e08dd4643b3a29eb375df72,883641,Energy Marker,E-111 Energy Marker Pack 09,dragonballsuper_catalogue_name,1.0.0,candidate_only
dragonballsuper,2109359e39b5e22506a35eb882efe01a8d26e0189214734118fe0846828d01d0,883647,Energy Marker,E-114 Energy Marker Pack 09,dragonballsuper_catalogue_name,1.0.0,candidate_only
dragonballsuper,2f91c06683fdecb29f3d11eb063c3bd72049ec5c7ebcf42e5464baf39370f6cb,850079,Energy Marker,M-11 Premium Anniversary Box,dragonballsuper_catalogue_name,1.0.0,candidate_only
dragonballsuper,3027e14d5678554d60983eca98b791970c0e038a78216bde8b92d5ce19184348,883646,Energy Marker,E-114 Energy Marker Pack 09,dragonballsuper_catalogue_name,1.0.0,candidate_only
dragonballsuper,3915d9059fa176cfa8d86738ce73d2fd9786f5bf578b2af6147b1fc79700ebe6,883648,Energy Marker,E-115 Energy Marker Pack 09,dragonballsuper_catalogue_name,1.0.0,candidate_only
dragonballsuper,438087c3195d8397cc153832bb03c86f6fcb268b43418b7aea1bbd7c96c1d216,883644,Energy Marker,E-113 Energy Marker Pack 09,dragonballsuper_catalogue_name,1.0.0,candidate_only
dragonballsuper,43f9ba9620a36bc44e99a706edfa92cb140fee74c7cf956f194e0df91df93339,883646,Energy Marker,E-114 Energy Marker Pack 09,dragonballsuper_catalogue_name,1.0.0,candidate_only
dragonballsuper,44ab037f07276400ef02388d07455558e6bf415c5a4f4a468ca4835d0ca2a832,773876,Energy Marker,E02-04,dragonballsuper_catalogue_name,1.0.0,candidate_only
dragonballsuper,496cef9be138e257e99342e7597176fa51845af920f990ac3d04f8cc532ab9fe,874446,Energy Marker,M-31,dragonballsuper_catalogue_name,1.0.0,candidate_only
dragonballsuper,4e5c5afebd385146daae0a6ffd084aad767f147069ee65d47ccb73ace77bcee1,850090,Energy Marker,M-17 Prismatic Clash,dragonballsuper_catalogue_name,1.0.0,candidate_only
dragonballsuper,50e46d543279065ac02174533207aa80f542c0d60ba92c61c3264148495efda2,883650,Energy Marker,E-115 Championship 26-27 Wave1,dragonballsuper_catalogue_name,1.0.0,candidate_only
dragonballsuper,57d55681ed555abec9d56e3406801b9b60a150224d09383fa4d451e4cfb7d177,874442,Energy Marker,M-29,dragonballsuper_catalogue_name,1.0.0,candidate_only
dragonballsuper,5ab1233d8158ec93ff7cb4f4bb603edfb3ad6bb478c3a68676f06d6dd1d78fe6,773872,Energy Marker,E02-02,dragonballsuper_catalogue_name,1.0.0,candidate_only
dragonballsuper,5c853d4e8460b2862e27c12ef9a1d4e3155123571be8fc36610fff4ac4867bc4,818621,Tien Shinhan,BT25-006,dragonballsuper_catalogue_name,1.0.0,candidate_only
dragonballsuper,5edcc6376fc5e852ea88e087835c3fa4556dd31f76ed7422c453f8951ca8fac9,850094,Energy Marker,M-19 Prismatic Clash,dragonballsuper_catalogue_name,1.0.0,candidate_only
dragonballsuper,61798bceb9ddbe1d6527ad050228d65df1e32bf6d9772d4e2351fde12f2dbbaf,867209,Energy Marker,M-38,dragonballsuper_catalogue_name,1.0.0,candidate_only
dragonballsuper,620186c1ceb04854f9c250207e9f24cd86bfeb4dbfba3f3d320085905fe43b8a,874440,Energy Marker,M-28,dragonballsuper_catalogue_name,1.0.0,candidate_only
dragonballsuper,63b4dc7d177a35cf77a505896f49767b3457c70027db8338ad63a414d0385f08,883649,Energy Marker,E-115 Energy Marker Pack 09,dragonballsuper_catalogue_name,1.0.0,candidate_only
dragonballsuper,65d82a14a1e9b0e437c731c1bc892b05991d22eeafa36d7027e222573eaf3c50,850078,Energy Marker,M-10 Premium Anniversary Box,dragonballsuper_catalogue_name,1.0.0,candidate_only
dragonballsuper,6f79c3354c4d804a55b2872a91e3823b049829e61bde67219e7790bb0129d4fd,883645,Energy Marker,E-113 Energy Marker Pack 09,dragonballsuper_catalogue_name,1.0.0,candidate_only
dragonballsuper,72ff10e0b7449189b9dfe78f5e172a76d431ca801dd082a850fa67ff27818363,883643,Energy Marker,E-112 Energy Marker Pack 09,dragonballsuper_catalogue_name,1.0.0,candidate_only
dragonballsuper,78a324dbd3cf1b67f70c58ef58593e360ac90794c88b77f41f282915a4b61099,853522,Energy Marker,M-35 Gogeta,dragonballsuper_catalogue_name,1.0.0,candidate_only
dragonballsuper,7a967c54269b51c79a92970f7f58caccfe491f4085b70667593ac5dc991436bb,867208,Energy Marker,M-37,dragonballsuper_catalogue_name,1.0.0,candidate_only
dragonballsuper,7b7b90403ff246a7a44dd0c1b388a8114a47dcd5686ea137048f44c4e770fe5a,867206,Energy Marker,M-36,dragonballsuper_catalogue_name,1.0.0,candidate_only
dragonballsuper,7be93d6a7508a7737b71f93a4bc02ffcb8dbb5256fd663bdb1b27bebb299dc89,883649,Energy Marker,E-115 Energy Marker Pack 09,dragonballsuper_catalogue_name,1.0.0,candidate_only
dragonballsuper,82a1d7ba7e54346320b4d8b7565f9232b6bd9626d704b86b77a42957594dd3c8,679417,Vegeta,P-433,dragonballsuper_catalogue_name,1.0.0,candidate_only
dragonballsuper,8a63eb229ec599dedba2d818270da681cd9a57dc3a7cca951cab4396bce84d84,883645,Energy Marker,E-113 Energy Marker Pack 09,dragonballsuper_catalogue_name,1.0.0,candidate_only
dragonballsuper,8e921c46b8d99813ac355036cb37dbfd72eafd0d9c7dca18f9e2bb1105ad12ff,850092,Energy Marker,M-18 Prismatic Clash,dragonballsuper_catalogue_name,1.0.0,candidate_only
dragonballsuper,942a0b8de517fb358fb76ea7bfb1eb58ddade09d77286d240a8f2fa46626ef66,867213,Energy Marker,M-42,dragonballsuper_catalogue_name,1.0.0,candidate_only
dragonballsuper,9bde8057e5712d315319b6a27e8d8c994f295885a9c51cf47f2ab95b70c6e82f,762031,SS3 Son Goku,BT24-033,dragonballsuper_catalogue_name,1.0.0,candidate_only
dragonballsuper,9d88c2a5a399e9bf8189f8a7b605c820d1e57226615785dcd8b45d90b6a1ebfc,773874,Energy Marker,E02-03,dragonballsuper_catalogue_name,1.0.0,candidate_only
dragonballsuper,a5c732b18d07ab38fbac5edda249afd922191ed3fb9ce492bb3ff86fb1af96d7,867212,Energy Marker,M-41,dragonballsuper_catalogue_name,1.0.0,candidate_only
dragonballsuper,a9622ba978ca484b13ae25438c976a7b8a7c8158e6562a5c0ed17c9e51b9eae3,867211,Energy Marker,M-40,dragonballsuper_catalogue_name,1.0.0,candidate_only
dragonballsuper,af87e55131e309fb7a15b662a1f84a121b670ba1629e29e21b9862ba75effd2f,874448,Energy Marker,M-32,dragonballsuper_catalogue_name,1.0.0,candidate_only
dragonballsuper,b18734e89ad5996aebbd3ee54f4d6d111d6f226d67f69c8f345a2420252e8fce,850077,Energy Marker,M-09 Premium Anniversary Box,dragonballsuper_catalogue_name,1.0.0,candidate_only
dragonballsuper,b366645248229a8d565b3e7fb601f8193a70af94fa978bdf6b2d159657a617fc,798974,Energy Marker,2024-2025 Finals,dragonballsuper_catalogue_name,1.0.0,candidate_only
dragonballsuper,b7665ef4342eb46b24b318f1fe3d760ca24ec6bfeca070c1a15f1bb7303ed4c0,874432,Energy Marker,M-24,dragonballsuper_catalogue_name,1.0.0,candidate_only
dragonballsuper,ba05a9552b586e548f5e06c7a5f431a23671d0a9239d1797c18c04f62bc00d55,762431,Vegeta,BT24-119,dragonballsuper_catalogue_name,1.0.0,candidate_only
dragonballsuper,ba85e2e9402deea52b1b126c2aaeea4ba29e28ae78227829f07f5d5d764a869d,850082,Energy Marker,M-13 Premium Anniversary Box,dragonballsuper_catalogue_name,1.0.0,candidate_only
dragonballsuper,bc90e0c604e985e8242dd22191b4cbef4600d809ff5e27ed65915b2253f97a03,867206,Energy Marker,M-36,dragonballsuper_catalogue_name,1.0.0,candidate_only
dragonballsuper,c19840a0da12f18be0b5e043b4a3a5884f37513af2ae10b0d5f5c5c8ce0d545c,850090,Energy Marker,M-17 Prismatic Clash,dragonballsuper_catalogue_name,1.0.0,candidate_only
dragonballsuper,c3439254288d330f9e2706130ad62506817e5b3813f7745951642197aec1b6ad,850094,Energy Marker,M-19 Prismatic Clash,dragonballsuper_catalogue_name,1.0.0,candidate_only
dragonballsuper,c45c4fe211cb73b70ad95c4f09e674301d96e914a81e152d82903bc01a49956b,874444,Energy Marker,M-30,dragonballsuper_catalogue_name,1.0.0,candidate_only
dragonballsuper,c87f5a77521c150a4f0a3569aa09ce3f754247b8809554e366f7f4808e5e5d87,883643,Energy Marker,E-112 Energy Marker Pack 09,dragonballsuper_catalogue_name,1.0.0,candidate_only
dragonballsuper,d03b6348268d33724fd393b410b78e36ad106cf36aa6664326069bfc9cdb6775,850081,Energy Marker,M-12 Premium Anniversary Box,dragonballsuper_catalogue_name,1.0.0,candidate_only
dragonballsuper,d3d0b9b6405ecf20b3728b85f23553ae1aa8553565c13ee2bb1d4abbb79a765d,874450,Energy Marker,M-33,dragonballsuper_catalogue_name,1.0.0,candidate_only
dragonballsuper,d7e79cf00a3840c6d3a8696ad6d81aa1a13a717f0170866f492c597f598d15da,867210,Energy Marker,M-39,dragonballsuper_catalogue_name,1.0.0,candidate_only
dragonballsuper,db6af3b76e0481ae72240cc507ab57c3405d3735c31b401646e6e32e60bf954c,874434,Energy Marker,M-25,dragonballsuper_catalogue_name,1.0.0,candidate_only
dragonballsuper,dd7ccdededccd0e33cbd51c22f87c6976fe46a8a0142c81fba29f871f16248bc,773870,Energy Marker,E02-01,dragonballsuper_catalogue_name,1.0.0,candidate_only
dragonballsuper,e2b990cc9586705aa8149c3311665a457f618c51a13492d3d3d969b2e20235cc,850098,Energy Marker,M-22 Prismatic Clash,dragonballsuper_catalogue_name,1.0.0,candidate_only
dragonballsuper,ef64e470c153085f1ac2e301a2a42a140c67f23fbd3ac7fd9fb2eec5158b2b52,874438,Energy Marker,M-27,dragonballsuper_catalogue_name,1.0.0,candidate_only
dragonballsuper,f4d12a80e9d16ea37cbd9ea57e0e0ae0caddca19884a61b631fbc6bbf25cb011,850080,Energy Marker,M-11 Premium Anniversary Box,dragonballsuper_catalogue_name,1.0.0,candidate_only
dragonballsuper,f4f5223b0c98f486310d52aba648e5790d886d02d74d1f1e7b74e9460927f312,850096,Energy Marker,M-21 Prismatic Clash,dragonballsuper_catalogue_name,1.0.0,candidate_only
dragonballsuper,f52bffe45e22098f4c7a279027c086931197cc432b0b991172e2e9cced4ba753,874436,Energy Marker,M-26,dragonballsuper_catalogue_name,1.0.0,candidate_only
dragonballsuper,f7ec99d805bce2b1c8d0c543ecf18378576ac2510828c90e0e3869287ba8a2e5,858774,Energy Marker,M-20 Prismatic Clash,dragonballsuper_catalogue_name,1.0.0,candidate_only
dragonballsuper,f83ec9f41d95bdedd1f33467d1a957cb0b9715ec6bb0119f99818286f98dd86e,883647,Energy Marker,E-114 Energy Marker Pack 09,dragonballsuper_catalogue_name,1.0.0,candidate_only
magic,00aa33c3fef5829bb9cefa597a926f8bcecc0f501336745bb109a254a4d4e1d0,15577,Zombie Token,91,magic_catalogue_name,1.0.0,candidate_only
magic,0330b92cebdd30ad98520987adc89a0fa9a7e2de01f97b53412197a89aedddc5,18161,Zombie Token,4,magic_catalogue_name,1.0.0,candidate_only
magic,0689560841831b3b48f9d5530bf8c393728965f1300218dc88707e97ea1f80d7,687438,Human Wizard Token,Blue 1/1,magic_catalogue_name,1.0.0,candidate_only
magic,08cb997c029e9ee0b2309e570296f0e55e7eb356d77e1c621bbcd038f0043917,727921,Monk Token,White 1/1 Prowess,magic_catalogue_name,1.0.0,candidate_only
magic,09b341843b87491b738ea923d1610ce7f2bd7b204957669a1a42e6f377aa55d2,250424,Elephant Token,Green 3/3,magic_catalogue_name,1.0.0,candidate_only
magic,1a3b2ed49e86d970d7318f7113f11ef1d7031ac444bbe06133b0cf821c11efcc,282202,Angel Token,White 4/4,magic_catalogue_name,1.0.0,candidate_only
magic,1d91ee5b453d55ac835368d2dc3a47a12ff51948588b5be9fcc4820104bc1efa,250417,Bear Token,Green 2/2,magic_catalogue_name,1.0.0,candidate_only
magic,1fbcbf5bf39c486365eee73c818fb41b312e068273608a9d5cc823a13a0a6e9f,679565,Dragon Token,4,magic_catalogue_name,1.0.0,candidate_only
magic,247475f348d03c06e7baeea2bef53f18efdb5aced72bb0d6e04de5a1df6f11c5,727927,Vampire Token,7,magic_catalogue_name,1.0.0,candidate_only
magic,25da4b8e116e39903d54a7ff784dcae4952fd412bcc71b9f148b101aa44354e6,250422,Angel Token,White 4/4,magic_catalogue_name,1.0.0,candidate_only
magic,260cde6b76d0182638ef402b1735d5f73dd7607c8e6af731e04d2adf88893798,729292,Soldier Token,2,magic_catalogue_name,1.0.0,candidate_only
magic,275a4c286a84bd25148bd5032497407b7f63599520dd3a1f52ab3b101222c456,269240,Cat Token,White 2/2,magic_catalogue_name,1.0.0,candidate_only
magic,2c270122c2443a9ac57d82f12a9c8aa603db7322013c94017fbdb72343b2781c,18163,Soldier Token,8,magic_catalogue_name,1.0.0,candidate_only
magic,32685e09f247ac4337557f633da56e742ede95f3d87350577eff50946f6c8e77,368867,Sliver Token,Colorless 1/1,magic_catalogue_name,1.0.0,candidate_only
magic,37b54599fcdea6dce77c6c8b3a4236056be79ce9533dd46c7fa2d858de9ec012,703091,Cat Token,1,magic_catalogue_name,1.0.0,candidate_only
magic,3d81b51dc4d482ffa2a3a9c82599f40bce608d86f986b88099cece8c49567db1,269764,Angel Token,White 4/4,magic_catalogue_name,1.0.0,candidate_only
magic,459d02ea49d77666895863f8eb7136bab770522a1308d19ab6172c118de7c8dd,727924,Zombie Token,Black 2/2,magic_catalogue_name,1.0.0,candidate_only
magic,47220dc12b534ab7dafa533f49624d5730ddfcb24b2b64d8fca55815786eff13,18160,Wurm Token,6,magic_catalogue_name,1.0.0,candidate_only
magic,485595002d2c435637ae18f74ab23e65d4db03720c14e3e06c6e62bcf422504e,703095,Phyrexian Mite Token,3,magic_catalogue_name,1.0.0,candidate_only
magic,48e30e42f93177dbb3bc094dba44bfc2fbd484858f47a28e1645b07195cf46f3,729300,Zombie Token,4,magic_catalogue_name,1.0.0,candidate_only
magic,4f808af0afcaca7f84ef75d35a53950f773d8b6c1dafaf07469fb6954f320c27,748156,Goblin Token,4,magic_catalogue_name,1.0.0,candidate_only
magic,52c7a857e4dea62d9c0201a64c369fcb5a9fdc3c58366c78593743c165b9dd72,269286,Bird Token,Blue 2/2,magic_catalogue_name,1.0.0,candidate_only
magic,5a1129dfa9d3263d829ffbadb1e60bc6469767b6db5a2c6e8b6eacaf0173f3ee,250421,Wurm Token,Green 6/6,magic_catalogue_name,1.0.0,candidate_only
magic,5f89adf06378076c6a4b682b2eca695cba0573b8f899f8fb758c7b3e39244048,727924,Zombie Token,Black 2/2,magic_catalogue_name,1.0.0,candidate_only
magic,61203a7cd04d85b4527c78c6f4c8fbd0385dd12b85efa73dc4cc21fbb04968f9,656845,Zombie Token,Black 2/2,magic_catalogue_name,1.0.0,candidate_only
magic,61fb3887976016e0810a2b05236855ce8c824b86a27d4fe7faa2b2f3fe637f0b,18153,Spirit Token,5,magic_catalogue_name,1.0.0,candidate_only
magic,6568eaf3afb0736dd8a10b92ae5e26b9746f3ce8827d94ae6a23617602a7b2fb,866328,Construct Token,Artifact 0/0,magic_catalogue_name,1.0.0,candidate_only
magic,6568eb4d5513a4ca975c436fabbf7d04f925aefeadfdf65d4e8cbb0334fb48d7,269210,Zombie Token,Black 2/2,magic_catalogue_name,1.0.0,candidate_only
magic,6797c41b61e978d0b4c2b38b7ba0db2c126f62de794eb3501554feb530ecc01b,703094,Samurai Token,6,magic_catalogue_name,1.0.0,candidate_only
magic,6d697a5cbd5c179a8aefc32e1518a7556cd2c735bfb4c4d73fcd0caafea3ac0e,18159,Squirrel Token,3,magic_catalogue_name,1.0.0,candidate_only
magic,6dc25b321a8ffd78d761a463dd161cf8dee620025f78d9fd25b38b38b99de2af,727930,Phyrexian Saproling Token,10,magic_catalogue_name,1.0.0,candidate_only
magic,6fd23eaa8600229f736841cf5a6228228891dd5d70381257274c96f5f6fdefa7,269803,Soldier Token,White 1/1,magic_catalogue_name,1.0.0,candidate_only
magic,745febc06e95f5086f860940b9e4ce564d227c89da438b4b6c02035386d3a788,679563,Bird Token,Blue 1/1,magic_catalogue_name,1.0.0,candidate_only
magic,750b32074bb62261bf5720115769dca73e9529853db6ff744766b5ce48e194cb,18150,Elephant Token,5,magic_catalogue_name,1.0.0,candidate_only
magic,751eecc478eac39cf59556d8922a4fde97be9fddabff67ebd1d6c17c2c17f0c3,523530,Squirrel Token,200,magic_catalogue_name,1.0.0,candidate_only
magic,7b82c75cfe36fcd20876502cba47dceeffeac4b3445775784fdf3ec740c0b6a8,867606,Toy Token,2J-b,magic_catalogue_name,1.0.0,candidate_only
magic,7b8483e35045d1d53567955d2551fa405f2fbb85e81454b955a840163fcbf83d,729294,Knight Token,3,magic_catalogue_name,1.0.0,candidate_only
magic,7be1e04b090a78d89b4504b7c49cfc391dc530e015923895d4b6bd59a76fb8e5,301699,Dragon Token,4,magic_catalogue_name,1.0.0,candidate_only
magic,7de9564b3db39206e282dfef5f1467deac6a04ad722a04b410b729a8c92413a4,703096,Phyrexian Goblin Token,4,magic_catalogue_name,1.0.0,candidate_only
magic,837c587858ca7181b300c8069386e129a3ce93685f18c26cee589ca95ddbad3e,269273,Wurm Token,Green 6/6,magic_catalogue_name,1.0.0,candidate_only
magic,89ae099c4b94080641e73fb1639e664053e2f561d56ab943806c8e1c483c8109,576077,Spider Token (G 1/2) / Wolf Token,G 2/2,magic_catalogue_name,1.0.0,candidate_only
magic,8cc1787961d93f71aba7bd1e0df60960dc65b75a51576a34f505004b7b283196,250426,Squirrel Token,Green 1/1,magic_catalogue_name,1.0.0,candidate_only
magic,8cfe6d188403e884e1c3955aab35c8a9fe176b44aea60bb538ad835b8cdaae82,18149,Elephant Token,3,magic_catalogue_name,1.0.0,candidate_only
magic,8d2146632bc34c28b43234b8fa984dd36feacc3f9dacf0af5614ecbac3fa1445,687449,Wasp Token,Artifact 1/1,magic_catalogue_name,1.0.0,candidate_only
magic,912e5eee968d2aaf49a1658d22db57ce93d94181dcc3a67fac2ef11863459f91,703093,Samurai Token,2,magic_catalogue_name,1.0.0,candidate_only
magic,943a792f29b4d52acef38f38262d6b017645a3f72bf21552c357f7606b7ae715,858823,Zombie Token,1,magic_catalogue_name,1.0.0,candidate_only
magic,94a80f08deace9dcbd4f807538dcc74189910a90435845b352a55828e5f2b063,656845,Zombie Token,Black 2/2,magic_catalogue_name,1.0.0,candidate_only
magic,95f386918182622549a28a9dd6f2ffc67a2dd88973b43dccfa0d92c8ca0ce379,250420,Squirrel Token,Green 1/1,magic_catalogue_name,1.0.0,candidate_only
magic,974cf2a744152997c25cb765c765809c4e31e51738a7caec721a0c7b1d2bb30a,250428,Zombie Token,Black 2/2,magic_catalogue_name,1.0.0,candidate_only
magic,9af2ee0ec74fe94f1eb7480cbed5c801f3e5dd3f5eec5086d441b4d01bd553a6,679566,Beast Token,5,magic_catalogue_name,1.0.0,candidate_only
magic,9c0124f583b42c8da62b8f90701c60cefcf88a20e93c291520470ba2bbf66a3c,250427,Wurm Token,Green 6/6,magic_catalogue_name,1.0.0,candidate_only
magic,9cf2ba7931c078534c6fce944d439e5923bc744b3f505f7e9d6497e6914e0602,269214,Dragon Token,Red 4/4,magic_catalogue_name,1.0.0,candidate_only
magic,9d0023c0479c01afdf1477a19d0dff66b0c8ac6097bb7420c6941ae59733586a,866326,Goblin Shaman Token,Red 2/2,magic_catalogue_name,1.0.0,candidate_only
magic,9f5b79855329669fda68186c92f2e30d91b71c6d48542e37890bb59f955f4c95,656847,Faerie Token,Blue 1/1,magic_catalogue_name,1.0.0,candidate_only
magic,9f8f014922bcbe6a0ef4384b40147bff8db17e6587dfa03fe67729bcc563263e,18166,Goblin Token,5,magic_catalogue_name,1.0.0,candidate_only
magic,a44b45ebe24985e68e660ee3f301d40c5e59b0721da2717a9ca43ad2897bc39c,667854,Phyrexian Golem Token (C 3/3) // Spider Token,G 1/2,magic_catalogue_name,1.0.0,candidate_only
magic,a9d71bcfe786b4bfc1e142148d40c476f598b9043d56d12fb9be7578facc234a,703091,Cat Token,1,magic_catalogue_name,1.0.0,candidate_only
magic,a9e1926d272788f352d5cf412c8bb31981e6720a8639046ba7b7d5c7175bb0c6,729290,Monk Token,1,magic_catalogue_name,1.0.0,candidate_only
magic,aab99b2df8f6c76c2ee473677facc7b8cc13c6f85cf824d3d37f011aafd6b038,282195,Dragon Token,Red 5/5,magic_catalogue_name,1.0.0,candidate_only
magic,adc9228f141b7b61deb18f827dfffed77f369834a4f6f664cefd8b992d4d6b76,250418,Elephant Token,Green 3/3,magic_catalogue_name,1.0.0,candidate_only
magic,add039fc2f8d2d068f32232a7dd020d7e22c42cc833b933b8dc8e08462621202,748156,Goblin Token,4,magic_catalogue_name,1.0.0,candidate_only
magic,afa6dd7ae3821957a4a1bdbe7fa3fed8d4425211db8addcd17af8208357361d2,269895,Spirit Token,White 1/1,magic_catalogue_name,1.0.0,candidate_only
magic,b0decf32b68b73d5c932dcc3e17d5b128a4cb3da9a056115f5bf07c754d41471,789630,Copy Token // Manifest Token,C 2/2,magic_catalogue_name,1.0.0,candidate_only
magic,b2098861a15cfff343fca17f8c77680b51bde53e07bb49d8ed227a1ad2490ccb,250423,Dragon Token,Red 5/5,magic_catalogue_name,1.0.0,candidate_only
magic,b403c5dc4122020f99eb6152bbfebf12e99720de4364a8fd42f9130326fb5ef8,727931,Spirit Token,11,magic_catalogue_name,1.0.0,candidate_only
magic,b64fe143fee758872a26ae6334b09362e2f41a0dbf3d74c1c8a7a6a1773d0afe,748153,Human Token,1,magic_catalogue_name,1.0.0,candidate_only
magic,b8949e7dd4715ef1a7f4ff23b4256974a1fa16f147053490319ca2f91973ef46,282201,Zombie Token,Black 2/2,magic_catalogue_name,1.0.0,candidate_only
magic,b8b9512aa3166eb04c6770d9b5f3f250ce158020205487dc36cdcd4e54cb2430,679564,Zombie Token,3,magic_catalogue_name,1.0.0,candidate_only
magic,ba78154d6a4d1d46a734abda822ed6c6d053b1b9aa034d063716e2d21ebe3e73,748154,Bird Token,2,magic_catalogue_name,1.0.0,candidate_only
magic,bce1cec080146f1c7616be7c59cb1693f4978c466add6193ebd096c8f56aaae3,727923,Knight Token,White and Blue 2/2,magic_catalogue_name,1.0.0,candidate_only
magic,c45d18b1c76d4ec966f4c29ae5612d4dfdb843561fcd538f8c2003e321738ca3,866332,Moogle Token,White 1/2,magic_catalogue_name,1.0.0,candidate_only
magic,c960dcd68e6cd781eb5465bda45fc220aadbed8c310cdc31c3a43158249e8dfa,866325,Wizard Token,Black 0/1,magic_catalogue_name,1.0.0,candidate_only
magic,cb431db2e51d016a0afbfcd9a8b48eb01d89357277859f344f554c3b48b56bbf,656847,Faerie Token,Blue 1/1,magic_catalogue_name,1.0.0,candidate_only
magic,cbcce0601f81c2bf29a61cdded9da2afb8ff27a17665840ad424956f7279371b,18152,Saproling Token,2,magic_catalogue_name,1.0.0,candidate_only
magic,d0e0b47eac999846aa049606634095ad6264a4c9cf79b1e5993ea0d645fb5b69,727926,Thopter Token,Artifact 1/1,magic_catalogue_name,1.0.0,candidate_only
magic,d39412d26fbf425ade1069a5d345ae3a5e25bbf90862e689c272e1f62603353b,727922,Soldier Token,White 1/1 Lifelink,magic_catalogue_name,1.0.0,candidate_only
magic,d4f31f9975d95aec14b19f40cf5295664d24913d569bb9beb94b61c1d8f347b1,679562,Angel Token,White 4/4,magic_catalogue_name,1.0.0,candidate_only
magic,d553137934181a4a068f6250b33a7cf776ebf7cd69d504c9d054f989f73f0586,569215,Minotaur Token,2★,magic_catalogue_name,1.0.0,candidate_only
magic,d591b1a2e8df8a9ff0b2ce0cd0bcc5a3bf3c6b22a9ac654284995e269ef71a79,656851,Angel Token,White 4/4,magic_catalogue_name,1.0.0,candidate_only
magic,d65c42a2ee9b0de96db4b34c9e18bed7bda789d316e3b0d69fee2daa5639edd2,15566,Squirrel Token,94,magic_catalogue_name,1.0.0,candidate_only
magic,d6ea78a06aca65bbd39604eff0d63761b448484d600d11b1572f2681c960fd08,866327,Plant Token,Green 0/1,magic_catalogue_name,1.0.0,candidate_only
magic,d711f131923ee33190eb757e8146e5471b7e031a95ada24db1373a8b84934dad,727922,Soldier Token,White 1/1 Lifelink,magic_catalogue_name,1.0.0,candidate_only
magic,d75888eddb10bcbb3391be60f80fa153ae3d94df84f0b3e001a77b804a1f0b01,742884,"Soldier Token (W 1/1) // Osgood, Operation Double Token",U 2/2,magic_catalogue_name,1.0.0,candidate_only
magic,de79fe288508f6b8dbb19b07af29841aed1f44d7f51cb173515525b964c122c3,729303,Thopter Token,6,magic_catalogue_name,1.0.0,candidate_only
magic,df5dde6ac2c587bdc14e469213bd1cecf3a7717944de7d4810fb9fbcef2fa675,656851,Angel Token,White 4/4,magic_catalogue_name,1.0.0,candidate_only
magic,e148fa4152de83d9e5fec0858619e9220d23ab3abae604b78947dbe1d814575a,725694,"Teferi, Temporal Archmage Emblem // Bird Token",W 1/1,magic_catalogue_name,1.0.0,candidate_only
magic,e39b115bace32caa091287554d59b321e9c96d63c3bd5da788cb1ff000dc2475,368247,Elf Token,Green 1/1,magic_catalogue_name,1.0.0,candidate_only
magic,e44053d4050f9aed33b0e080b5e7ce0e2f0d61f5da6cf826742b134615923137,727923,Knight Token,White and Blue 2/2,magic_catalogue_name,1.0.0,candidate_only
magic,f03ced189112a389a2091a78907257b2c7213ffb27cc84820527bf90ce1c71ff,250425,Soldier Token,White 1/1,magic_catalogue_name,1.0.0,candidate_only
magic,fea6b4292b1d3af174ab944377eb304b8ef1571ccd2f9c837320264220d561c3,272295,Monk Token,1,magic_catalogue_name,1.0.0,candidate_only
onepiece,000171e98eaab57687a2c68e2532c6926fdfc36c2517d694929904a481600de6,732273,Edward.Newgate,OP02-004,onepiece_catalogue_name,1.0.0,candidate_only
onepiece,00257a99eb4f654d2658636f7969b56606e1e1fb7c526976a3bc4bae8f62665e,845254,Ace & Sabo & Luffy,OP13-007,onepiece_catalogue_name,1.0.0,candidate_only
onepiece,008fe299ce6cc82cb7d39e42cbf3c2b985f8f0abb9bdf4bcd360902f65296c3e,754142,Tony Tony.Chopper,EB01-006,onepiece_catalogue_name,1.0.0,candidate_only
onepiece,009ddba497596d9e07468b8499b07162ee2236f554d284400d064e5df4074882,874493,Tony Tony.Chopper,OP09-068,onepiece_catalogue_name,1.0.0,candidate_only
onepiece,00bd0282c07f8a0197eb8e22c130cfba42280e6514a0d36e2ec272046eebae30,744889,Monkey.D.Luffy,ST01-012,onepiece_catalogue_name,1.0.0,candidate_only
onepiece,00e87d48851d2f9a21ed7858a42e81cda10aadd8309a885092a66a54d5173a28,843040,Portgas.D.Ace,ST13-011,onepiece_catalogue_name,1.0.0,candidate_only
onepiece,011bfb4553253622fc6eca6011ad858af3a55d9e2c8a1d8fbe7cabbd2356da8c,845684,Sabo,OP13-120,onepiece_catalogue_name,1.0.0,candidate_only
onepiece,013da2cc7cb0b7afe9d94583a6011d266203b3d28f17111503855e089241b156,823529,Monkey.D.Dragon,OP07-001,onepiece_catalogue_name,1.0.0,candidate_only
onepiece,0154c0b8d980ce219face90d03c7235791aceaf2a29ffd6d00dee913ee630e64,845293,Raizo,OP01-052,onepiece_catalogue_name,1.0.0,candidate_only
onepiece,01584c718d5b21a2fb0b50abc0441258025778949761fe32b6139e2f99f0b045,749431,Kaido,ST04-003,onepiece_catalogue_name,1.0.0,candidate_only
onepiece,01648171268b4ce10fdf4a125ee26ca4479f50cc6d4185f14c590be8d56c013c,719373,Kuro,OP03-021,onepiece_catalogue_name,1.0.0,candidate_only
onepiece,01ddaba86f93c2b7328b8d7596c5b71351e13b748740f5148fa0aba0746c83d7,858335,Perona,EB03-045,onepiece_catalogue_name,1.0.0,candidate_only
onepiece,02239da369cac0aa49fe16b472bd727d91df327f84f02f8027764a070e9a9021,764451,Trafalgar Law,ST03-008,onepiece_catalogue_name,1.0.0,candidate_only
onepiece,0224e088a0e091d3f6ba0fa6abd5852ab4a147197e5be3c76cdd5092c4f0c640,758917,Donquixote Doflamingo,OP01-073,onepiece_catalogue_name,1.0.0,candidate_only
onepiece,026979c836f756debec66e90efb484f8463f252c3389728e8e68c86a41a8fb6c,878058,DON!!,Kumamoto 2026 Usopp,onepiece_catalogue_name,1.0.0,candidate_only
onepiece,02738fb52c6327c05ca8e75e1b2feac7713c8c1511ccb9f7e6f5c89e6a742204,787491,"Eustass""""Captain""""Kid",ST02-013,onepiece_catalogue_name,1.0.0,candidate_only
onepiece,02fb52094650910d70686bfc4579b82ce9ddf29cc6d6fc0ed1de5e64c1409660,875142,Edward.Newgate,OP13-042,onepiece_catalogue_name,1.0.0,candidate_only
onepiece,0304b7ae2b77385b59e9bb0f24fa2eec4c81ba462d98e41d10759cd68bf37af9,827155,Charlotte Katakuri,OP11-062,onepiece_catalogue_name,1.0.0,candidate_only
onepiece,0307cfc95f1cf6f17a826add6109b4329ed48644d075c07eeff52c80de817955,845303,Sanji,P-034,onepiece_catalogue_name,1.0.0,candidate_only
onepiece,0318190f7c8a95e20bb05787d857885faa9b782bd136377216a662ff0f7c3ffc,873735,Don!!,Robin EB03,onepiece_catalogue_name,1.0.0,candidate_only
onepiece,033052309d39374d40e56ce3ef932b64161ddafc37143141e02a1aa90cd45775,874404,Monkey.D.Dragon,OP12-094,onepiece_catalogue_name,1.0.0,candidate_only
onepiece,03873b7ea60e26f55f4789c6e8942e02d1b08f737c9e51e223bd8a134755ba42,768546,Uta,OP02-120,onepiece_catalogue_name,1.0.0,candidate_only
onepiece,03bc26ab090253c0d233d97b895bf8451ff6dc5d1783cebd85d3ae75ce607275,808172,Monkey.D.Luffy,EB02-061,onepiece_catalogue_name,1.0.0,candidate_only
onepiece,03d84ecf7afa4d1718bca25a4f66e3b6b123f7c7edd14003a8a04f901d1a8b2b,857360,Monkey.D.Luffy,OP09-119,onepiece_catalogue_name,1.0.0,candidate_only
onepiece,03dbc8f117d7c7a68de09e567b24ae1dbfe4b80f4899facf7714e44b793cb578,805341,Brook,ST01-011,onepiece_catalogue_name,1.0.0,candidate_only
onepiece,03eae929d2c284d35a10cf44c9a837d353cd9c4f22c2b23422c2f7273cbdaf52,733440,Enel,OP05-100,onepiece_catalogue_name,1.0.0,candidate_only
onepiece,042a3abbbb051977f732bb6925a98a611679fa1984d1a864ba6c8336361ec37d,766243,Monkey.D.Luffy,ST13-015,onepiece_catalogue_name,1.0.0,candidate_only
onepiece,043921939a4b71ffd6e34a989addcd557e110313fcff5bcbf39468bb069f094d,830639,Buggy,OP09-051,onepiece_catalogue_name,1.0.0,candidate_only
onepiece,044d20b8aede645ba920356d175b183b9679756259073432cf58db29814e2835,802910,Buggy,OP09-042,onepiece_catalogue_name,1.0.0,candidate_only
onepiece,045303ef06beeb72084d466620b31d6da568f30fd496ae8c0fc451ac5f3dd68c,880000,Lightning Dragon,OP15-077,onepiece_catalogue_name,1.0.0,candidate_only
onepiece,04804e6d62b811e6e11d0b8aa613f0cab7f3a711b12885f85d6e2924a59da9a7,845672,Monkey.D.Luffy,OP13-118,onepiece_catalogue_name,1.0.0,candidate_only
onepiece,0488e17957ae1437c537b7f9b7cec94dfd264681e8174d973deec9f1b9d5ba00,857356,Shanks,OP09-004,onepiece_catalogue_name,1.0.0,candidate_only
onepiece,04927f07f327752805a6c393e0f8c7b1d07fd39be17b681f54036d79b7f27413,759846,Vegapunk,OP07-097,onepiece_catalogue_name,1.0.0,candidate_only
onepiece,04a06696977356008c559709ade0a17ac16599c01b1bae701bbacbf4af249623,865639,Monkey.D.Luffy,P-106,onepiece_catalogue_name,1.0.0,candidate_only
onepiece,04d351148926142f32e396e58ff48afe01608204743923cd5982dbc8cab5d4a4,802288,Kuzan,OP10-082,onepiece_catalogue_name,1.0.0,candidate_only
onepiece,04e8b34eaf23c0ea4c02d5260a37023ca0911414ca412e0fd0ab20fadd92d019,750574,Monkey.D.Garp,ST13-013,onepiece_catalogue_name,1.0.0,candidate_only
onepiece,04eac4db4dcc5eed4e3a0391a799fe0922ceacf3050a49822f98241fc6c204af,802859,Shanks,OP09-001,onepiece_catalogue_name,1.0.0,candidate_only
onepiece,04efaeb13ed3be761ca582f2c865748c41274115593ee32c02604395583e6ea6,825210,Zeus,OP11-106,onepiece_catalogue_name,1.0.0,candidate_only
onepiece,05177369a106d7862c3c80461cf3ca914c8b822dafc36b9126c46ee16cbebb8b,861935,Perona,OP14-111,onepiece_catalogue_name,1.0.0,candidate_only
onepiece,05230e039526f10c13f732fae44b8e9de6fd6f0db34436b904d7037c164d7cbd,752069,Tashigi,ST06-006,onepiece_catalogue_name,1.0.0,candidate_only
onepiece,05aaeaf0f9492cefe4911fae572025d5a7086d7c1f35c9ab89f5896721c325c6,866407,Nico Robin,OP09-107,onepiece_catalogue_name,1.0.0,candidate_only
onepiece,05b5d8dc50a40819657a3c5c741df2861d9c6c461a3f20b6d914e1b08f163544,787535,Gedatsu,OP05-102,onepiece_catalogue_name,1.0.0,candidate_only
onepiece,06003e63e38754c8e2f57233c0ac9522c39a0ae72b8e84438c8dc1f19da6c856,818080,Monkey.D.Luffy,P-043,onepiece_catalogue_name,1.0.0,candidate_only
onepiece,0602566dea822bf3ea77bdb9421f54edd9f0b0bcfa5533cf2317c6e1790e4e56,786554,Monkey.D.Luffy,OP09-119,onepiece_catalogue_name,1.0.0,candidate_only
onepiece,060ea7025e36c4e4e203fa5b63553c03ae410a3ca611174d5d6ddd5e1310719c,799265,Sogeking,OP03-122,onepiece_catalogue_name,1.0.0,candidate_only
onepiece,065e3529b824a991047fbde274519b3c60a74ae9ac82f91e9e3652a1e4e8728b,690834,Kouzuki Oden,OP01-031,onepiece_catalogue_name,1.0.0,candidate_only
onepiece,066d2ad7aa726e45dda305a706f2b257d00ceaca311d1f17463ceb87b166594b,746371,O-Nami,OP06-101,onepiece_catalogue_name,1.0.0,candidate_only
onepiece,066d9599b1906ac2cbf09182bb406dfa3fbdc1baec1aa1daa0af08c844918bef,840710,Trafalgar Law,OP07-047,onepiece_catalogue_name,1.0.0,candidate_only
onepiece,0679e91ae83ebe8c92dd941b24190812197a23de45f4533e019fbaf2dfaa0a79,880748,Sabo,OP07-118,onepiece_catalogue_name,1.0.0,candidate_only
onepiece,06bf47e8ebe6fdd0780bcd0c3f9a930bbea044da82f4bf60e43ee9ac2ab3b5c7,799267,Charlotte Katakuri,OP03-123,onepiece_catalogue_name,1.0.0,candidate_only
onepiece,0707d72b835c0ec9bce7244308bd2d4deaa5b9b434c323028a71cae7ba005675,816814,Monkey.D.Luffy,ST21-001,onepiece_catalogue_name,1.0.0,candidate_only
onepiece,0751e45fa0295713961e1f834e6c48a49c4119fdd3d843c3264886061b90a8b6,817805,Roronoa Zoro,OP07-113,onepiece_catalogue_name,1.0.0,candidate_only
onepiece,07b81ff471c726a40031afb6977fce0cdb0ef53f963f04c0f9d33135f14f52f2,857363,Monkey.D.Luffy,ST01-012,onepiece_catalogue_name,1.0.0,candidate_only
onepiece,07bfe7023447ce88cdc6f200035642e39119e8311ed474910468196f6f9783c4,764456,Yamato,ST09-012,onepiece_catalogue_name,1.0.0,candidate_only
onepiece,07c2d923750bd0abde437ad9c0617a33ef0b4baca39c3384eb0db415bf2525ae,786508,Marshall.D.Teach,OP09-093,onepiece_catalogue_name,1.0.0,candidate_only
onepiece,07cbcf520e43f823b95cade6939bed90ac204f621b7a0c25fc54dfe3e379fe32,764433,Portgas.D.Ace,P-028,onepiece_catalogue_name,1.0.0,candidate_only
onepiece,07ce2be735cb117e7ed5d664e1b2d2d09f2751cfe3a50aecf333d66d4da0216e,746250,Sabo,OP04-083,onepiece_catalogue_name,1.0.0,candidate_only
onepiece,0808e0b47ba0363872339f67f4b3eff9628e812a02faf7282f64da72af5fdfb4,794701,Tony Tony.Chopper,EB01-006,onepiece_catalogue_name,1.0.0,candidate_only
onepiece,0839433473d2c77264ca2369353f7d3a2e0a2ef86fe571e957b0dea05f62d333,866300,Saint Shalria,OP13-086,onepiece_catalogue_name,1.0.0,candidate_only
onepiece,0888fa893fff888b60daa2ea4b620ef9d6aba011e490edb2d6770b04b7636593,787534,Perona,OP01-077,onepiece_catalogue_name,1.0.0,candidate_only
onepiece,08b56a57c61329aee79e257e79e870d421e2c7b567e426df8dee02cc67c8ec3f,692222,Portgas.D.Ace,P-028,onepiece_catalogue_name,1.0.0,candidate_only
onepiece,08f7fa4bb093e164be28f898fc8a6fb8a240820b3b08156b426e541a003beb52,696192,Monkey.D.Luffy,ST01-001,onepiece_catalogue_name,1.0.0,candidate_only
onepiece,0926fae0ebcd2eb895260285cfb050e94444448bc454fcdccad6242d206659c5,804775,Portgas.D.Ace,ST13-002,onepiece_catalogue_name,1.0.0,candidate_only
onepiece,0954e51e2189a523e495087cb1a53faa435e9d6bee1220982de8c43475985cd8,817930,Portgas.D.Ace,OP07-119,onepiece_catalogue_name,1.0.0,candidate_only
onepiece,09664a99b712b5a64fb17aadb49ab2fb63b6cf18b3c4c794380c5f139d1ca588,805345,Sanji,OP07-064,onepiece_catalogue_name,1.0.0,candidate_only
onepiece,096e6a09a148b91ae827864fec2d4d8e95898bef960b589ef5e1a47c50fd4942,775398,Boa Hancock,OP07-038,onepiece_catalogue_name,1.0.0,candidate_only
onepiece,0978a36fa14f1e574967aea58a0bef4539c4c8b4103f6de697bf8471b379283f,823531,Boa Hancock,OP07-038,onepiece_catalogue_name,1.0.0,candidate_only
onepiece,09887fcf2f52ba249d1143b2fc386aba0b7fe80cd343438f8241e9817f9fd5c2,799388,Kouzuki Hiyori,OP06-106,onepiece_catalogue_name,1.0.0,candidate_only
onepiece,0991bf152b4e715c23bdbafd0764b423fde584753dfb754427a924b7c66302c4,884717,Inazuma,ST30-002,onepiece_catalogue_name,1.0.0,candidate_only
onepiece,099f934517b6d0714df0bbe3e8b5913ab0b55037b3a25ca159483b90f7b451d3,788004,Kalgara,OP08-098,onepiece_catalogue_name,1.0.0,candidate_only
onepiece,09acf0305f303aa3c76d5261122c8f3428bf2a426394beb04d70e88afa2760b9,752061,Dracule Mihawk,ST03-005,onepiece_catalogue_name,1.0.0,candidate_only
onepiece,0a0f39ac5a76e10d1f94fc1c233022fd2330454843594e1be2998ac589cb29f8,746240,Monkey.D.Luffy,P-047,onepiece_catalogue_name,1.0.0,candidate_only
onepiece,0a20c28f8ddbf5ab1478d83f77b00437349659e9acc2b6f7b8f001d2f701af2c,884735,Buggy,ST30-011,onepiece_catalogue_name,1.0.0,candidate_only
onepiece,0a2844e896ea32c455405bbefcf69f72efe459d199de07c8d2eea9015d1a3169,888111,Monkey.D.Luffy,P-135,onepiece_catalogue_name,1.0.0,candidate_only
onepiece,0a8b7d9395b65831a4a19cd7e850d24a10cb9a0014a5ec7e43f84908f9adf459,698590,Monkey.D.Garp,OP02-115,onepiece_catalogue_name,1.0.0,candidate_only
onepiece,0a9fd85345a818dbf445947218b2c971072d039cbbe8fd8dc0c432b48ec36341,880051,Enel,OP15-118,onepiece_catalogue_name,1.0.0,candidate_only
onepiece,0ab70d25ae9639b39e2c563ba6033e7f2771cc7e2e270344674cfc036727b95a,749370,Donquixote Doflamingo,OP05-028,onepiece_catalogue_name,1.0.0,candidate_only
onepiece,0abd2eb0668fdcddc99d957bd6fe70538733c64453601a09cc4858b4cb98c9e9,776727,Monkey.D.Luffy,OP07-033,onepiece_catalogue_name,1.0.0,candidate_only
onepiece,0ae2103dcfa4aa2a97634b615312f9a0081c8e9f8e656888c9129a62692dd083,870545,Smoker & Tashigi,EB04-003,onepiece_catalogue_name,1.0.0,candidate_only
onepiece,0aeb31ea374f0c5c08a817f66136a1cc362e09270fbefbe5d6c1c6fbab76de55,691082,Boa Hancock,ST03-013,onepiece_catalogue_name,1.0.0,candidate_only
onepiece,0af1ce6e5636a7f255029d12c339b33f97ff7316aa020c0d17e21422d25c3354,865620,Koala,OP05-006,onepiece_catalogue_name,1.0.0,candidate_only
onepiece,0b198412cd1d19455817e48cd54acf0cc9529d53e3038adf57652d4a94da73c5,792756,Marco,P-071,onepiece_catalogue_name,1.0.0,candidate_only
onepiece,0b2a298514cdbdd8dfbaf176f3b7a00b8ffd46e532bb832929a7cd02f35af230,879507,Smoker & Tashigi,EB04-003,onepiece_catalogue_name,1.0.0,candidate_only
onepiece,0b309810a21897189790e4ed07382c5055003c744e06c8d2b0e37eec0e77b76d,865557,Sugar,OP10-065,onepiece_catalogue_name,1.0.0,candidate_only
onepiece,0b3eb779d87e08c3dc7230228bcfbfa17f34cb8faed3e3369ea8bba30c832332,802865,Shanks,OP09-004,onepiece_catalogue_name,1.0.0,candidate_only
onepiece,0b56e7f5520918b39157bc2bf6824fabddc31f4c18002a5aedd0b8742bd97994,861902,Ms. All Sunday,OP14-084,onepiece_catalogue_name,1.0.0,candidate_only
onepiece,0b81b234bf1c58b54e21df4e1bf34c2a61c968911346287a2e8324c296f9ccbe,720060,Charlotte Katakuri,OP03-123,onepiece_catalogue_name,1.0.0,candidate_only
onepiece,0ba19c9fd917d48654d34815a49729ad192d9e7bfe19ef07820d862bae43d15e,752015,General Franky,P-027,onepiece_catalogue_name,1.0.0,candidate_only
onepiece,0bc5eb841df041b11b887ef500841c9265f7933858e1872f36e762904a54a991,857304,St. Marcus Mars,OP13-091,onepiece_catalogue_name,1.0.0,candidate_only
onepiece,0be43baefd57710d84f4c2c0c509ec6ebc7bcd4aff4dd38eb110da98f6c28e1a,870455,Jewelry Bonney,EB04-001,onepiece_catalogue_name,1.0.0,candidate_only
onepiece,0bf69150d8b92f5a089d56c20116773d3751299cc43a98fd52038365d194c50b,768266,Monkey.D.Luffy,OP01-024,onepiece_catalogue_name,1.0.0,candidate_only
onepiece,0bfa34a0947978f4c5b0e98cb9f9df025c66ec66a8edc7e658f2d0fd0cdd3526,788035,Queen,ST04-005,onepiece_catalogue_name,1.0.0,candidate_only
onepiece,0bfe8b9e2ae860bb880839bdb7999f876b1153607254952f81bd793b3e7b8ee6,874401,Monkey.D.Luffy,OP09-119,onepiece_catalogue_name,1.0.0,candidate_only
onepiece,0c00873484be02c2f6f358528465c48a102df0d3ff1b23f8b56a2862d8119b64,847922,Roronoa Zoro,P-042,onepiece_catalogue_name,1.0.0,candidate_only
onepiece,0c0957acede1c1bbdc87d30d0529ea3c9f9093bbbac4c67eda14195ef263b4a3,842887,Vinsmoke Sanji,OP10-063,onepiece_catalogue_name,1.0.0,candidate_only
onepiece,0c2620515cebad5b9a8a7e83c9c3898d43b0438666f6e40e67941c835e175a25,768351,King,OP01-091,onepiece_catalogue_name,1.0.0,candidate_only
onepiece,0c66deae5ad42241e3f3e2aa4a580332736192f13606b63d452aafa24ac3139b,830225,Silvers Rayleigh,OP12-001,onepiece_catalogue_name,1.0.0,candidate_only
onepiece,0cd2439344c4e410a59b5424263e9c1194a87ac17c709f80f0d48fad656132dd,740386,Franky,OP01-021,onepiece_catalogue_name,1.0.0,candidate_only
onepiece,0cfbd976e4d2aa181ff6573c692d8a25cf6edf97618be3d5edc33a13a4bea204,867233,Baby 5,OP12-112,onepiece_catalogue_name,1.0.0,candidate_only
onepiece,0d0e127cbfccf0ff337d7b69cef1b897e9b7c3c73b4d23b050b3f2d41711c141,698867,Charlotte Pudding,ST07-008,onepiece_catalogue_name,1.0.0,candidate_only
onepiece,0d2c57fefc08ec02717c4801c3d8340676bb9c3943b3c459035940f32c3c57ae,824427,Bartolomeo,OP04-089,onepiece_catalogue_name,1.0.0,candidate_only
onepiece,0d408d3eee087ae94d3c790fed6f1f4379d14fe530c1808a21f895ca1c083934,771749,Nami,OP08-106,onepiece_catalogue_name,1.0.0,candidate_only
onepiece,0d4332d0dc219dca3de8585afde73869a0167436027532280c8f292fd8cd2b2d,778600,Brook,ST01-011,onepiece_catalogue_name,1.0.0,candidate_only
onepiece,0d8a321bfb8a0f3ba1b4183e706b3906e90b2c49423e7d83837c704267241084,794883,Yamato,OP04-112,onepiece_catalogue_name,1.0.0,candidate_only
onepiece,0dae4ce3a1fa3aaa861413b1030fc565a287d53e9d21c81c6af6129c887178fc,746252,Uta,OP06-001,onepiece_catalogue_name,1.0.0,candidate_only
onepiece,0e04655c0f4c442bf3c70e72fd02027e5e2bedd22a6d7ce066022e10ba4c36fc,842346,Koala,P-069,onepiece_catalogue_name,1.0.0,candidate_only
onepiece,0e6dd90dde8dd66a6430754ee3af9679392d6860c56703fad1f872a14668fd14,827126,Monkey.D.Luffy,OP11-040,onepiece_catalogue_name,1.0.0,candidate_only
onepiece,0e81c56c191c0000ab470706909a6399a3cb424fc2e969dd62fe73176f878c63,799360,Ryuma,OP06-036,onepiece_catalogue_name,1.0.0,candidate_only
onepiece,0ebf2de46ffa99f020a26f1fd9f7257b70c5f426a2cfcf4d94fa08485c6979d1,852320,Monkey.D.Luffy,EB02-061,onepiece_catalogue_name,1.0.0,candidate_only
onepiece,0ee1a0cca0526838f25f9a0267c36428dbc5fe17a45cac5cf9aacd1169dac47e,842353,Nami,OP06-101,onepiece_catalogue_name,1.0.0,candidate_only
onepiece,0efd17fe0e4ba54e11b599014f5fcf7c1c2923e701432ba5c9fb44f63a660333,842358,Tony Tony.Chopper,OP07-066,onepiece_catalogue_name,1.0.0,candidate_only
onepiece,0f05c871dce070f641c69b6fa6df744314e9280ad0ff852bfa5f71dfd24ef6c5,750675,Kaido,OP01-094,onepiece_catalogue_name,1.0.0,candidate_only
onepiece,0f56074946433bbcbc6f645d06c70bfc9c19c4c918f007763c053c1ad2fec4bf,875023,Brook,OP15-032,onepiece_catalogue_name,1.0.0,candidate_only
onepiece,0f6a241d6d51f1d43d2c7546bcbc1735fc66e3899d10b1b005f8b9c70eda17dd,880764,Luffy Is the Man Who Will Be King of the Pirates!!!,OP12-079,onepiece_catalogue_name,1.0.0,candidate_only
onepiece,0f79977642b7502a7c8d2cbafba340d8938cae4993d9e6b98600d254c701444f,862863,Color of the Supreme King Haki,OP12-018,onepiece_catalogue_name,1.0.0,candidate_only
onepiece,0f8e10ace962afe9ad20f52df9e3a843de81b8c645166efc1e402b07a97f7d7e,843043,Sabo,OP12-100,onepiece_catalogue_name,1.0.0,candidate_only
onepiece,0fa24573732ade42eecc47322fd4b96409dfc6a5b406e61a915aaef7d37f45da,733269,Yamato,OP01-121,onepiece_catalogue_name,1.0.0,candidate_only
onepiece,0fbcad01601b6167e876c4592b422cc8d4e2135663daecf3d0f143e9b7f2ba23,752057,Kaido,P-010,onepiece_catalogue_name,1.0.0,candidate_only
onepiece,1046b98171bb4a5ef707179e040fef839f859b1bfb6ab570a17749b50eef39e3,744886,Sogeking,OP03-122,onepiece_catalogue_name,1.0.0,candidate_only
onepiece,10506f15b3dcc914223a54661127e0c6e4b5fda765bee5c517ef89ee49591c6f,801807,Monkey.D.Luffy,P-001,onepiece_catalogue_name,1.0.0,candidate_only
onepiece,1053332c865860ee0a2835f43426a45800a48c983245aaf8c2df8934f44c4e83,884723,Jozu,ST30-005,onepiece_catalogue_name,1.0.0,candidate_only
onepiece,10c888f2bd4d73c6fb5b8bd8e716bb000d84fa840714bd3097ebef1c979d4211,733377,Trafalgar Law,OP05-069,onepiece_catalogue_name,1.0.0,candidate_only
onepiece,110443a6f538720a0d387e7f2f9bbce6e81d3d671edf0f9e2741a361954c347b,817055,Usopp,OP10-042,onepiece_catalogue_name,1.0.0,candidate_only
onepiece,110cf655e016bbc448cade70d75038b78edea8c35a591d5bda62257bb10ea7db,733159,Ms. All Sunday,OP04-064,onepiece_catalogue_name,1.0.0,candidate_only
onepiece,111d7e251592203ecc30aa7448dd996e63befee0627eb48887d0a4ec6b698be9,799298,Sabo,OP05-007,onepiece_catalogue_name,1.0.0,candidate_only
onepiece,112c250062f4c244497853fe829b4c3af07e6be082c26801c876de18d5ac21b9,747778,Rebecca,OP05-091,onepiece_catalogue_name,1.0.0,candidate_only
onepiece,11612bf60f399c67621ee392846e0e66cb91631e134233bb72ad4c093cf11e29,858360,Tashigi,EB03-018,onepiece_catalogue_name,1.0.0,candidate_only
onepiece,116f122774e19fab42e094616ea79d4fea848cf6911764967bed3f7d794c7946,857357,Shanks,OP09-004,onepiece_catalogue_name,1.0.0,candidate_only
onepiece,11a39d168e586863958e6c754a46814b0eba0ef50e108e9af7cafad7ea47792b,878844,Monkey.D.Luffy,P-041,onepiece_catalogue_name,1.0.0,candidate_only
onepiece,11a85f059b1593abc4ad8bde47fbcfd395c1654864aac2672b5d98993a9d1767,827103,Jinbe,OP11-021,onepiece_catalogue_name,1.0.0,candidate_only
onepiece,11b491b30405d28a885d221eaa0a0ec39568b39a590cb2909e2ca28616958957,817059,Cavendish,OP10-045,onepiece_catalogue_name,1.0.0,candidate_only
onepiece,11d8c741f07b1ccafaf0cc6bd8e4f0f06619c6463ca091f9bca444037d308900,845685,Sabo,OP13-120,onepiece_catalogue_name,1.0.0,candidate_only
onepiece,121d1b5b7beccab143eaff42e68a445e73677d9cdcdb7d96c0631502b68593ba,818082,Portgas.D.Ace,ST15-005,onepiece_catalogue_name,1.0.0,candidate_only
onepiece,1220850d22ccaf89898bfaa74b94eeca34189bc41dad1aca21607b2e627a2fde,866312,Yamato,EB02-006,onepiece_catalogue_name,1.0.0,candidate_only
onepiece,1238bd3b30ef386e9f94a7e9e8f9f5320aa696dd100dd36ba9e9b7bbffdcf1a4,803053,Nami,OP09-070,onepiece_catalogue_name,1.0.0,candidate_only
onepiece,12a43989894bde2789ff775a32e776ad165995db21c170151ae303f670a03ba4,787464,Yamato,OP04-112,onepiece_catalogue_name,1.0.0,candidate_only
onepiece,12af2fefa837d9ba447443ce74a1e00f241673497bf85b22f3bd81c234b5b289,732785,Queen,OP04-040,onepiece_catalogue_name,1.0.0,candidate_only
onepiece,12d09078e0d8e276010056a482916d2f8dadad739fe48a7c912bd2bf2937996a,808098,Tony Tony.Chopper,EB02-003,onepiece_catalogue_name,1.0.0,candidate_only
onepiece,12d78d8ea13b02eef55c159150e6668c150ba477ee11668dc97f40af6948be03,808174,Sabo,OP05-001,onepiece_catalogue_name,1.0.0,candidate_only
onepiece,1328ed59778630838e8ff1a2c2de29dde905c9be9407d350321dae25fedd0b66,729827,Otama,OP01-006,onepiece_catalogue_name,1.0.0,candidate_only
onepiece,135f822617421252ced01b45017d9bf76550f7fb776a753beb39803d0e0dff2c,875028,Nico Robin,P-111,onepiece_catalogue_name,1.0.0,candidate_only
onepiece,138577a1775eb9b5c3eb93d5ab50bc72726d4c4d92e8ea4346c69da40f3ad936,768389,Shanks,OP01-120,onepiece_catalogue_name,1.0.0,candidate_only
onepiece,139916dbe5bb488aba23287a9276b4a0cf3b16d3a2ecf7f7077cabbbc8c7dce4,817403,Nami,OP11-041,onepiece_catalogue_name,1.0.0,candidate_only
onepiece,13a0b6bb0043a65c4655234cd1806d306ba3d1fb186ffeb6a760d3ebbaf8157c,794716,Shirahoshi,OP03-116,onepiece_catalogue_name,1.0.0,candidate_only
onepiece,13a9189dc64de505fb546edb01faf5a4a68de0e77f82c74f4154e78d130ccb74,768124,Nami,P-053,onepiece_catalogue_name,1.0.0,candidate_only
onepiece,13cf1cbee18c5bac74375fc8c4e75e5752003dc5aa1c85ed6bd819fcbdf76d24,827267,Luffy-Tarou,ST18-005,onepiece_catalogue_name,1.0.0,candidate_only
onepiece,13e816bb8ae909d16bba8b1fbc44c3bf91c941ee1472e0b08b903af3770dad9d,752018,Bartolomeo,P-029,onepiece_catalogue_name,1.0.0,candidate_only
onepiece,13f8ff2e562fd117a81c4f4ef0754771082914d0574c3738b75d5c6ce12e48ae,817345,Monkey.D.Luffy,OP05-119,onepiece_catalogue_name,1.0.0,candidate_only
onepiece,1404cd1d51aa4dedd3acb403270af1e60188510f4b492e719256e4596afba61f,760311,Sugar,OP04-024,onepiece_catalogue_name,1.0.0,candidate_only
onepiece,14127feefc531722ff5d6f6ef4f57e5cc744a317c876ef0c1b3e90a4ba0214ed,787816,Tony Tony.Chopper,OP08-001,onepiece_catalogue_name,1.0.0,candidate_only
onepiece,1462f40b8ad14d759851b2df572456846318921f99bd0bf446219d17fd5b1230,696694,Charlotte Pudding,ST07-008,onepiece_catalogue_name,1.0.0,candidate_only
onepiece,14a30a209a870831b72ea442f37885f1830115d0a8f1f13769adebd19c785a70,853300,Monkey.D.Luffy,ST21-014,onepiece_catalogue_name,1.0.0,candidate_only
onepiece,14b7c13261709406592f0f6ead5726291891f0274e85890c656ddaeee05d4dea,884264,Perona,OP14-033,onepiece_catalogue_name,1.0.0,candidate_only
onepiece,14c0cbbf4a0b0f42b63ae8b44636a4aa34fca15ae5257fc4a93d134fbb2b5c1d,852788,Monkey.D.Luffy,ST21-001,onepiece_catalogue_name,1.0.0,candidate_only
onepiece,14f90e0b304870e2b52513b746bd7872b66433ec029dfa6f320f28a7103ce063,755424,King,OP01-096,onepiece_catalogue_name,1.0.0,candidate_only
onepiece,1502a44524395066de6706dce20f841c111d7e0159570bedaf2817b0bc7bf8a2,732815,Magellan,OP02-085,onepiece_catalogue_name,1.0.0,candidate_only
onepiece,15251b96220d1dbf76b7e770136030c19fe6b58f3f2cf2c7e6ad8e653a36b7f4,878040,Edward.Newgate,OP08-043,onepiece_catalogue_name,1.0.0,candidate_only
onepiece,154c659907a0844d1075064b33c3c70f8ffce0d6dca6776e91958355f1d2d640,804368,In Two Years!! At the Sabaody Archipelago!!,OP01-030,onepiece_catalogue_name,1.0.0,candidate_only
onepiece,154f996dc522398c9aa4af3585ce5db699f16a24373d7e0f38a85d83f55708f2,753910,Monkey.D.Luffy,P-041,onepiece_catalogue_name,1.0.0,candidate_only
onepiece,15745921ccd84d0a1dcb12aee7d5f02a5258306e3b912e30b49e9e08872332a4,729843,Charlotte Chiffon,OP03-109,onepiece_catalogue_name,1.0.0,candidate_only
onepiece,15817a0353b822821ef97b06212d8ed004201bed01f859298a4ce3fa7b1fa063,771765,Silvers Rayleigh,OP08-118,onepiece_catalogue_name,1.0.0,candidate_only
onepiece,15b58a3109b3dcef8748e102a50afc04d8039dd66c665f5337fb11af63819354,842339,Tony Tony.Chopper,P-065,onepiece_catalogue_name,1.0.0,candidate_only
onepiece,15b5d76d55141fa180fc2a34d6b9d10970dc0e5123b251994117c6d552dc366a,729801,Makino,OP02-015,onepiece_catalogue_name,1.0.0,candidate_only
onepiece,15d84aabe226ba68f5e7efd1fba69c0e9fa22d88e63d57859a8034ebab1923dd,781182,Tony Tony.Chopper,ST01-006,onepiece_catalogue_name,1.0.0,candidate_only
onepiece,15e588eb255de36f05f5403b7746a2b799fb6c31b6f4639d388da63d59575a62,867322,Monkey.D.Luffy,ST29-012,onepiece_catalogue_name,1.0.0,candidate_only
onepiece,16c818f2703041fa2ad4b96a2de5c39a91bd84db02666e5b06e7564234f16478,802337,Trafalgar Law,OP10-119,onepiece_catalogue_name,1.0.0,candidate_only
onepiece,16edfd0a211b16beab5a91bd664e0b885cc31faa0ccab28f89364baf66f91c4a,717511,Usopp,P-049,onepiece_catalogue_name,1.0.0,candidate_only
onepiece,170fbb61940969a11c3178d9c7f0060827516d7bb6384d7ef715f6161a1a74d0,872197,Nami,EB03-053,onepiece_catalogue_name,1.0.0,candidate_only
onepiece,1710ba7d869a4e0b6bf5fad68ed79b3e9b8af6f28a307036d949bdb4e9068ccb,749435,Monkey.D.Luffy,ST01-012,onepiece_catalogue_name,1.0.0,candidate_only
onepiece,1725b240a48d2d7da0037542fa378c5af0d2eea132f1793982283cd60d08f7d2,780213,Dracule Mihawk,OP01-070,onepiece_catalogue_name,1.0.0,candidate_only
onepiece,17642b41df11054d61c5632f1dfcd815107ac028ecf2684712343da4eaf43036,829845,Tony Tony.Chopper,OP07-066,onepiece_catalogue_name,1.0.0,candidate_only
onepiece,179306645d913dade03f82d3a8fc95982722a7eb02f838cda56bd718d20250d1,717496,Tony Tony.Chopper,OP02-034,onepiece_catalogue_name,1.0.0,candidate_only
onepiece,17c03929d3611d8c9faec2e3721b0d0c825a881241a18ec410f7bbe6605a8909,869908,Tony Tony.Chopper,OP08-001,onepiece_catalogue_name,1.0.0,candidate_only
onepiece,17cdc646db6a5f2f20df085dc3a47514b6476a1b3a78de50fb88ed9dde3bfec4,884727,Portgas.D.Ace,ST30-007,onepiece_catalogue_name,1.0.0,candidate_only
onepiece,185edbf91af241b7723a453cbc00f373084e6ea609740f71cdb583a2945d4978,873739,Don!!,Boa EB03,onepiece_catalogue_name,1.0.0,candidate_only
onepiece,18d3434ccf096015d7b74481d4f35c45cd0e7d32a6b4d5b1f401891c6c58cac3,842366,Ulti,P-077,onepiece_catalogue_name,1.0.0,candidate_only
onepiece,18e38946fb64f7fc4e8e20481be544e12237e6b97c1ba00071c094158ee6e378,869911,Monkey.D.Luffy,ST21-001,onepiece_catalogue_name,1.0.0,candidate_only
onepiece,18eeffbe95fb23e78c1177a285e7cfa7911e3e52135fc312ecf21fccc6c579f1,821351,Urouge,OP07-021,onepiece_catalogue_name,1.0.0,candidate_only
onepiece,190bb2fb947d812cf960278e9f3f628cde9dfb0df4d66b3fc5512e94f1ec5aab,842347,Lim,P-079,onepiece_catalogue_name,1.0.0,candidate_only
onepiece,1920d11a3a2e4091c5e4cbd2dc45a6c0c6a188c508862d36e937b157f2aa1ce6,880042,Roronoa Zoro,OP15-113,onepiece_catalogue_name,1.0.0,candidate_only
onepiece,19827c6d9138200826875cee3c9de7c34eee70d1daaeb1c12e289e7925492ab1,752011,Raizo,OP01-052,onepiece_catalogue_name,1.0.0,candidate_only
onepiece,19b04774eda653e397d6452c6a75997b5d947a271a137178e99629662cd8bda7,858365,Perona,EB03-045,onepiece_catalogue_name,1.0.0,candidate_only
onepiece,19ee4e005ee52976319e2bb87c460516164cc04a32d5e45c586a6cfe93a71a9e,857294,St. Shepherd Ju Peter,OP13-084,onepiece_catalogue_name,1.0.0,candidate_only
onepiece,19f593c506b650d3be6bace3848ff43425258894343f0ce09884f86b54767755,884265,Perona,OP14-033,onepiece_catalogue_name,1.0.0,candidate_only
onepiece,1a1c3637d0b4397baab517c02038110560ed6e048cea5033baacd7783aef13ce,799342,Two-Hundred Million Volts Amaru,OP05-115,onepiece_catalogue_name,1.0.0,candidate_only
onepiece,1a2e59a7e5d3bbc3618fc96b72ffb8755b6897082cadb58ecdb58218777bb5b7,802992,Nico Robin,OP09-107,onepiece_catalogue_name,1.0.0,candidate_only
onepiece,1a3e01e8d17e193dc16c33714274c7f63697badddbc863fbcf3f4e4776fa2d87,808160,Enel,EB02-052,onepiece_catalogue_name,1.0.0,candidate_only
onepiece,1a42ae886adc835eda07b45afdc490f6557c310ab0e92ff471c301c8f268a5ce,802335,Monkey.D.Luffy,OP10-118,onepiece_catalogue_name,1.0.0,candidate_only
onepiece,1a469b77c72195ed4b78c82d3d7f4c31e88ffbc76cd73f13ebea298d207f029f,823430,Yamato,EB02-006,onepiece_catalogue_name,1.0.0,candidate_only
onepiece,1a65a9add44870662d844cdde1a578dfe0d04554d919452661a67ded2e2ef410,788387,Marco,P-071,onepiece_catalogue_name,1.0.0,candidate_only
onepiece,1a7a83f8b01c2924a92bbbeb947c6b9798fba07e680fec21dc426843c4b037aa,852554,Boa Hancock,PRB02-017,onepiece_catalogue_name,1.0.0,candidate_only
onepiece,1aa932cd5d4aa28c82ec76c64327a5c19f4def32ebc230d1a8f63975128a0f3a,696691,Jack,ST04-008,onepiece_catalogue_name,1.0.0,candidate_only
onepiece,1b34c6ed7a7f39215dba80d5558ce55d3812ebaa2856d632df70aea32d67859e,752066,Who's.Who,ST04-010,onepiece_catalogue_name,1.0.0,candidate_only
onepiece,1b3a7fdc1f350cec0da10577dae33736955d110f1e322f4ba1f69367ea906e0a,830374,Kuzan,OP10-082,onepiece_catalogue_name,1.0.0,candidate_only
onepiece,1b7180072235344cfd2526c8a98dc7515a9f66e285abf0aa35eae9139290af9c,746259,Shanks,OP06-007,onepiece_catalogue_name,1.0.0,candidate_only
onepiece,1b8e6f602fdecfe4b3f568b77967ba0d83f5f231a2244e150a9710810109b442,865367,Trafalgar Law,OP14-001,onepiece_catalogue_name,1.0.0,candidate_only
onepiece,1bb5947099b9430336731923974d28ec5bd7b5a1eba899d27a22a35d9831e9de,732279,Roronoa Zoro,P-042,onepiece_catalogue_name,1.0.0,candidate_only
onepiece,1bd26d2eb03117c99a8d26900563f52a8224a62d1df2d155d13bcc9cd1d66cbf,875140,Boa Hancock,OP12-014,onepiece_catalogue_name,1.0.0,candidate_only
onepiece,1bd30d19df0704bc47bd88abaf43f14c275b8e00cd79d1e66399b1a5df72f2e7,733268,Nami,OP01-016,onepiece_catalogue_name,1.0.0,candidate_only
onepiece,1be6671dd3767806296abf61f7a77622b956b3f79ebc9a94f260c4e939abee18,804782,Uta,ST16-001,onepiece_catalogue_name,1.0.0,candidate_only
onepiece,1bea891e4b846b155328d3b3db1766f2ae1859bc8adbd1effead26aa18dd5540,814902,Monkey.D.Luffy,OP05-060,onepiece_catalogue_name,1.0.0,candidate_only
onepiece,1c2e2cf069e0e70a645935f61d9792e5dd8607af4da6e3a2ec6657c8159fac29,865537,Boa Hancock,OP14-112,onepiece_catalogue_name,1.0.0,candidate_only
onepiece,1c590e3d446d454fd183527ef528b74d2b7b15ceccb4774acbf20852f5066c79,865552,Edward Weevil,EB01-023,onepiece_catalogue_name,1.0.0,candidate_only
onepiece,1c61ed930dd147955bee83573b443824ea971c4d291e7a3f80e30df98d19773d,788032,Kaido & Linlin,OP08-119,onepiece_catalogue_name,1.0.0,candidate_only
onepiece,1cabd45342aa94ac1458cf96e04e9d86074c846a435b45ecb59f2e4c571e4cf4,874498,Kuzan,OP11-084,onepiece_catalogue_name,1.0.0,candidate_only
onepiece,1cdb0460f2f2e506a736ecbfa882250e612784a908b9545fb89609a7fb525202,857238,Edward.Newgate,OP13-042,onepiece_catalogue_name,1.0.0,candidate_only
onepiece,1ceba505bf30e87b88ee56d2877cad9e4c65cb034d9df4fe1ec1230a99d2ddac,850916,Kid & Killer,EB01-003,onepiece_catalogue_name,1.0.0,candidate_only
onepiece,1cfc07ecafdaece28d78341a57758f0b35198a80b04d006ab6bcab112f3ff701,823532,Foxy,OP07-059,onepiece_catalogue_name,1.0.0,candidate_only
onepiece,1d00fdbfe9ba6f21fdbb4d49ca4027c44a7574005ed8f1e9a0762b3a5cff620b,817806,Monkey.D.Luffy,ST10-006,onepiece_catalogue_name,1.0.0,candidate_only
onepiece,1d05be4684e3c9f7c6a64d9f3be0a822b5ae118bbc23c3f4e197c82c24bc5b9d,719404,Rob Lucci,OP03-092,onepiece_catalogue_name,1.0.0,candidate_only
onepiece,1d1ace5ee17e078d09125d428af882d8f87f928a19516180cf9cf79f9325eb45,775296,"Eustass""""Captain""""Kid",OP05-074,onepiece_catalogue_name,1.0.0,candidate_only
onepiece,1d28009dbd9f3783357f996f901f1ea139022a881e710aebc1f999aa1c0e0626,743255,X.Drake,OP01-114,onepiece_catalogue_name,1.0.0,candidate_only
onepiece,1d44d158831128e86471bdbd0375124f354ea485ffa058c5fa0d44b943427989,865352,Donquixote Rosinante,OP12-108,onepiece_catalogue_name,1.0.0,candidate_only
onepiece,1d7ab56ddd7f318c4ffcb3bab2aaa2d2d45896d47dfdd8709c3a815818a6c8b3,692238,Monkey.D.Luffy,P-006,onepiece_catalogue_name,1.0.0,candidate_only
onepiece,1d837323df35fafd75c2f11ee426b390e9d412582ea5857a2aa490e5ab2f8131,864642,Don!!,Boa EB03,onepiece_catalogue_name,1.0.0,candidate_only
onepiece,1d83754dc5acbd750f60a82e9fceac5c9d54de2c5f5d29b235d51a66a355fca7,733463,Monkey.D.Luffy,OP05-119,onepiece_catalogue_name,1.0.0,candidate_only
onepiece,1da344b75e9ac22b92a0a43d7d701d06fb3d17e5d855476f462cc4392af14216,865609,Roronoa Zoro,OP01-025,onepiece_catalogue_name,1.0.0,candidate_only
onepiece,1e917a31f64c852cd7428cf897ed434b4254eb4981e4850e05e3504970b7eaa1,815154,Sanji,OP07-064,onepiece_catalogue_name,1.0.0,candidate_only
onepiece,1ea02dad751c9fb21429383f20ca5d4c23aeccefcb1d99d7df6b88671d687d19,850926,Nami,OP09-070,onepiece_catalogue_name,1.0.0,candidate_only
onepiece,1eabd8575686b3b31b864e2476d997b48d6c545a41fae21b6908fc89934ca280,750568,Portgas.D.Ace,ST13-010,onepiece_catalogue_name,1.0.0,candidate_only
onepiece,1ebe9a2c742e6ddd3147fe5965e175aba65bdb08e98752e0f6272e52a0677a2c,802938,Nico Robin,OP09-062,onepiece_catalogue_name,1.0.0,candidate_only
onepiece,1f00a13de7e73bd1cc7c3f0e27cb2774cd93f30685ba5ca96232a0a9093bdacb,852540,Charlotte Pudding,PRB02-010,onepiece_catalogue_name,1.0.0,candidate_only
onepiece,1f2ccd4c1b7c5c283ce62d2bd0acf7bbd5aad154d0a042468162859fb4a2c1f1,766638,Monkey.D.Luffy,P-001,onepiece_catalogue_name,1.0.0,candidate_only
onepiece,1f6998717b968b37c8de430374620b5cd44a27b79a23f4f45d337d8e74888316,690824,Monkey.D.Luffy,OP01-024,onepiece_catalogue_name,1.0.0,candidate_only
onepiece,1f7ba06c8f8f7e2e842ec53518c5367bd6f84251a590a271d7399bdd2fec8b28,766217,Portgas.D.Ace,ST13-002,onepiece_catalogue_name,1.0.0,candidate_only
onepiece,1f84e6efafd419eee904f262dc8d65ab8c18ccf0b0e67c51a321888762976064,884248,Nami,P-102,onepiece_catalogue_name,1.0.0,candidate_only
onepiece,1fa8d5d592ad0a23bc4da13983060bb218e92a4b1c00b640e3e05284fda4f29f,787493,Crocodile,ST03-003,onepiece_catalogue_name,1.0.0,candidate_only
onepiece,1faaced53b85d939d1018724ee721526c13eef73d9b626d3ee6598865f39a344,864850,Sanji,OP10-005,onepiece_catalogue_name,1.0.0,candidate_only
onepiece,1fac58330b1bb42f34c02db3cec39b61480b466189187bd32af8c32af993375e,839000,Cross Guild,OP09-057,onepiece_catalogue_name,1.0.0,candidate_only
onepiece,1fdbfbb73c524b6de528eb17c66c41e65dec2666f607661db50ca30a087a02cb,808186,Jewelry Bonney,OP07-019,onepiece_catalogue_name,1.0.0,candidate_only
onepiece,206e6df77bfe0dbd5405778c0c1cd40b9d1e04f8508b8befd6e5d59732f1350c,764448,Tony Tony.Chopper,ST01-006,onepiece_catalogue_name,1.0.0,candidate_only
onepiece,20940d05cfade8c30b995f58decb547af9c628e5b8370de7b0f303efe3b0e3b2,874402,Charlotte Katakuri,OP11-067,onepiece_catalogue_name,1.0.0,candidate_only
onepiece,20af40ee127121e5865d81eefb511fdb7c94a847de4d16aba555c9672f0dba62,690922,King,OP01-091,onepiece_catalogue_name,1.0.0,candidate_only
onepiece,20c1d58e11d151aad6d904531a3453adbda670da448580789400cd72b3f56360,848338,Boa Hancock,OP07-051,onepiece_catalogue_name,1.0.0,candidate_only
onepiece,212292ab4ef0553b85e91ccc9ef1394e3c31d69d419c7ee7fa8405a5b678bf19,871479,Koby,EB04-044,onepiece_catalogue_name,1.0.0,candidate_only
onepiece,213e071f2ce64b0265da4b120b792de9ff47a15aa3b924f42156c47dfe113efb,872222,Trafalgar Law,EB03-062,onepiece_catalogue_name,1.0.0,candidate_only
onepiece,215689dd076a2630234d54e81f667d0d8d3059946d042903d14ca5afab03c87d,799347,Kaido,OP05-118,onepiece_catalogue_name,1.0.0,candidate_only
onepiece,216aa8272c782b949e425dd4726a6b5e7bbc623766a783ee728da5e8288c2133,690859,"Eustass""""Captain""""Kid",OP01-051,onepiece_catalogue_name,1.0.0,candidate_only
onepiece,21c94d3b3c546cca60dc6d742669fe71f4140325accb6c0d72d19c5ce9d7ef68,862128,Nico Robin,OP13-032,onepiece_catalogue_name,1.0.0,candidate_only
onepiece,222c3f4243e16e78725f7aeed3be2b3496a88c95cead9f9ef46b69be8a025b85,794711,Nekomamushi,OP06-110,onepiece_catalogue_name,1.0.0,candidate_only
onepiece,22827b8d1ffb40608ad75791d8c0454d3e59a6bd06be73f8087224ae7aa764b1,733096,Donquixote Doflamingo,OP04-019,onepiece_catalogue_name,1.0.0,candidate_only
onepiece,22da49a1d42fe56b3bb600ad534104ed0ecef7f5691b70b5e8738a875e3499eb,722805,Monkey.D.Luffy,P-041,onepiece_catalogue_name,1.0.0,candidate_only
onepiece,22e5fbb0d79de4ea27dd104e9a085034eaa2029347e63ed3e7992b4476d324d7,883602,Nefeltari Vivi,OP13-012,onepiece_catalogue_name,1.0.0,candidate_only
onepiece,22eb85586986461c37f9b540732811bcc3e847f5d36bee89b1ef9093e448674c,767960,Tony Tony.Chopper,EB01-006,onepiece_catalogue_name,1.0.0,candidate_only
onepiece,230030079cbe150e98dad0f9f6251b4495251459c280cf070ccc5ce9af3cc369,845682,Sabo,OP13-120,onepiece_catalogue_name,1.0.0,candidate_only
onepiece,2307eb62a52c0360af7abd3a7804ba5cbde9e0f56ae8f99d07b346a69e5adbc3,775299,Monkey.D.Dragon,OP07-001,onepiece_catalogue_name,1.0.0,candidate_only
onepiece,2370d9de6ce3d63141b148fb45d032d0a25a56fc3a401c907a483d5749719403,823249,Ryuma,P-072,onepiece_catalogue_name,1.0.0,candidate_only
onepiece,2382c8fcfaf777bf50f0bc925204c82d0b0e83b856870d7da2c2dcdd8c0297aa,788036,Tashigi,ST06-006,onepiece_catalogue_name,1.0.0,candidate_only
onepiece,2394fc33775ea513129db4fdb74572be4cbfd89bd6858a44cfc787848d352f8b,754941,Roronoa Zoro,P-045,onepiece_catalogue_name,1.0.0,candidate_only
onepiece,23a16b8ad5be592369cf8d4b8ebf3df54748b37c616b17fe18160a2e0fa6fbda,804888,Jack,OP08-084,onepiece_catalogue_name,1.0.0,candidate_only
onepiece,23ee179dfdc94f219b1d3e0649774e2840e61e2d10944a69de975894e8ca296e,786400,Buggy,OP09-042,onepiece_catalogue_name,1.0.0,candidate_only
onepiece,24033ae3d798134399c66d0a121cc3ddf86355ff57d1dbdf5a158db09fd6f730,871475,Monkey.D.Luffy,P-033,onepiece_catalogue_name,1.0.0,candidate_only
onepiece,2405eaf3c5915877baf2fb6aceead99325ab478bc5917beac7e54d3b63a5cfb4,852536,Marco,PRB02-008,onepiece_catalogue_name,1.0.0,candidate_only
onepiece,24081e6f4f8cd46cc9e6189af919e5f9181d576b46fa6cc74f7406e113bd3a1b,827269,Monkey.D.Luffy,OP05-119,onepiece_catalogue_name,1.0.0,candidate_only
onepiece,245c4024fa64b75e1fdab68e83d51c975bb256683a8c1279c50974137a45971c,743264,Killer,OP01-039,onepiece_catalogue_name,1.0.0,candidate_only
onepiece,2469fac6bba48a48d4de409be894d96b080a8c8f8bb448bc5fa0094084d6c71f,804371,Sabo,OP04-083,onepiece_catalogue_name,1.0.0,candidate_only
onepiece,24803bf045cb98f8d3e74632576772cc958e8a50318f69fa1ccb24b698ff1fca,749394,San-Gorou,OP05-065,onepiece_catalogue_name,1.0.0,candidate_only
onepiece,249481bf087fca24e5335f045d3d766b7b116061e5b2f040537587bc0786bda9,862866,Monkey.D.Luffy,OP10-111,onepiece_catalogue_name,1.0.0,candidate_only
onepiece,249d4f7f87e11d68f0f37f85ed340cdfb027a4c02f6e07f62a91aaaa45878b51,869913,Usopp,P-049,onepiece_catalogue_name,1.0.0,candidate_only
onepiece,24b7b2009fa73ded450592b958282c613c8474782209313a40cc797139d06faf,875143,Sabo,P-105,onepiece_catalogue_name,1.0.0,candidate_only
onepiece,24feb4e003b832b7d09e35f833903d0ee718fe2cacb635130a2b1b7d399121e4,691095,Kaido,ST04-001,onepiece_catalogue_name,1.0.0,candidate_only
onepiece,2504f0d95fe49d635e9e252411492ec72cb1adec0aa0a68a6094c65594e51214,781013,Boa Hancock,OP01-078,onepiece_catalogue_name,1.0.0,candidate_only
onepiece,252f7e62a05fef0b809274e0d5888be973582f2255530ee7b1e5b4c44cb6a3d1,804386,Portgas.D.Ace,P-074,onepiece_catalogue_name,1.0.0,candidate_only
onepiece,2564767263e97c988dc1b0cbb79a85b935fd0755f8038a1c1db2d0d8200f6f0e,808177,Monkey.D.Luffy,OP05-060,onepiece_catalogue_name,1.0.0,candidate_only
onepiece,25684432ea1eab7724c7b3d948c9fd840ecbff28dd1920b3f734ea9113af830d,883276,Usopp,P-049,onepiece_catalogue_name,1.0.0,candidate_only
onepiece,25732fa1dadd7f0dceeba244ded78f641990663753a8f2b30d426da975dd2b21,732783,Rebecca,OP04-039,onepiece_catalogue_name,1.0.0,candidate_only
onepiece,25946aaba4b7beb93cb493f2d9833c57783cadcc21df9717961cd3673d9f1d8a,764436,Sanji,OP01-013,onepiece_catalogue_name,1.0.0,candidate_only
onepiece,25c6494c564ba772754e3a3e73594806da12363a595937fadfd614c47c69a731,829829,Brook,ST01-011,onepiece_catalogue_name,1.0.0,candidate_only
onepiece,25cae23ec0f37892cba5c28560fd29c352af42b9bd7fcb61e1ad3543ecf7c261,787875,Carrot,OP08-023,onepiece_catalogue_name,1.0.0,candidate_only
onepiece,25e7f4776d2847c75c55fbd55e93222dcffd3c96bc905676426118390fcb3568,830297,Boeuf Burst,OP12-060,onepiece_catalogue_name,1.0.0,candidate_only
onepiece,26106331d88617983226fc07c1a00d8791140589b82721d595032356ed625ea5,768025,Charlotte Flampe,EB01-056,onepiece_catalogue_name,1.0.0,candidate_only
onepiece,2614d8edf737341a1d599f2dcbc54e42707bba5819b423a042b5efd21fbbafee,825874,Charlotte Pudding,OP08-067,onepiece_catalogue_name,1.0.0,candidate_only
onepiece,26344685bde2065351c75c0744d456fd6b717d3bc452f387692602308927fdcb,858771,Monkey.D.Luffy,ST21-014,onepiece_catalogue_name,1.0.0,candidate_only
onepiece,267ca6a25c3c67aa2b9d1d0ec3e90272508e436b20f2ab4f1c7dd56194c99ff6,850921,Gum-Gum Lightning,OP09-077,onepiece_catalogue_name,1.0.0,candidate_only
onepiece,268a2d62666ef7340d1c02f9750c48a728487e15e6ea6dec66da8f88697f843a,747817,Enel,OP05-100,onepiece_catalogue_name,1.0.0,candidate_only
onepiece,26b86b9ed8722e1b608875dee72cfd5becac9497e59dfc56df49b305f9190cdc,879511,Roronoa Zoro,EB04-007,onepiece_catalogue_name,1.0.0,candidate_only
onepiece,26cc03e32a55bd3a4d05dae93753d52a67baee0a5b65a321840a58e53278745e,862075,Trafalgar Law,OP05-069,onepiece_catalogue_name,1.0.0,candidate_only
onepiece,26f0c0cc91ee3ccbb59f8dcebad30e6ed38862344d987484987bae6d21f82e5f,744891,Kaido,ST04-003,onepiece_catalogue_name,1.0.0,candidate_only
onepiece,271133e087621054471119f660bd591e39c4abccf92d6a7bc5932a95a03ccc7c,858762,Trafalgar Law,OP09-069,onepiece_catalogue_name,1.0.0,candidate_only
onepiece,273f2d098e2d6fe47b17ec8178cb46bbad727c22dec9a61db57c37880e2be8e8,866411,Boa Hancock,P-066,onepiece_catalogue_name,1.0.0,candidate_only
onepiece,2744a1c962be89374445a34c4a753ffeae7bb210eb22822963735624c6d7bcb9,872231,Nefeltari Vivi,EB03-024,onepiece_catalogue_name,1.0.0,candidate_only
onepiece,275d424a1cb50204aaac2604cea81180d3d355cd70670ee60b3e73e301f4fa7a,768241,Monkey.D.Luffy,OP01-003,onepiece_catalogue_name,1.0.0,candidate_only
onepiece,27710fdc62306a3176505e08bc1862f61d604fe2a5822826d6298b8b52ca4d73,874422,Black Maria,ST04-011,onepiece_catalogue_name,1.0.0,candidate_only
onepiece,279fdefc6eb6edf4f2add83456bb875fb5fda7d06fab2dcf62837aaea8832d4a,700905,Boa Hancock,OP02-059,onepiece_catalogue_name,1.0.0,candidate_only
onepiece,27bc5d358a5906d02328a211aeb8f0c82144a5efe18fb3c26c65cb2f6e27a3d0,764449,Nico Robin,ST01-008,onepiece_catalogue_name,1.0.0,candidate_only
onepiece,27c4d92a8044082f2e8c7f2b3b5fbb7cb31ad45aa683fadf1c58d53095d4beaf,875033,Jewelry Bonney,P-113,onepiece_catalogue_name,1.0.0,candidate_only
onepiece,281ce7ebdaf9f1995d69b54bc89d79e4b2d90ea6c92fa594e41d7c045c140fbe,857358,Benn.Beckman,OP09-009,onepiece_catalogue_name,1.0.0,candidate_only
onepiece,287c5346d26df1314c821ba8b2e1446254c65de35c68f0a45e7ff1f27eb2a2a7,773425,Charlotte Katakuri,OP03-123,onepiece_catalogue_name,1.0.0,candidate_only
onepiece,287ea484bdded8b4eb8405825da7e22f40ef851238f0dc6bf05aca38ebd79130,817510,Nami,OP10-033,onepiece_catalogue_name,1.0.0,candidate_only
onepiece,28bdc1bf3e5bfd1406a1a97a542d222624e48e7bc9e4d4a53262d626926257ea,865527,Gecko Moria,OP14-104,onepiece_catalogue_name,1.0.0,candidate_only
onepiece,28d38e6780c945b5fb21925af32b053362db85fed7b43faf4bfedd4b2866bc80,768329,Donquixote Doflamingo,OP01-073,onepiece_catalogue_name,1.0.0,candidate_only
onepiece,28e4e42c2daed59e7835a16ae2d931a171d5e7ef74ffd43a162506f8e4686b92,871394,Yamato,EB02-006,onepiece_catalogue_name,1.0.0,candidate_only
onepiece,2904757f4ee6f73e6a197916f0c8ed619e460b534ffec074f3101494f7a49db9,750655,Monkey.D.Luffy,P-041,onepiece_catalogue_name,1.0.0,candidate_only
onepiece,291df7949f35e0c61ebddbf6a86f624b0e086964c864681322e1fdece0c22112,768011,Brook,EB01-046,onepiece_catalogue_name,1.0.0,candidate_only
onepiece,296f270362083354bf2e9135ad39360d77227a0bbf2616a8d9ea9ac14cd6fbef,719925,Monkey.D.Luffy,P-037,onepiece_catalogue_name,1.0.0,candidate_only
onepiece,29a1ba123ebc36efeea89e2a00e2ba7dcc04156e90c72e2d4f87ee6d5b81b5aa,759900,Portgas.D.Ace,OP07-119,onepiece_catalogue_name,1.0.0,candidate_only
onepiece,29c66690a2c752b48d604d7c7f73e90a50debca726716d5bb1671fdeb829eb54,740385,Tony Tony.Chopper,ST01-006,onepiece_catalogue_name,1.0.0,candidate_only
onepiece,29ccae295bf731d5fabe548466b1212dddd5bfd3424696a867833bd894787313,768356,Kaido,OP01-094,onepiece_catalogue_name,1.0.0,candidate_only
onepiece,29f47cb6efdce222d7e387f2480d503975b4b12d0038c425c3e54c1b778cb361,857346,Portgas.D.Ace,OP13-119,onepiece_catalogue_name,1.0.0,candidate_only
onepiece,2a08d5023ca1f794aacf382b6f40fbc1214aa11e19b79ccd93c29629abc2d720,823527,Vinsmoke Reiju,OP06-042,onepiece_catalogue_name,1.0.0,candidate_only
onepiece,2a20b45ca3b95454f07e75b270b462d46af522ed2952f3d3a52f19ef2739a154,733384,"Eustass""""Captain""""Kid",OP05-074,onepiece_catalogue_name,1.0.0,candidate_only
onepiece,2a421127cf61ea9b9c4291b70462f8a07430949307438162f96f70aa749bb1b5,766646,Monkey.D.Luffy,P-041,onepiece_catalogue_name,1.0.0,candidate_only
onepiece,2ac13b147f87cc8d2dac7a726cc6faa4df605c246484d1fe02170951728d764d,879963,Sabo,OP15-046,onepiece_catalogue_name,1.0.0,candidate_only
onepiece,2acc8be8c5fc0d16d810f689cb476c2bb1c6c8d552904d557da3d8a4905c8617,845635,St. Topman Warcury,OP13-089,onepiece_catalogue_name,1.0.0,candidate_only
onepiece,2ad5c9d78cf7eed5066f68649b829d1aefbbc869e14163864e32f7132c8415d3,857192,Gol.D.Roger,OP13-003,onepiece_catalogue_name,1.0.0,candidate_only
onepiece,2add947e7b69989cce09480292175c46cd9646991f4d2d42054c815060c38fd3,764453,Love-Love Mellow,ST03-017,onepiece_catalogue_name,1.0.0,candidate_only
onepiece,2aeac6100b19a68ff02a5d91cfed2b9db341bb61d382d66d4aa42839e2f21969,875109,Monkey.D.Luffy,OP15-098,onepiece_catalogue_name,1.0.0,candidate_only
onepiece,2b04d6afd75e99742faea04b1644c9e933053ab8e08a5b238e1b1dc0850a8d33,867300,Monkey.D.Luffy,ST29-001,onepiece_catalogue_name,1.0.0,candidate_only
onepiece,2b41f6058cb056dfbc9e37e3f54ef86e76812561e4e03dc532c97e0ff11fa10b,729813,Sanji,OP03-102,onepiece_catalogue_name,1.0.0,candidate_only
onepiece,2b53623edaed6a98bf4ec5f1d4771cfd70bfa1c1addda4712337abf41228a578,852417,Carrot,OP08-023,onepiece_catalogue_name,1.0.0,candidate_only
onepiece,2b725397862a6bd9e4a4cbb386b1bacba0c1caae769ee73eee015df443fc46ca,690960,Yamato,OP01-121,onepiece_catalogue_name,1.0.0,candidate_only
onepiece,2b773a1e43194c6968eb3c09840b081fd9b71dce2512e85b9786308067b2c6b8,837872,Koby,OP11-119,onepiece_catalogue_name,1.0.0,candidate_only
onepiece,2b818d0365ed308b63a7301eced5c9c9f8e106673d381a4588c91bb8501a9aea,865578,Nico Robin,ST29-009,onepiece_catalogue_name,1.0.0,candidate_only
onepiece,2bc05e2e3a4d3e4dd94e79085153416786f14bcdeb22b28da4d97dd27d7fdf50,852487,X.Drake,OP10-114,onepiece_catalogue_name,1.0.0,candidate_only
onepiece,2bc1d42a94f4306f474eec63e3bcd077617f3dabc0d4973e5fd95d7e41534f32,865439,Nami,OP14-031,onepiece_catalogue_name,1.0.0,candidate_only
onepiece,2be5fce6b5872064ba5c55d8354d91efe0c86d17dd479ea62353b3ac2e321a89,732795,Ms. All Sunday,OP04-064,onepiece_catalogue_name,1.0.0,candidate_only
onepiece,2bea1b5cce31ed3adb0bbca288971e87f77fb4f32b094a012acdbbb23e479fe7,883390,Monkey.D.Luffy,OP15-051,onepiece_catalogue_name,1.0.0,candidate_only
onepiece,2bfef86dc5a79161aae346de31d91c0fd0a161a26ecc9529dccdda55f96268f0,862862,Yamato,EB02-006,onepiece_catalogue_name,1.0.0,candidate_only
onepiece,2c3f102d80a8a74bf3a2e7fbde4c4b363b6e983ac8553356ced5e0ff54cb3aa0,857351,Sabo,OP13-120,onepiece_catalogue_name,1.0.0,candidate_only
onepiece,2c8d6d7c74ae35818186e005b3f9e8f7a3c0c50eb8f40e6ded0f301c0e4e81b0,719319,Queen,ST04-005,onepiece_catalogue_name,1.0.0,candidate_only
onepiece,2cdc47e998f8c391185756a6be5b7b7a15bc569a1e06e7fdf59deb849dc6fab6,732276,Marco,P-071,onepiece_catalogue_name,1.0.0,candidate_only
onepiece,2ce7724fa487990319a92ab5d4bb50044253ddd1bf002c2e14c6c6c179becc7c,743262,"Eustass""""Captain""""Kid",ST10-013,onepiece_catalogue_name,1.0.0,candidate_only
onepiece,2cf1a72424c37d9033f9326bea058665cf2dd94bdc19e8717f41417b6a5403fa,752047,Monkey.D.Luffy,P-006,onepiece_catalogue_name,1.0.0,candidate_only
onepiece,2cf947bccbd795465e505c82bd32bb9f7442a4bdf61c8c5754dca674fe3fca26,750564,Sabo,ST13-008,onepiece_catalogue_name,1.0.0,candidate_only
onepiece,2d1bba55fac31b1cedd1448a9699ed042f04d485fd30db32fd268b03a50d35c0,821352,Nico Olvia,OP09-106,onepiece_catalogue_name,1.0.0,candidate_only
onepiece,2d1dd1b1df29dfc2a297fb01f648d91f7478628c855e4cdf76989a76d9bf8263,843032,Bartholomew Kuma,OP12-119,onepiece_catalogue_name,1.0.0,candidate_only
onepiece,2d2bab1e70c6cbbb93025f2fb3a68f4c8776cfc9324a13fd62c378ed00d8d839,746377,Kouzuki Hiyori,OP06-106,onepiece_catalogue_name,1.0.0,candidate_only
onepiece,2d359c5e5b5ec0644dcaf6d42c91337d69d53af66784ae21721827bfb95a6758,877325,Monkey.D.Luffy,OP13-001,onepiece_catalogue_name,1.0.0,candidate_only
onepiece,2d50c2dff6213af6feb0afc94ff7d091619ce226f522fe41085530a4f9468529,698916,Monkey.D.Luffy,P-001,onepiece_catalogue_name,1.0.0,candidate_only
onepiece,2d686daadbd7eeb4c4a989429c87863a5b28465ba1e7dcef92e234ad84aeed9f,732801,Sabo,OP04-083,onepiece_catalogue_name,1.0.0,candidate_only
onepiece,2d8cf0a2a44f10de3e3d5e6d4f90a1b2132fb6a1feb1ea7e54262739eb8186b8,717501,Nefeltari Vivi,ST01-009,onepiece_catalogue_name,1.0.0,candidate_only
onepiece,2da997a2f43e1c19eb9dff366077f7b6ee44fb0d2172dd446fb56fc3be501e00,700493,Portgas.D.Ace,OP02-013,onepiece_catalogue_name,1.0.0,candidate_only
onepiece,2dad1585db271d207cd2081299fd90e825c9cf3639518b64a1fb32ebb50b3a65,754143,Tony Tony.Chopper,EB01-006,onepiece_catalogue_name,1.0.0,candidate_only
onepiece,2db07fb30265944f924d6b2d843b6975996b67528e1d93ca86020c7ae1793c55,871505,Sabo,PRB02-014,onepiece_catalogue_name,1.0.0,candidate_only
onepiece,2de9fd068ed98b51985bef353799eb76ebfc03af0993143c458b5ca6f641d7a5,743384,Crocodile,ST03-003,onepiece_catalogue_name,1.0.0,candidate_only
onepiece,2dffbf5e9fd1a5a9b204c0065d39bdcf1d296428c76a8cd55ac7724491fe060f,845246,Portgas.D.Ace,OP13-002,onepiece_catalogue_name,1.0.0,candidate_only
onepiece,2e0b27355dc0b43725603ee14412d7de50f287f415919ee19899dc97e88fbc7f,750578,Monkey.D.Luffy,ST13-015,onepiece_catalogue_name,1.0.0,candidate_only
onepiece,2e1bc3554b93a5dea6ee64c323c73285c8319b06e4cc5cc7dc583b3cec40bc49,794703,Vinsmoke Reiju,OP06-069,onepiece_catalogue_name,1.0.0,candidate_only
onepiece,2e3f520c492d02eba5a421c3978a224c27608064ea97f3e3c1663c88359c4fa3,823536,Marco,OP08-002,onepiece_catalogue_name,1.0.0,candidate_only
onepiece,2e6701dbc2989ed3d643673ac0cd91146fccd9d85ebfaa444154cd58e203d6cf,729833,Kuroobi,OP03-026,onepiece_catalogue_name,1.0.0,candidate_only
onepiece,2e90496471cc5ca82f59919865d0e3da2518d04d68928901f3832d7a005a04d0,799684,Boa Hancock,ST03-013,onepiece_catalogue_name,1.0.0,candidate_only
onepiece,2eea326de6d85f0d5b530ff9ce00c6a860ff36e9ffc605955f1a79260fe1c689,750580,Yamato,ST13-016,onepiece_catalogue_name,1.0.0,candidate_only
onepiece,2efc65c77580827ca3eaa5f38eb74312b18a7caed038a3efdf95badbcfe065d2,776928,Monkey.D.Luffy,OP05-060,onepiece_catalogue_name,1.0.0,candidate_only
onepiece,2f299af6195cea5ec3b47782440061c80ad4cd0c56cfb9d8ec37c2896eed0413,773700,Nico Robin,OP01-017,onepiece_catalogue_name,1.0.0,candidate_only
onepiece,2f2c81467992c20062d4a5a61460223343f199050dddc558dba2504d135cf901,805346,Sanji,OP07-064,onepiece_catalogue_name,1.0.0,candidate_only
onepiece,2f5af9d510f8b5f4de0060629c7229f57af992beedd2132927f44e51123cf43c,829835,Black Maria,ST04-011,onepiece_catalogue_name,1.0.0,candidate_only
onepiece,2f5ce7e48d2949405746f15b96c455c4c44cc621b8be250833a71412c0bf6c0b,759861,Monkey.D.Luffy,OP07-109,onepiece_catalogue_name,1.0.0,candidate_only
onepiece,2f60cbd806fd3a89b0e9e9d6efb0714fc41c9e40a71cf15a8bafef9ef242c014,786507,Marshall.D.Teach,OP09-093,onepiece_catalogue_name,1.0.0,candidate_only
onepiece,2f9827772d2b9adc9884ef45cf70a4314f15913129a4eac5fe3ba633600205af,830376,Zoro-Juurou,ST18-004,onepiece_catalogue_name,1.0.0,candidate_only
onepiece,2fda290e4e5e08c906b71e955604d1a1005122eec73e73787d640cacb48b4144,879538,Borsalino,EB04-058,onepiece_catalogue_name,1.0.0,candidate_only
onepiece,3009f18fb0bdc926c46ec095ac5f03e221a9876a837327749de283c71c1371ed,690978,Nami,ST01-007,onepiece_catalogue_name,1.0.0,candidate_only
onepiece,302d0490cf509cb7df87ba084d1cde3dfb8544ff55d07b47d400f0f1d5ef4a97,696653,Franky,OP01-021,onepiece_catalogue_name,1.0.0,candidate_only
onepiece,304286aa4421133e4cc32c17028e327e3b699c0503598443d38734d7a7a33d86,787531,Sanji,OP07-064,onepiece_catalogue_name,1.0.0,candidate_only
onepiece,3066af89360572e2bf1e3fd09af70052a98e4de72d7a06cb52c9eaea2172952c,833404,Monkey.D.Luffy,EB02-010,onepiece_catalogue_name,1.0.0,candidate_only
onepiece,307320f1329cf901624d658ad80e7898a165baa538525bf9ddc68328f1516d4c,717520,Roronoa Zoro,ST01-013,onepiece_catalogue_name,1.0.0,candidate_only
onepiece,3084557b4bc6cdf811f941a243679c6a96769aabf602b94344b08e21eb2ca670,690886,Crocodile,OP01-062,onepiece_catalogue_name,1.0.0,candidate_only
onepiece,30a099c7e28037cd0f4b12ef9e6cd90efc8e97acadb86c5416152fde4e2fdc13,775295,Issho,OP03-078,onepiece_catalogue_name,1.0.0,candidate_only
onepiece,30d42b01b3d1340da14c2b686e0ee05f9a8bfea4de83260583a63257af47f399,760309,Buggy,OP03-008,onepiece_catalogue_name,1.0.0,candidate_only
onepiece,310e682dd87fb5e87aa9f35d379b0cdd52fab62fba878101cd93be070435134d,816840,Monkey.D.Luffy,ST21-014,onepiece_catalogue_name,1.0.0,candidate_only
onepiece,3123f2790377b810a61ccbfbb0359b2487c7358dfd8ddb5efba27f92cb8f9682,865576,Nami,ST29-008,onepiece_catalogue_name,1.0.0,candidate_only
onepiece,3126ac11af14b6fbf493145ad670f49a3bbf7afd298d2ed971be360ba6e4fc4a,852596,Shanks,ST16-004,onepiece_catalogue_name,1.0.0,candidate_only
onepiece,31399a155f3407937d3461dbb27eb684cdaf1bca3e1d1acdcf13c9807831118f,762659,"Eustass""""Captain""""Kid",ST10-013,onepiece_catalogue_name,1.0.0,candidate_only
onepiece,313cf1f2917d22af4fe1b8d9309a33f066c663d9895210baa9c847825bac9e2f,861958,Dracule Mihawk,OP12-030,onepiece_catalogue_name,1.0.0,candidate_only
onepiece,31547a86973d2b6ba886a18f7ad06bddf3ebb779c492144d58dcd549eff3d3c4,865623,Nami,OP08-106,onepiece_catalogue_name,1.0.0,candidate_only
onepiece,315d0563763512fc88bb9dba4f9d4533343fda634d84922a3a1c1cb3d9284d94,746392,Roronoa Zoro,OP06-118,onepiece_catalogue_name,1.0.0,candidate_only
onepiece,318f4ef229a54de1708c5e62578241294ed6b045df5c44834617b855e3662c91,698864,Jack,ST04-008,onepiece_catalogue_name,1.0.0,candidate_only
onepiece,31cdc69dd09cfa04cff41414e7b2f07b67867d71cfc88251e9b0cdf2e3069ba7,799246,Three Thousand Worlds,OP03-057,onepiece_catalogue_name,1.0.0,candidate_only
onepiece,31d86be1ea6fbdb7567e292725ebe02da99cf7fbff5e235c668f43a5c12ecac0,817347,Sanji,OP06-119,onepiece_catalogue_name,1.0.0,candidate_only
onepiece,31d9e69a225879c602e5d0136a726b06fa0c4ebf2501030cadc6a59ddb79b653,878060,DON!!,Kumamoto 2026 Nico Robin,onepiece_catalogue_name,1.0.0,candidate_only
onepiece,3228b7567a40dafa4f079c526ccedc31ad9f2051fbe5f358ddcebcf9a2ae37ee,865562,Monkey.D.Luffy,ST29-001,onepiece_catalogue_name,1.0.0,candidate_only
onepiece,32be26604b61392ee3b32cc4f107d8fe3df8eb7198e294c7d25731ae2cb24369,786307,Shanks,OP09-004,onepiece_catalogue_name,1.0.0,candidate_only
onepiece,32c7bba48d8e3d52c6a3f3778c6d6ce0b0da9e186fbd29f5c9e66fa7d42cbd13,808789,Boa Hancock,OP07-051,onepiece_catalogue_name,1.0.0,candidate_only
onepiece,32dafd7d4cb9d4ff52bc8788074fa7109afeeefc70a2f47a22bd3f547b246df2,808138,Sanji & Pudding,EB02-035,onepiece_catalogue_name,1.0.0,candidate_only
onepiece,32e767bfd56c1bf218702dac001b824725d55d6dc593cb718b9ed0f855682c82,732804,Monkey.D.Luffy,OP04-090,onepiece_catalogue_name,1.0.0,candidate_only
onepiece,32fb60fd4a31c4950283db467b58f39c763c517c9efb3b9d307d5b238baa0ae0,875139,Enel,EB02-052,onepiece_catalogue_name,1.0.0,candidate_only
onepiece,331b6b3f9681edb8fd06625f6b7b1b8299683da9e71a404bb6707ee90210a7ef,762649,Gum-Gum Jet Pistol,ST01-015,onepiece_catalogue_name,1.0.0,candidate_only
onepiece,332367f59bb67867b0545d8ef339e1c7671581bbb2f8827f1aca9f1d08f9f2d4,775439,Boa Hancock,OP07-051,onepiece_catalogue_name,1.0.0,candidate_only
onepiece,333d92c234e8a74e031b0aea80f595435d67a745eaea8478a4d912e1ffab86f1,732802,Sabo,OP04-083,onepiece_catalogue_name,1.0.0,candidate_only
onepiece,33937bd412acfa2a5dc6c7f33d20aef483ad66f962f977a9880cf40ce055a012,808721,Nami,ST01-007,onepiece_catalogue_name,1.0.0,candidate_only
onepiece,3397d3ee838014d31d975ce625e30ee8e26eb35d91438cb5947b1637895d35a6,842963,Donquixote Rosinante,OP12-061,onepiece_catalogue_name,1.0.0,candidate_only
onepiece,339c480c1e1a17cedfdd74f9c411fbaca469932302eee4d324b4e35c9a7e938c,768257,Nami,OP01-016,onepiece_catalogue_name,1.0.0,candidate_only
onepiece,33a9346e6d0351bfa090068579ab1dfe79c96d8d8d63cc34ed20ba8a05078545,880741,Bartholomew Kuma,OP12-119,onepiece_catalogue_name,1.0.0,candidate_only
onepiece,33c07e02fad2677e04883d8c01a7829f84f942e659ca038826cba873563b044c,827244,Zeus,OP11-106,onepiece_catalogue_name,1.0.0,candidate_only
onepiece,33d4d4ad76e8becf02b8dbd18661efc4642fa9dc8870c9bcf407c3202af6ae10,832199,Nami,OP09-070,onepiece_catalogue_name,1.0.0,candidate_only
onepiece,33e77a70a7d53d5c664f8c162c170c5b6f9fbd4b26c468c61cdda2cffc315656,799417,Tony Tony.Chopper,ST01-006,onepiece_catalogue_name,1.0.0,candidate_only
onepiece,33eb5ee98bb0b41937c20e9a2e6809f92a01a4659dee16212866460e9ff0edfc,778617,Sanji,OP01-013,onepiece_catalogue_name,1.0.0,candidate_only
onepiece,3423db5f8ce5f085c5578dfe8a94d5ad1714beabe624324b4d845b9d9612eae2,882460,Dracule Mihawk,ST12-003,onepiece_catalogue_name,1.0.0,candidate_only
onepiece,342ca270342922cb0c998e5c73ff9f2647b38cbe5d1810ff384ac9b96c73f576,823520,Donquixote Rosinante,OP05-022,onepiece_catalogue_name,1.0.0,candidate_only
onepiece,344474bf28d17b26e6fe0a787bb487957651c5961ed92d61a4abcb6b2381839b,804894,San-Gorou,ST18-003,onepiece_catalogue_name,1.0.0,candidate_only
onepiece,345fe3df6382f7b56f011f7213210035beb46b9afb5c9f784102689827163ba6,816830,Nami,ST21-009,onepiece_catalogue_name,1.0.0,candidate_only
onepiece,34da16842ab2e2e8d5fd54a2669069d5f87fab6f42f132728fc34c6586151937,804776,Monkey.D.Luffy,ST13-003,onepiece_catalogue_name,1.0.0,candidate_only
onepiece,34dd1704b3ef244efa4fb2886a6fb33f61286b99e0daf221b5563ee7077a3ac9,799352,Emporio.Ivankov,OP06-003,onepiece_catalogue_name,1.0.0,candidate_only
onepiece,3506f6aa2d2f8aa9ce262d4bf58073801f93caa50337a3dad47ed8fc8ee54a3d,879537,Borsalino,EB04-058,onepiece_catalogue_name,1.0.0,candidate_only
onepiece,3555becdbbae6e320c9ea16e237c973b26d3f61f8d452b2060816ab4b2c98d66,880044,Wyper,OP15-114,onepiece_catalogue_name,1.0.0,candidate_only
onepiece,355c335376ff978f9176d1978cc96df789660213fa2282861a0162f7d3332b9c,879947,Brook,OP15-032,onepiece_catalogue_name,1.0.0,candidate_only
onepiece,35848f5b3299d4dfbdaa9bba63f169cb6b2e414aae0cc4fd758b2a3b78fdedc8,699491,Kuzan,OP02-096,onepiece_catalogue_name,1.0.0,candidate_only
onepiece,35c306c4f0b906ba6d7cd006d329a6afd5eeb96327728b56f53ccdd17990567a,865559,Roronoa Zoro,PRB02-006,onepiece_catalogue_name,1.0.0,candidate_only
onepiece,35c4ee5efb41cf1896287176a9b2b6b7133c666c8df967677b18d6838f43749e,768294,Trafalgar Law,OP01-047,onepiece_catalogue_name,1.0.0,candidate_only
onepiece,35cb171cf9e4fa7b92c8ead47a70bfc187a99b6309511cd764a39116fea52c21,852390,Sanji,OP06-119,onepiece_catalogue_name,1.0.0,candidate_only
onepiece,35f4e04a721c0d3bf5aca3790b67a5e702d30ebdcca523814d8fef32f93f68b3,750552,Portgas.D.Ace,ST13-002,onepiece_catalogue_name,1.0.0,candidate_only
onepiece,3606aad579d2d53eaa2504b971ef8ecd9b38dbd104018f7295332a98e44be2e0,720061,Monkey.D.Luffy,ST01-012,onepiece_catalogue_name,1.0.0,candidate_only
onepiece,3609a683f7aef3f031dcedab430c5e8192b0bb8d811a989f49757a22d9a16971,823517,Monkey.D.Luffy,EB02-061,onepiece_catalogue_name,1.0.0,candidate_only
onepiece,3645a8152d245bf8282bcb9fca31dd98042c79fc5188c0d11ac15ee1de350746,794715,Monkey.D.Luffy,OP07-091,onepiece_catalogue_name,1.0.0,candidate_only
onepiece,366ff045645075ff83f3ffeab8b4563d710bd3a2baece361b61c348e52af2167,840669,Tony Tony.Chopper,P-089,onepiece_catalogue_name,1.0.0,candidate_only
onepiece,367ad33b4613e561275b6cee699b90447a0a5f576f75a1c666208bb79fb3338e,878061,DON!!,Kumamoto 2026 Jinbe,onepiece_catalogue_name,1.0.0,candidate_only
onepiece,3681692504f2befdfbcc0be15b83483c5379086e7dcbf62f16f783bde1f41613,880739,Monkey.D.Dragon,OP12-094,onepiece_catalogue_name,1.0.0,candidate_only
onepiece,369e8ac94189641e9336b5ea62804c8264a6da6ba6c3cb79b8c0266a1f3be56d,699242,Smoker,P-025,onepiece_catalogue_name,1.0.0,candidate_only
onepiece,36c051d7b6888f3500722c5728d7546ebd8571d4815f7d9e9ae27666c0a079d4,768485,Magellan,OP02-071,onepiece_catalogue_name,1.0.0,candidate_only
onepiece,36c89c71778845a1747669eb94de2c8345cba47df10e9219d19de81fb16cabee,830640,Shanks,OP09-004,onepiece_catalogue_name,1.0.0,candidate_only
onepiece,36d4fd31fecb9fcb5f2146fe5f4c1bbc528618d0d02e116f8688fa994b39d50e,865417,Monkey.D.Luffy,OP14-013,onepiece_catalogue_name,1.0.0,candidate_only
onepiece,36f5176bf25d724dbea6f8d30a7b86085a5df735175efc79d545b71b5c087759,837266,Shanks,OP09-001,onepiece_catalogue_name,1.0.0,candidate_only
onepiece,375183cbc73bfa1833126a91cea7828057999abbc2da0218316e2bfbb3f4eb42,733075,Nefeltari Vivi,OP04-001,onepiece_catalogue_name,1.0.0,candidate_only
onepiece,379456509f98eb3f336bc028a5c35a85ecbe595de1abb63bcc6d2ab499462917,775326,Monkey.D.Dragon,OP07-015,onepiece_catalogue_name,1.0.0,candidate_only
onepiece,37ac8fd8c92639bd5053743c149ba46c2e94dd9cd0ec0f7ddc017474618f75e0,858518,Nefeltari Vivi,EB02-026,onepiece_catalogue_name,1.0.0,candidate_only
onepiece,37ff2c05a18721fddbf2197b59b9867297071fee1fc6f9998082c00839113a55,788030,Silvers Rayleigh,OP08-118,onepiece_catalogue_name,1.0.0,candidate_only
onepiece,381952505dcba6e685035d0bf12edd6ff460a8b116cfd6affe1b8b1bb46717a1,794693,Tashigi,ST06-006,onepiece_catalogue_name,1.0.0,candidate_only
onepiece,3821c7399eb89e8f80d93475959e6f87f1dc9aa645e7633746f86273f53b03fb,808196,Kalgara,OP08-098,onepiece_catalogue_name,1.0.0,candidate_only
onepiece,386d378da426b9007589bece13d49bed5896ee5aab887346bf6a02df659531d9,776930,Monkey.D.Luffy,P-043,onepiece_catalogue_name,1.0.0,candidate_only
onepiece,38c4d59afe8f206aba2643d211796a06cf0b9996a89e35f98857625252adb474,766241,Monkey.D.Luffy,ST13-014,onepiece_catalogue_name,1.0.0,candidate_only
onepiece,38d126cbc676a7514850bb7a948cedf699f91e213588590bc05055fef70812a8,747880,Monkey.D.Luffy,ST01-012,onepiece_catalogue_name,1.0.0,candidate_only
onepiece,38d1a20164217f02ce62aed197037d5458467c635b01edbb7fbdc3950f4402e3,845679,Portgas.D.Ace,OP13-119,onepiece_catalogue_name,1.0.0,candidate_only
onepiece,3903a62e5689703a92003b86aa2a86d97419e74adcf1ec622531c4354568c702,750511,Tony Tony.Chopper,P-065,onepiece_catalogue_name,1.0.0,candidate_only
onepiece,3950b2e6d3fac64b34e659668be78e1e53fd372bfee03c36cb57416efd97239b,879907,Roronoa Zoro,OP13-037,onepiece_catalogue_name,1.0.0,candidate_only
onepiece,396e269a9b87ffcc72404c0237000ab74b55f9d53048d8cbca29d27cce529713,880047,Gum-Gum Golden Rifle,OP15-116,onepiece_catalogue_name,1.0.0,candidate_only
onepiece,39739ec068ae61a07c71544a09a09371fa63ec90e570e3397430f07353bdb133,787543,Portgas.D.Ace,ST13-002,onepiece_catalogue_name,1.0.0,candidate_only
onepiece,39a9e127ee0980289a57e4c7096fafc4603695e17af33162fd07935fffbc228e,880746,Perona,OP12-034,onepiece_catalogue_name,1.0.0,candidate_only
onepiece,39b1bcb8026c3166481b48b16bdab75a03a12a70ba302ac3614d8bf7f846b2ce,827128,Nami,OP11-041,onepiece_catalogue_name,1.0.0,candidate_only
onepiece,39c3c97303386dc995de21e84d57b780483df8059f8ffc4bcf2a6bbb8e0325c3,746391,Roronoa Zoro,OP06-118,onepiece_catalogue_name,1.0.0,candidate_only
onepiece,39c6a87b92762931b1a3e6b2d7c039200a84a6045c6fb0a99ba801e25c78b8af,857352,Sabo,OP13-120,onepiece_catalogue_name,1.0.0,candidate_only
onepiece,3a034058d87f642b3d5fa8ebdc6d5fbe40456cbc12c0fb20c732f767f75e16c5,733272,Kaido,OP04-044,onepiece_catalogue_name,1.0.0,candidate_only
onepiece,3a0a7217d79d4ad63ec0501fbdda57d0102553634c083c7c56e6a4511f462f9d,874494,Carrot,OP11-049,onepiece_catalogue_name,1.0.0,candidate_only
onepiece,3a1578d8b687315df752dda48e5d2441e278c1c6e6ed78fb582d0d6d76e5a0bf,690965,Monkey.D.Luffy,ST01-001,onepiece_catalogue_name,1.0.0,candidate_only
onepiece,3a1da88a9079940b0e8be337844692bf2e25fd7004bc0599345b978a3e029612,861894,Crocodile,OP14-079,onepiece_catalogue_name,1.0.0,candidate_only
onepiece,3a306c3d02922b7b59528f83ef1b4d81b6d33041fd0682ed374875438f45849d,805334,Gedatsu,OP05-102,onepiece_catalogue_name,1.0.0,candidate_only
onepiece,3a45c88733103a9a8f7e53e5e8dba08f1950ac831669cfbcd5406ddd35b82668,729837,Minorhinoceros,OP03-069,onepiece_catalogue_name,1.0.0,candidate_only
onepiece,3a5346764d3c3fea88ab5bb3c1eb5c22de53e6957c02c488e6a9a91f1254a482,690908,Boa Hancock,OP01-078,onepiece_catalogue_name,1.0.0,candidate_only
onepiece,3a609d8037891fab79fcc6790da066af12da343772404eaa2468648ed3059509,842939,Sanji,OP12-041,onepiece_catalogue_name,1.0.0,candidate_only
onepiece,3a91388c7f3485d8f1447a54868ebe656bafa5ec68c076329633ce03dee7b6f1,733123,Rebecca,OP04-039,onepiece_catalogue_name,1.0.0,candidate_only
onepiece,3ac8138e84fc59b55bae4f8dbf6af42569622af94f5aa0631d56deec7906548c,747877,Monkey.D.Luffy,OP05-119,onepiece_catalogue_name,1.0.0,candidate_only
onepiece,3adad5c3de4b87d6bee549bca63826500a83788fb0292451b7a399be7c4a5104,883273,Monkey.D.Luffy,P-047,onepiece_catalogue_name,1.0.0,candidate_only
onepiece,3b0dce6dda69de27a8bd50e4c47fee045069a33e41c7f7649ac1428427983ebc,857359,Gol.D.Roger,OP09-118,onepiece_catalogue_name,1.0.0,candidate_only
onepiece,3b2e14eddb7df7ea31bc27fa295ead83d8aa5dceb706a04871126668a447bf7d,882469,Monkey.D.Luffy,EB04-061,onepiece_catalogue_name,1.0.0,candidate_only
onepiece,3b7b67e9f5e379188389336862d634e38834de7dfda7c1bb5fc4d405fa011f7e,838705,Monkey.D.Luffy,EB02-061,onepiece_catalogue_name,1.0.0,candidate_only
onepiece,3b7dcba8d662586fefd4620c5336e7c35b77aafca9ad0b5ae083e682c0c6fdda,750550,Sabo,ST13-001,onepiece_catalogue_name,1.0.0,candidate_only
onepiece,3bca7a06e705e61a463a645d6bc71cc5b39847dcc93c568aaac05d8b26bdb999,839011,Roronoa Zoro,OP09-076,onepiece_catalogue_name,1.0.0,candidate_only
onepiece,3bcd5a452a83d8a49dc9eb1812fa22ac51909975bd3064a7318090b9b455d680,792754,Portgas.D.Ace,P-074,onepiece_catalogue_name,1.0.0,candidate_only
onepiece,3bd62eba1c3a1b8453c5190e890788bd06aa743640956f128a0c86112aafd9a7,802961,Marshall.D.Teach,OP09-081,onepiece_catalogue_name,1.0.0,candidate_only
onepiece,3bed8cdd67264f40f034c247a2572f8bf5f74e01c925e5404c6d4c998ee03f07,787533,Drum Kingdom,OP08-020,onepiece_catalogue_name,1.0.0,candidate_only
onepiece,3c375233421a501e69d436f97b7ffe15d021bec6e64da8cbaf7084d482d72fdf,815148,In Two Years!! At the Sabaody Archipelago!!,OP01-030,onepiece_catalogue_name,1.0.0,candidate_only
onepiece,3c58a8dc78c23de0b12655b3cdf9c0514602bec06b14546adc3fe07b9d1ada96,794689,Crocodile,OP07-040,onepiece_catalogue_name,1.0.0,candidate_only
onepiece,3c5c64cfbcc53ae04bc49fdb525a7b13472e659ee9226352517e3deecee937ca,864290,Alvida,OP09-043,onepiece_catalogue_name,1.0.0,candidate_only
onepiece,3c613f5bd8260e4324098ce32722985739fd4d9fe33bcf5c8a52f07b1492e274,817147,Charlotte Pudding,ST12-012,onepiece_catalogue_name,1.0.0,candidate_only
onepiece,3cd625e9942ef360c707bdddc0dd4d5f16ef78a630d8e805dca64a0be2be20d6,750647,Kaya,OP03-044,onepiece_catalogue_name,1.0.0,candidate_only
onepiece,3cdc60a2861e37640b4acf7a2932c5c2335d6a4835e87ed51f6cc33ec1bd4793,732771,Donquixote Doflamingo,OP04-019,onepiece_catalogue_name,1.0.0,candidate_only
onepiece,3ce3e2a9a99ca4d3476a71278e56967c304a4fc20e35ce379851c2ea4cbe4984,787509,Sabo,P-044,onepiece_catalogue_name,1.0.0,candidate_only
onepiece,3cf7c7bfba6a95c8ff5b5e4bf1ed913ccb905da92e5e6c3cc5cd3302394ec0ef,802857,Nami,OP08-106,onepiece_catalogue_name,1.0.0,candidate_only
onepiece,3d0387c9e3bc439a5caba6ba3add6a3097519687c5689fc917ecb7eb37fa706b,786436,Nico Robin,OP09-062,onepiece_catalogue_name,1.0.0,candidate_only
onepiece,3d130ffea19d1f2e6a1e65d04819ce2ba9907df7aa3ddcba633692c2fce3da4f,845244,Monkey.D.Luffy,OP13-001,onepiece_catalogue_name,1.0.0,candidate_only
onepiece,3d18eed31709080137b0b763d4966053f2cc0484f34e849fd72453d0922542b1,733073,Sakazuki,OP02-099,onepiece_catalogue_name,1.0.0,candidate_only
onepiece,3d423ecc9eeb7426dbfd2857d630349ddf62936bd401e59f18c5cb3bb4960837,862847,Nami,OP11-041,onepiece_catalogue_name,1.0.0,candidate_only
onepiece,3d5e355d3bae7bb984b5c7649718dc22350aa6162eaac9cbe7fdc7533346ce8a,817500,Luffy-Tarou,ST18-005,onepiece_catalogue_name,1.0.0,candidate_only
onepiece,3d697f9819224b182fa650f36773589a10d703f9cc7eeb159d2d4d5b078b767a,852544,Nami,PRB02-012,onepiece_catalogue_name,1.0.0,candidate_only
onepiece,3da4b8b3b171bf743a60dc25f4b8ec346f517b2a657a08cad26545811f888678,842342,Hitokiri Kamazo,OP06-076,onepiece_catalogue_name,1.0.0,candidate_only
onepiece,3dea701a61ab871742a261ebaf3e62694fb5ebc2c74d0e736aa744d1ee86e84f,768128,Roronoa Zoro,P-056,onepiece_catalogue_name,1.0.0,candidate_only
onepiece,3e66b60dcbc6c63b8da43009c16530389f445e8ff645e28d904231e95a8528ae,701191,Nico Robin,OP02-037,onepiece_catalogue_name,1.0.0,candidate_only
onepiece,3e6fce04f69a69239f87e5c4dd27ea76b52383741710ea290a460a504baded42,838961,Carrot,OP08-023,onepiece_catalogue_name,1.0.0,candidate_only
onepiece,3e752e7dde5c6a936a0badc3e913bd10386eeeaec7057e976eae8bb569607799,762647,Scratchmen Apoo,ST02-008,onepiece_catalogue_name,1.0.0,candidate_only
onepiece,3e9082de85679d53917b39bf74f78075fafabf7f57f85072812e934d9743bdc5,805340,Brook,ST01-011,onepiece_catalogue_name,1.0.0,candidate_only
onepiece,3e97ef953c02bb328525e1bed017f70b825e908ef5b5f95db8e62d03377b8bb6,808184,Gecko Moria,OP06-080,onepiece_catalogue_name,1.0.0,candidate_only
onepiece,3ebd2619f142a2be46ea37a7241d269418d9f7176b6062fb583b9d2f6110289f,747879,Monkey.D.Luffy,ST01-012,onepiece_catalogue_name,1.0.0,candidate_only
onepiece,3ec02757fdd50a221eef5fb2b7e987428404474555a794977f8eeeb70ff156a4,861765,Trafalgar Law,OP14-001,onepiece_catalogue_name,1.0.0,candidate_only
onepiece,3f16b9757f294f1b88cbf1dec6deadf180790f063a8a8827dc92fe2973e5a500,823539,Charlotte Pudding,OP08-058,onepiece_catalogue_name,1.0.0,candidate_only
onepiece,3f343581b7ca8dbdcdf59d4d7eed52e4a962673ff00b6514af9ea67b354f934d,759748,Rob Lucci,OP07-079,onepiece_catalogue_name,1.0.0,candidate_only
onepiece,3f46a1232370ba1f89144e636ea11007dfd298cdfc45d268176a799bbf2ecc4b,766219,Monkey.D.Luffy,ST13-003,onepiece_catalogue_name,1.0.0,candidate_only
onepiece,3f4de35e0a921b925b9c05a23a8cc18b1c2f3c630f8ba2a7e87207a5e94f1d87,857293,St. Shepherd Ju Peter,OP13-084,onepiece_catalogue_name,1.0.0,candidate_only
onepiece,3f64bd90ec6aa3dc458693034fba098fda53f99546a50561f5b4b60966254d67,843039,Kuzan,OP10-082,onepiece_catalogue_name,1.0.0,candidate_only
onepiece,3f68861649eb9026f8c361b7c966c424f21a9a937223e5358e5aa5a3ec21af02,843038,Marshall.D.Teach,OP09-093,onepiece_catalogue_name,1.0.0,candidate_only
onepiece,3f7cc99fa5211903f83b92bf73998fab6b4257842dd94bfdffb5193fab5abef8,845618,St. Ethanbaron V. Nusjuro,OP13-080,onepiece_catalogue_name,1.0.0,candidate_only
onepiece,3f7fb041fbe94f30d7f7fd7a95e31e6290db03ddf7a0f304dac3a47b7695a8ad,775644,Trafalgar Law,ST10-010,onepiece_catalogue_name,1.0.0,candidate_only
onepiece,3fc01d87aacbfd3c062690ad43eee324aa2ca6fced18cc9385ea8f2fe8275fa3,794685,Tony Tony.Chopper,OP02-034,onepiece_catalogue_name,1.0.0,candidate_only
onepiece,3fd1a675deae55a58ae2593d5867dc6a03b07fa7a1813b5a13f264cf673bbaca,874225,Roronoa Zoro,OP12-020,onepiece_catalogue_name,1.0.0,candidate_only
onepiece,3fd571f8c28f2a37d448020381d000df3df87fab41018d0174a494701c2ec21a,792765,Monkey.D.Luffy,OP03-070,onepiece_catalogue_name,1.0.0,candidate_only
onepiece,3ff1d58683568a8f98252fa1d0c2fb16b3da7d80fe58f222543a330b100974ae,808765,Tony Tony.Chopper,ST21-008,onepiece_catalogue_name,1.0.0,candidate_only
onepiece,3ff6b20f4b5c1be663a265a44777465397930e3cb2127ce7815707a0b4855cb0,845628,St. Shepherd Ju Peter,OP13-084,onepiece_catalogue_name,1.0.0,candidate_only
onepiece,4003bb65875ae53d18fdfcbadbba2e1d747b42feae231ba979c27eb6bcf60fbf,852445,Cross Guild,OP09-057,onepiece_catalogue_name,1.0.0,candidate_only
onepiece,400db06a619a12e5c26afa3ba4683df5021c05fe2636c5c058ca0250438cb817,865627,Buggy,OP09-051,onepiece_catalogue_name,1.0.0,candidate_only
onepiece,40254df14bbc379326d947ea26be95776c5b6b368250d8cfea6d13e09c512d92,786300,Nami,OP08-106,onepiece_catalogue_name,1.0.0,candidate_only
onepiece,4070f5745a64177ca3ded3134f3d4776607224228c35713b21e762e55b22d7d9,823422,Kyros,EB01-040,onepiece_catalogue_name,1.0.0,candidate_only
onepiece,4071c285836f290ada2472999bafd282bb3dcee936f59b8711a0b3fec898a4d4,867314,Nami,ST29-008,onepiece_catalogue_name,1.0.0,candidate_only
onepiece,407be8934ef36b65a0448166b8260b478bf0ae9f3c417a788d5ff4fede7129e1,729834,Kuroobi,OP03-026,onepiece_catalogue_name,1.0.0,candidate_only
onepiece,408565f6045db1a44135390695de6ce33199436dea55c65a9f45ae032a6a2c9d,814899,Roronoa Zoro,OP01-001,onepiece_catalogue_name,1.0.0,candidate_only
onepiece,40c5c47542e987908528758c4534415acbbda291311d4ff311d263d6a0464e3c,787525,Gedatsu,OP05-102,onepiece_catalogue_name,1.0.0,candidate_only
onepiece,40d885b8358483c0ddf300f5826305ab6b56939fd8df6ba5c5bf3f87f184b04d,861870,Donquixote Doflamingo,OP14-060,onepiece_catalogue_name,1.0.0,candidate_only
onepiece,40fee375953c34cedcacb5e9e73ff1e5663680d614d5299666bfb6df0a7ec379,842361,Tony Tony.Chopper,OP04-010,onepiece_catalogue_name,1.0.0,candidate_only
onepiece,4143fb8960849b660bcee3996150aa7e8e28c93651ebe9bd98012610b62db05b,744765,Arlong,OP03-022,onepiece_catalogue_name,1.0.0,candidate_only
onepiece,414a44ad08bd8c943790f4c5771d640cec79f47bb640ef48c7f4d6e5fad54114,696999,Monkey.D.Luffy,P-033,onepiece_catalogue_name,1.0.0,candidate_only
onepiece,415329930dc22d7b5d1626397a0faa0cb265cbdb3d462409e0d00dcda8a08c84,768032,Mr.2.Bon.Kurei(Bentham),EB01-061,onepiece_catalogue_name,1.0.0,candidate_only
onepiece,416a83b62e960bd989b5999a6fdb81c9e3c3a4025fe098a655201ed783bc1b3d,803008,Monkey.D.Luffy,OP09-119,onepiece_catalogue_name,1.0.0,candidate_only
onepiece,416c58dabf9fc9f65bb00620e93672a304fbc2db5f4f15afaf8c65cc13d49d5f,733271,Rob Lucci,OP03-092,onepiece_catalogue_name,1.0.0,candidate_only
onepiece,41f3dcfe91432e074e2d354bf77f46157bead61a188db692e904da3853e891d0,821358,Black Maria,ST04-011,onepiece_catalogue_name,1.0.0,candidate_only
onepiece,41f79ae0d43821c942c8c497757f379f6a7f98d62bb72af8c217ad69d141dbe4,780221,Roronoa Zoro,ST12-008,onepiece_catalogue_name,1.0.0,candidate_only
onepiece,41f9e9dd1589aad3a41f27b79a104a0e3913e7006ef107b52b567d22d341b8b1,878063,DON!!,Kumamoto 2026 Chopper,onepiece_catalogue_name,1.0.0,candidate_only
onepiece,41fba3f8437f6025db718108e7ef012bce7db8f3aaf6b49926568c6e3ea4ad54,858366,Nami,EB03-053,onepiece_catalogue_name,1.0.0,candidate_only
onepiece,420ac6b46a06ba42d5b4272af26d770d5e598f2a0f10f4a3cd4f17a21287f525,848337,Boa Hancock,OP07-051,onepiece_catalogue_name,1.0.0,candidate_only
onepiece,42520924b037e55ab0ab251f1aaee3ce78bf9bd86a5fae6f7873fd9e0d7cd4b8,792767,Monkey.D.Luffy,ST10-006,onepiece_catalogue_name,1.0.0,candidate_only
onepiece,42691e7dbedd30a70f27fc9d80be4e7120943e4cffca7953bca0e5c67fe6c77e,857362,Monkey.D.Luffy,ST01-012,onepiece_catalogue_name,1.0.0,candidate_only
onepiece,426cd0f45a3092e55c5380159c2db55f04907a0304545641f607140bb14dae4e,830373,Marshall.D.Teach,OP09-093,onepiece_catalogue_name,1.0.0,candidate_only
onepiece,427b15a34b447ed75e1c852f67e1115e8329ddf807efa4c4c6cf30f589f0e2ad,862848,Nami,OP11-041,onepiece_catalogue_name,1.0.0,candidate_only
onepiece,4289c7904bc664a104aef35f3ad5aaadccbe7ee95a7ee4c64d1f9e4790df7f3a,845248,Gol.D.Roger,OP13-003,onepiece_catalogue_name,1.0.0,candidate_only
onepiece,428eba300f00f1a78340262bd0382689df5416811705e1fb8b30810b93d7f194,871472,Makino,OP02-015,onepiece_catalogue_name,1.0.0,candidate_only
onepiece,429ae694c2b675a2e77e4a061719205a76ab3ea4c4add1e7cd661f6449764e34,799209,Boa Hancock,OP01-078,onepiece_catalogue_name,1.0.0,candidate_only
onepiece,42b620f7b793d56f30220d39f81fbef2d953138503244c6a71d28ac2aaf747e2,729800,Monkey.D.Luffy,P-036,onepiece_catalogue_name,1.0.0,candidate_only
onepiece,42f4075794ef9c96deff7c024870ce05c83948aa7367e40538aa04ea88c297d4,823421,Hannyabal,EB01-021,onepiece_catalogue_name,1.0.0,candidate_only
onepiece,42ff8dcbfddebad9980e56cd0ea1d5e42e63d3a71a5031e471667f8d45e0759f,875136,Enel,OP15-118,onepiece_catalogue_name,1.0.0,candidate_only
onepiece,4336425041800b9a7747ef80f9ab9b14e4a28d4949c4775e32c7bf9910c83955,701205,Boa Hancock,OP02-059,onepiece_catalogue_name,1.0.0,candidate_only
onepiece,435efdc1552237fcb9b194cb578860c1418b78bf06d9e8aaf1a97987fb5e1a1b,818088,Luffy-Tarou,ST18-005,onepiece_catalogue_name,1.0.0,candidate_only
onepiece,4383d256a900f31f19d2cc8f169b238e216caf80dd690ab0aacd25ed4f5b5fc9,878062,DON!!,Kumamoto 2026 Franky,onepiece_catalogue_name,1.0.0,candidate_only
onepiece,4392f8842a34d5dbdaf2b7b5bd854cfd3fb24ff5809c70f47871ccee3d55c621,778601,Nami,OP01-016,onepiece_catalogue_name,1.0.0,candidate_only
onepiece,43ecef9d1b373f9e1bcc74872b486954ae3c6c6892d75ff3b011bc9b94a08efe,749402,Punk Rotten,OP05-078,onepiece_catalogue_name,1.0.0,candidate_only
onepiece,43f221114f41c874e8f743c7042d3bcecc60fe3648a69551378b055558cecbca,857282,Imu,OP13-079,onepiece_catalogue_name,1.0.0,candidate_only
onepiece,44322ed00df84afda4faae95593a2618b018a59d06cd31c66b9eb1dc9d89c236,842345,Koala,P-069,onepiece_catalogue_name,1.0.0,candidate_only
onepiece,4458edc4f4422a47f7af9ed4993390e9cf4f6f9cdd362cf4aafc59b5f4cf31ff,873851,Shanks,OP01-120,onepiece_catalogue_name,1.0.0,candidate_only
onepiece,44863520bc3b505b91ef86a9dad1e4f2a38fa812acdf07ef1e208996db24a109,804380,Jewelry Bonney,OP08-105,onepiece_catalogue_name,1.0.0,candidate_only
onepiece,4489036d0d518df31582716e871fa982fa1e6018e1e31a12ec72c97dbb5cd24b,875677,Nami,OP08-106,onepiece_catalogue_name,1.0.0,candidate_only
onepiece,44bf5c0aa1ece513d488e7883693b0207a9e059aef551cd1813dd0eaf174b8fb,732286,Monkey.D.Luffy,P-047,onepiece_catalogue_name,1.0.0,candidate_only
onepiece,44ce0eeb02efba8d1f610fb2b57621f4f3ac9eca18039d28cc5a717e103afffa,861953,Perona,OP06-093,onepiece_catalogue_name,1.0.0,candidate_only
onepiece,44cfe7191ec25c2da87df0c2e09c5ec8c6874f4cfff2516abb3ed4f60da9d9fb,775294,Izo,OP03-003,onepiece_catalogue_name,1.0.0,candidate_only
onepiece,44efd7c5cf6ccc4caa313d55de60fde5dae9e3f41d3bc5bd2424cf304c202f95,817007,Sugar,OP10-003,onepiece_catalogue_name,1.0.0,candidate_only
onepiece,4520aa3e3dcaf97d179740663e615bea3b75c580128d41013b2330afbc56bdcf,830635,Buggy,OP09-042,onepiece_catalogue_name,1.0.0,candidate_only
onepiece,454f9010ff0c5c89d0a32caac1fd9d5c62748df2bec40f941daeb82788099ff5,823420,Kouzuki Oden,EB01-001,onepiece_catalogue_name,1.0.0,candidate_only
onepiece,455ba063c5fbecddebec0c656e7fdb5ab8d566bad990df667bf873d52c629dcf,690897,Dracule Mihawk,OP01-070,onepiece_catalogue_name,1.0.0,candidate_only
onepiece,4594e30ea335b6b8c1c4f7a3e5ce498fa2ff2ef7286198d37692f8ba5c5d41d3,861956,Buggy,OP09-051,onepiece_catalogue_name,1.0.0,candidate_only
onepiece,45b69ffdba71a9351e5694c4c28507d8b7805a1f534706f05df14ff089fbc7d4,773705,Roronoa Zoro,OP01-025,onepiece_catalogue_name,1.0.0,candidate_only
onepiece,45c1e6b9017bf512fdddaefd4f95f2eb783e8063a0828a941a0454b242dc752d,802886,Lim,OP09-022,onepiece_catalogue_name,1.0.0,candidate_only
onepiece,4607137ff312206df50c9b7932b13fe5ec2373bd56440cd776f47bfa2c4fd29f,729831,Crocodile,OP02-053,onepiece_catalogue_name,1.0.0,candidate_only
onepiece,461dbe7ee25961ee277f6d219842428641fd5f3aa92ce9c06f8be744722c1fab,781020,Portgas.D.Ace,OP02-013,onepiece_catalogue_name,1.0.0,candidate_only
onepiece,4641ea50c8b3ffaf24fdbda07af11a23d4a254c080867e9f4b1b19e786a9f3f3,882451,Roronoa Zoro,OP07-113,onepiece_catalogue_name,1.0.0,candidate_only
onepiece,46564a43e5a8131fc9f73ae3b5b9f465b60fc2f792363a0f5046c5b5356ab51b,799186,Tony Tony.Chopper,EB01-006,onepiece_catalogue_name,1.0.0,candidate_only
onepiece,4676a2ae1343f67ed6f693040694794c4448e04b0ca4c5cfd16cbda5768cb71a,750708,Perona,OP06-093,onepiece_catalogue_name,1.0.0,candidate_only
onepiece,4690136458de941f665fba7e86aa3280223fd054c1113730ea66efe14403489b,766654,Trafalgar Law,ST03-008,onepiece_catalogue_name,1.0.0,candidate_only
onepiece,46d934500eedeba7980c2bc7121c4eb7c515bd4cf851d39d8ce6b609a7a75b0f,845686,Portgas.D.Ace,EB02-028,onepiece_catalogue_name,1.0.0,candidate_only
onepiece,470821fd1e8307a4cad9db36d5471b4ac7625b54bda01bc6b5ab50a765396925,763459,Boa Hancock,ST03-013,onepiece_catalogue_name,1.0.0,candidate_only
onepiece,4712c044a773f0e52ede003dac37e7ab86a23945cf3d376b4a141b5c3a916cb9,799332,Shirahoshi,OP05-082,onepiece_catalogue_name,1.0.0,candidate_only
onepiece,47392f2af7cf87b9449bb2d85224df2b2d9e8833d6fe62fe1ed61c50bf203fd6,799235,Kuzan,OP02-121,onepiece_catalogue_name,1.0.0,candidate_only
onepiece,473ffa403a4aaca2561346b61b21437dbe2fd34acb5391ed79eb4c5532da3e00,817503,Buggy,P-084,onepiece_catalogue_name,1.0.0,candidate_only
onepiece,47655f01291f6fed4daf858b1ee9f1df81bc03b1b6e8e740ddc871442f0fa991,871242,Charlotte Pudding,OP12-071,onepiece_catalogue_name,1.0.0,candidate_only
onepiece,47dfdbeff7ec01253298c5f54ac4735457126aa65092122106f7264b37953ba3,830637,Marshall.D.Teach,OP09-081,onepiece_catalogue_name,1.0.0,candidate_only
onepiece,480e4a674c265d1c1a073b1775193ea62db670d20fc7563d516cb6f61a675080,845687,Lilith,OP07-111,onepiece_catalogue_name,1.0.0,candidate_only
onepiece,4834f119320e84d2035770698db09901cf3e10bfc2840d830a342b5732745294,760340,Perona,OP06-021,onepiece_catalogue_name,1.0.0,candidate_only
onepiece,4874fa215b0994c3dd3f06702f503c57f981214f65e66dd4c65de4c40097fd58,857190,Portgas.D.Ace,OP13-002,onepiece_catalogue_name,1.0.0,candidate_only
onepiece,48946d042f58d1b0847a4b32aadac64e52b66bd1c13da5a7748f599714e1a270,858520,Nico Robin,P-111,onepiece_catalogue_name,1.0.0,candidate_only
onepiece,48aa1d8f37983232371ba8e924a46d754200290899a9c7294103bb731caee419,818271,Jack,OP08-084,onepiece_catalogue_name,1.0.0,candidate_only
onepiece,48aa55c0b445692cf0d4fbc9c7d1d2f3845158af8cd713bd9dbf679146118f9f,808749,Monkey.D.Luffy,P-080,onepiece_catalogue_name,1.0.0,candidate_only
onepiece,48b928af470e247284e5569d8e36b3977771ce2bb56ab03dfa5849bbb2536278,806195,Sanji,EB01-014,onepiece_catalogue_name,1.0.0,candidate_only
onepiece,48d3c1cf472d9d1f4bcd2242951317e8db6f4e693077171e2a8b273d3ee04dc2,840681,Kid & Killer,EB01-003,onepiece_catalogue_name,1.0.0,candidate_only
onepiece,48e9319358b6853dbd43c84b2e8252a0206a8a88abe3d6dedbe066bfb93c4a19,775622,Monkey.D.Luffy,OP07-109,onepiece_catalogue_name,1.0.0,candidate_only
onepiece,4907d32d179031b8791565ec75157e99b6154f1e145843599ebd40162056068e,696688,Marshall.D.Teach,ST03-014,onepiece_catalogue_name,1.0.0,candidate_only
onepiece,492b3b2eab0a4035cc62a8240401967039420f3b981ac97516a58cb8310678ba,754942,Edward.Newgate,OP02-001,onepiece_catalogue_name,1.0.0,candidate_only
onepiece,4982f7060c1501c82b68c41bf6bffc0c9a833ec7542a80c1b4f234d2f0cdd94e,880060,Sabo,PRB02-014,onepiece_catalogue_name,1.0.0,candidate_only
onepiece,49ac13e278970228ae44b33f40122e597aa49119c33722845b5b104b1218f505,868221,Roronoa Zoro,OP12-113,onepiece_catalogue_name,1.0.0,candidate_only
onepiece,4a0baf54f1219044dc49be7d7fcba8cb235690b2b3045d8fa2638bca82ad7c5d,882471,Dracule Mihawk,OP14-119,onepiece_catalogue_name,1.0.0,candidate_only
onepiece,4a0f5bab1b752e56880773b4f342c59ed794d7856f7fe26327d9cc23f55afd86,842343,Hongo,OP09-011,onepiece_catalogue_name,1.0.0,candidate_only
onepiece,4a22c1b2b86b287d2ba60b1871320cea0722ed087e07439d7c3678554fadc107,792770,Uta,P-011,onepiece_catalogue_name,1.0.0,candidate_only
onepiece,4a2b4e6011e0543c6dc09387a804fbb072dad3791f0faf97482a5247feb14294,818274,Roronoa Zoro,OP09-076,onepiece_catalogue_name,1.0.0,candidate_only
onepiece,4a3daf92ba92115e252c3412ac530677fc78846300f6496cf7895ba77537eab5,878056,DON!!,Kumamoto 2026 Nami,onepiece_catalogue_name,1.0.0,candidate_only
onepiece,4a4cf7ad17234f716523eb37e2347da97f5b19268d22fabd6c628a3a13af6e53,861814,Boa Hancock,OP14-041,onepiece_catalogue_name,1.0.0,candidate_only
onepiece,4a61b4f24439d9bf310847b4a848d9ebafedded0aaba72675801d64c414c6229,760629,Nami,ST01-007,onepiece_catalogue_name,1.0.0,candidate_only
onepiece,4a695ec5762786776de4c650f56db08d65b4b6c5ea2b9052f5054f36576a1e61,733222,Nefeltari Vivi,OP04-118,onepiece_catalogue_name,1.0.0,candidate_only
onepiece,4aa547f03355ebf3aed45fbc6bfb626bbb67f803c4b3d393fb545e2f9c9a97f5,808093,Hannyabal,EB01-021,onepiece_catalogue_name,1.0.0,candidate_only
onepiece,4ab003ac934109cdbd2aa20369a172419f0fa3b33a74ec830b8d17d764d9a291,866410,Nami,OP11-054,onepiece_catalogue_name,1.0.0,candidate_only
onepiece,4ac378e4f852e4fc8af842893361fdacaed50f40936ae3d899fa24afe47fff94,838819,Shanks,OP06-007,onepiece_catalogue_name,1.0.0,candidate_only
onepiece,4ad9bea93fb43b17cd46d6ac360f1a3e903676169b28b2644cb6c4c359e6b52f,733072,Magellan,OP02-085,onepiece_catalogue_name,1.0.0,candidate_only
onepiece,4ae863b1ac55283a9692cb87688c8806825c8d879a90121716a01a4b895c2cdc,888106,Jewelry Bonney,OP13-108,onepiece_catalogue_name,1.0.0,candidate_only
onepiece,4b33565979091b5494935a3158d42530e3b887c3b05c99c625487df7eb6ec3bd,845673,Monkey.D.Luffy,OP13-118,onepiece_catalogue_name,1.0.0,candidate_only
onepiece,4b88eb394aa0a2283d8e197c1ba5cc8f0843503c2c55ebd649c2d2a549d8e3c6,845674,Monkey.D.Luffy,OP13-118,onepiece_catalogue_name,1.0.0,candidate_only
onepiece,4b969c564d454dc41a91147e14ab92a13f0bffda09656d02d527e786b9db0713,803009,Zoro-Juurou,ST18-004,onepiece_catalogue_name,1.0.0,candidate_only
onepiece,4b9e931f9ccbdbe3229359909af1c9abdf2fe097e3d6fb77684983a98edc45a7,817000,Urouge,OP07-021,onepiece_catalogue_name,1.0.0,candidate_only
onepiece,4ba6154931bcde2bb7c2ae1e8feb80f89b84145079b738355d687d8f0b800a8c,762650,Gum-Gum Jet Pistol,ST01-015,onepiece_catalogue_name,1.0.0,candidate_only
onepiece,4bb653318de22c6d3707ce75e7478d21f6f8c2e580cc2eb5c2e6dd30bdd21dc3,880057,Trafalgar Law,OP13-031,onepiece_catalogue_name,1.0.0,candidate_only
onepiece,4bb90846797ee2b4456e197081e5e00b713ed5833355381c4e04566124e6fdf2,786298,Monkey.D.Dragon,OP07-015,onepiece_catalogue_name,1.0.0,candidate_only
onepiece,4bc6955a0ee832726c3037fb4bcc92f8dcce8a06f4881318424372be13cba6c0,787813,Charlotte Pudding,OP03-112,onepiece_catalogue_name,1.0.0,candidate_only
onepiece,4be23498a6a3ab735786bb4a1ef9031829ed28c49dde827a0e1ff22e8c1e881a,839412,Trafalgar Law,OP10-119,onepiece_catalogue_name,1.0.0,candidate_only
onepiece,4be7880323271204d0f157cb845f7a0750d5cfa6facd593940d51360d5059fea,874429,Roronoa Zoro,OP01-001,onepiece_catalogue_name,1.0.0,candidate_only
onepiece,4c1eec7884b934af7aebdd709dd0e107401193e33f7c5172463b8ccc41ad2620,698860,Marshall.D.Teach,ST03-014,onepiece_catalogue_name,1.0.0,candidate_only
onepiece,4c20f489612a69222b4c029c272086eef83451786a9e846c8c5fecc9593ad338,814897,Jewelry Bonney,OP07-019,onepiece_catalogue_name,1.0.0,candidate_only
onepiece,4c39570f70b42b65e2c476bf49a67774d06893aef31ee74c941e169fb9af6567,775292,Okiku,OP01-035,onepiece_catalogue_name,1.0.0,candidate_only
onepiece,4c39c740e499e9a1c9154672d8433e7593406444ffca5c87dd3697c85b430726,865619,Sanji,EB02-054,onepiece_catalogue_name,1.0.0,candidate_only
onepiece,4c75326222bef4f7ff0e5c9d6367df1d5691861e293c6833ec48f217a3360a7f,815152,Donquixote Rosinante,OP05-030,onepiece_catalogue_name,1.0.0,candidate_only
onepiece,4c8c40ae8db69dde01aeb4d45e2f59099806f11107cbe99efbb74284c752d38a,808729,Nico Olvia,OP09-106,onepiece_catalogue_name,1.0.0,candidate_only
onepiece,4c9ef43ec82e8fdacff23b99b147325943cc52cf5c1be1c11ee9fb3c179c6544,749355,Emporio.Ivankov,OP05-004,onepiece_catalogue_name,1.0.0,candidate_only
onepiece,4ca992e50e6c9198d492f24a60effc8ffb3a274b0647a308ebe93dd86685a525,817481,Zeus,OP11-106,onepiece_catalogue_name,1.0.0,candidate_only
onepiece,4caecdc1e84f81fb16646e24d3a1f888402d7e22a640c993edce2424e426ec53,799208,Dracule Mihawk,OP01-070,onepiece_catalogue_name,1.0.0,candidate_only
onepiece,4cb7cd9c0719312c2de71c3363ed1d20b493f8bce3819850df0aa89381678dfd,758923,Monkey.D.Dragon,OP07-001,onepiece_catalogue_name,1.0.0,candidate_only
onepiece,4cf5c2deb1a8d531ff4111b06fc0d95ba67617389d271cc8d33cc01a3c07a4ab,758916,Okiku,OP01-035,onepiece_catalogue_name,1.0.0,candidate_only
onepiece,4d019bed5260ef70654362c32e55286d445d9d32b4f470ebd3efe6326facdda0,857305,St. Marcus Mars,OP13-091,onepiece_catalogue_name,1.0.0,candidate_only
onepiece,4d29407f119587d91b12ad4df02d77c0b8bac886efee0b27aed564bb525637c6,840709,Trafalgar Law,OP07-047,onepiece_catalogue_name,1.0.0,candidate_only
onepiece,4d5536001dec663ba310fc441bca152e68ad3e16e7652d679bc02c1f7af41691,870973,Monkey.D.Luffy,P-055,onepiece_catalogue_name,1.0.0,candidate_only
onepiece,4d627069d8cee5769b0c789b60a338390c518280ff1bd4bccd1258738951265f,786420,Buggy,OP09-051,onepiece_catalogue_name,1.0.0,candidate_only
onepiece,4d8c32b2d5f5cafb60641804673c5fea853305fff3685f94670de3eaee8ad9a6,813729,Kikunojo,OP06-104,onepiece_catalogue_name,1.0.0,candidate_only
onepiece,4dc1eed7aa7824eea31072236aab093b67f8c295abb523606900658fd45a9283,766652,Trafalgar Law,ST03-008,onepiece_catalogue_name,1.0.0,candidate_only
onepiece,4de0d5079f2ca571b8f3106fdf99ff65e41e00b1d164178f145eced392dfed22,865558,Dracule Mihawk,OP12-030,onepiece_catalogue_name,1.0.0,candidate_only
onepiece,4de20cd7ef3658f2ad781ea562034f6145260bd960c07fd15bd7338b83bbf13b,720210,Air Door,OP03-094,onepiece_catalogue_name,1.0.0,candidate_only
onepiece,4dee65a47779fbf3445897a3c4956e012d7f5d94327d40b6adfeca5f971bad20,794699,Tony Tony.Chopper,P-065,onepiece_catalogue_name,1.0.0,candidate_only
onepiece,4df703a8f15c360904301778bc59032fb79284a80333802299dcba9b976e0100,865621,O-Nami,OP05-062,onepiece_catalogue_name,1.0.0,candidate_only
onepiece,4e0bc0b2ad80f78f20182fd278555f1b14d55a405692a63243f1cab6c3a53a88,808189,Rob Lucci,OP07-079,onepiece_catalogue_name,1.0.0,candidate_only
onepiece,4e96197cdc0a0cd23daa364b70c5d818f54b2a3a0c4385217e2623ba49f04887,827099,Honesty Impact,OP11-018,onepiece_catalogue_name,1.0.0,candidate_only
onepiece,4ec5717d5e2e64124f4caf80468312b82a3a97fe5ca4c151200e0c682fcd8a54,875135,Enel,OP15-118,onepiece_catalogue_name,1.0.0,candidate_only
onepiece,4eced7ff727a69699baa8ea810d431db318a7e281f9813fe51d9ce5fc87d9f8a,760568,Vinsmoke Reiju,OP06-069,onepiece_catalogue_name,1.0.0,candidate_only
onepiece,4edcaa1761a8261e914a7538d1753220090f1e1cd1932e2b17e70c5f52b97df8,716601,Nami,ST01-007,onepiece_catalogue_name,1.0.0,candidate_only
onepiece,4eed7e6478b14ee395fd8adaf6504f9e18fd893c56ed074f2f0f34805d3a542a,880061,Monkey.D.Luffy,ST26-005,onepiece_catalogue_name,1.0.0,candidate_only
onepiece,4ef5dc15c3d7cc33b868b2af296886be5813313cde0d2c4f7f2d8b478f8ed120,692220,Monkey.D.Luffy,P-022,onepiece_catalogue_name,1.0.0,candidate_only
onepiece,4f2c3573d52870a6500a00f3c2a9594a107f5007d110a1cdf65e7f59cf29df4a,816842,Roronoa Zoro,ST21-015,onepiece_catalogue_name,1.0.0,candidate_only
onepiece,4f4bb31a6172c2c0a648370f11f8ae66243fa8f9ba3965a602234614acec9ff8,823540,Kalgara,OP08-098,onepiece_catalogue_name,1.0.0,candidate_only
onepiece,4fc527662e6b285753a626e8e5b6ac588d1ee89b2f7a58b01cb6035561d4953b,775377,Jewelry Bonney,OP07-026,onepiece_catalogue_name,1.0.0,candidate_only
onepiece,5004bf810f998c31c038e5eac84c6e4a57aaeb3b7696a599c70ce0c836c91859,865412,Trafalgar Law,OP14-009,onepiece_catalogue_name,1.0.0,candidate_only
onepiece,500d9fd77fbc11f69e623ea8ff2b24063f47cc781b50368c06f73f8239e93ffa,814901,Yamato,OP06-022,onepiece_catalogue_name,1.0.0,candidate_only
onepiece,5039b7e0a45e8538c18d4092ce2ce721dd8a08d71100ddc23d7398c38759b5ec,696689,Marshall.D.Teach,ST03-014,onepiece_catalogue_name,1.0.0,candidate_only
onepiece,504c56491ebe6b61ea7deb799bb1887359b4ed9bc09e6272fb08692eb4103514,829827,Tony Tony.Chopper,EB01-006,onepiece_catalogue_name,1.0.0,candidate_only
onepiece,504d98cc9a36bc257a55c14ccbd7970b5f07ac24ab513d0d7e93c1909da5d724,866409,Koala,P-069,onepiece_catalogue_name,1.0.0,candidate_only
onepiece,50627f9ed7454a050fea8f411639161b6086d497ec1a83be9494a387d229ed99,799191,Nami,OP01-016,onepiece_catalogue_name,1.0.0,candidate_only
onepiece,507d0b026a273c5868891947ca624f9bcd37688d3a7e2033ab53c308b2b767bd,690826,Roronoa Zoro,OP01-025,onepiece_catalogue_name,1.0.0,candidate_only
onepiece,50b8a6e9a7d34fafaa0ebe2a6ac19add1386b0f21d5b2c27af8bdb4336e63b6b,840673,Tony Tony.Chopper,P-089,onepiece_catalogue_name,1.0.0,candidate_only
onepiece,50c4b029cbd9066d51ba1e1ba813bb0fcfcc8b87494965210666e9c28bed5353,792769,Uta,OP01-005,onepiece_catalogue_name,1.0.0,candidate_only
onepiece,50c82d9fe6660da184920c2d9b6d5bdb92a85bdeb4f2f9fec9993394dc172530,717504,Nico Robin,OP01-017,onepiece_catalogue_name,1.0.0,candidate_only
onepiece,50cdc960cd215d539d670b049164ea88370296a516aab874638e319d356744e7,872215,Uta,EB03-061,onepiece_catalogue_name,1.0.0,candidate_only
onepiece,510493942be69144f08ed934a1b8ed0c99aa738b22570f9d0fe1d8344a738a8a,874870,Electrical Luna,OP08-036,onepiece_catalogue_name,1.0.0,candidate_only
onepiece,513fc1b4fd7ab94490134125372c3b179c7e31673a96dc24ee0af345c714da95,843041,Zoro-Juurou,ST18-004,onepiece_catalogue_name,1.0.0,candidate_only
onepiece,51629359073e486880abdd62f2fd8ebbce5443790e76ae640246f6d1ffbed86e,746394,Sanji,OP06-119,onepiece_catalogue_name,1.0.0,candidate_only
onepiece,516b46da90609d755a7df6f2ce8cb4b6a50c7e02cad22ee9c50333f2328b9ace,842937,Kuzan,OP12-040,onepiece_catalogue_name,1.0.0,candidate_only
onepiece,519360de4f2740a13557468f4c7058c4815a445aa4a8b8e052d398aec1761c8c,864299,Koala,P-069,onepiece_catalogue_name,1.0.0,candidate_only
onepiece,519d7bee9d6d5a362fbfb19b1b2d152a470357acd9e5d0c4134aebbb8e74ca5f,874491,Sabo,EB02-002,onepiece_catalogue_name,1.0.0,candidate_only
onepiece,51d5b9656caca8d00aa1f554d9c8264c2553e78a79ccc46bf33d7ee8196fdc21,857349,Sabo,OP13-120,onepiece_catalogue_name,1.0.0,candidate_only
onepiece,51e4e8a58fc4ab3480b0caa685dff37f998213e83f98d4d3de85e1fe375675c6,852374,Gravity Blade Raging Tiger,OP06-058,onepiece_catalogue_name,1.0.0,candidate_only
onepiece,5207705c4442f778271abc76649299ad8a4e0f16fb433e6863fcd8bdd47ba560,858522,Nami,P-112,onepiece_catalogue_name,1.0.0,candidate_only
onepiece,5233b06a971fff8859aed1665ab78bda556c60aae16c4178bc1c140ec940cfdd,861957,Sugar,OP10-065,onepiece_catalogue_name,1.0.0,candidate_only
onepiece,52449230189e70def78feca44bdaea6fe42a1742db53e2852fae629702b88a65,704114,Monkey.D.Luffy,P-036,onepiece_catalogue_name,1.0.0,candidate_only
onepiece,524ddf13f4be028c15ae396aebdfe3c7b5a84218495070d468d981d3b67a04d4,882472,Crocodile,OP14-120,onepiece_catalogue_name,1.0.0,candidate_only
onepiece,526e987e525d452a040fb31d8abd37c46202529f23dd59e2bea8d4b20c85326e,865518,Ground Death,OP14-096,onepiece_catalogue_name,1.0.0,candidate_only
onepiece,528d879c04366120d5de610343e988788152d9951816ed8b8dcab9901a9079d9,760339,Hody Jones,OP06-020,onepiece_catalogue_name,1.0.0,candidate_only
onepiece,529a5f28a05c6c5b1e0d7fff6a0a6048b20f4c2631806f0b0fc2ba3b19ed15a5,858761,Charlotte Pudding,OP08-067,onepiece_catalogue_name,1.0.0,candidate_only
onepiece,529ec7615908673df7bfb9e01200bb3864ddc9eacd66cd3f4eb98acd7018919b,845619,St. Ethanbaron V. Nusjuro,OP13-080,onepiece_catalogue_name,1.0.0,candidate_only
onepiece,52a5ba5657597a19ae893b06a366aff0a375e6614b2255d65072644873324fbe,820595,Boa Hancock,OP07-038,onepiece_catalogue_name,1.0.0,candidate_only
onepiece,52ab1f9dbdc29d53ecb05da3689b02aa10c8a1f600c4db8f75e111b0c3b31425,690930,King,OP01-096,onepiece_catalogue_name,1.0.0,candidate_only
onepiece,52ca26331d74a431ecda44b6c1677dfb687fe5a2d054c89a096c9eec4b94fef8,720064,"Eustass""""Captain""""Kid",OP01-051,onepiece_catalogue_name,1.0.0,candidate_only
onepiece,5323b36a76dbe7f8eae80654b4b2f88eaf33ab457b3c96285fc998790a5b56c4,865321,King,EB04-031,onepiece_catalogue_name,1.0.0,candidate_only
onepiece,53378a7ca89b2c51e8dd20b662193b2255f9ced7f8a14b5bf70ff2e364b11807,698922,Tony Tony.Chopper,ST01-006,onepiece_catalogue_name,1.0.0,candidate_only
onepiece,533a7e6a62fdfc5c7d58ac5a04b9cfec81ef4f1ef9668bc184cf3c45189d5503,764443,Boa Hancock,OP02-059,onepiece_catalogue_name,1.0.0,candidate_only
onepiece,533bb59184a22559636c838952e7b91c432437ee3a18ce3765dbe209e0c0c042,787946,Charlotte Pudding,OP08-058,onepiece_catalogue_name,1.0.0,candidate_only
onepiece,534a9544f10775917e3fe8efe2fcdcfdb5c89a85d640cc105d29b66d9d10e29d,830248,Roronoa Zoro,OP12-020,onepiece_catalogue_name,1.0.0,candidate_only
onepiece,5389d38286ba1278a725ea852abccccb91d8150cd7bb0320808d23e5fee3b752,802866,Shanks,OP09-004,onepiece_catalogue_name,1.0.0,candidate_only
onepiece,53904d45c7f5287c6252b3cb976efdd3ff8670b7bbdfc5d19f379b5970ab3042,884725,Jinbe,ST30-006,onepiece_catalogue_name,1.0.0,candidate_only
onepiece,53b35f51407199578b10b066ae94f88bf6010ec7bc2e17925bda10a63d198ff9,743916,Kuro,OP03-021,onepiece_catalogue_name,1.0.0,candidate_only
onepiece,53ff27522d5d5c4fd4c65a7ff530dcc1ea1d2800d025a3c378299c9b5c9433d8,880055,Zeus,OP11-106,onepiece_catalogue_name,1.0.0,candidate_only
onepiece,5472317dfc94cfc79cf9dc0763831c75010ad9a81c4af731d46afbabb1c50887,747438,Sabo,OP05-001,onepiece_catalogue_name,1.0.0,candidate_only
onepiece,548422bc49e187b5cc18e59f27a91a9da1c46ee03cfe215d33fce770f9e0dda5,767962,Tony Tony.Chopper,EB01-006,onepiece_catalogue_name,1.0.0,candidate_only
onepiece,54b6e8792c8ff8e59ded3c2e22ac2ed21062210298a163d345d925b0907aa237,884266,Enel,OP15-060,onepiece_catalogue_name,1.0.0,candidate_only
onepiece,54b760dfa4e10d20301212583f6577e35c6c28edd27751ec8367f9966080105f,747529,Trafalgar Law,OP05-069,onepiece_catalogue_name,1.0.0,candidate_only
onepiece,5508ce56d921f8e424198d4c7ef1f5b2ce14ff8d7fcecc05ab0a4e8460a25a1c,708382,Sakazuki,P-076,onepiece_catalogue_name,1.0.0,candidate_only
onepiece,5554a9a23347c05f8d3aa1632210ebb799b38fbac3d300ff366dac33ebff55aa,830331,Nico Robin,OP12-087,onepiece_catalogue_name,1.0.0,candidate_only
onepiece,55700e60812620275a1781160889455c471cd77f576a082197170d8b9a22a5c7,760513,Yamato,OP06-022,onepiece_catalogue_name,1.0.0,candidate_only
onepiece,55828d201e2a77c9334ff4064e10c302ed5ac6727daeeea70b8bcef76d115f69,857263,Gol.D.Roger,OP13-064,onepiece_catalogue_name,1.0.0,candidate_only
onepiece,5585813ac62ae9f8873ab2ff5ccaf0cfb80bb80df35589080864c017c434b65e,817136,"Eustass""""Captain""""Kid",OP10-112,onepiece_catalogue_name,1.0.0,candidate_only
onepiece,55931704c62229a968587471e7118fc1429f57f83a04e323d5875c53690008b1,808173,Monkey.D.Luffy,EB02-061,onepiece_catalogue_name,1.0.0,candidate_only
onepiece,55c155f3e95004f11009754dd874f8d1d2734cb86980659d1eaea49b9b5b3ec6,857338,Monkey.D.Luffy,OP13-118,onepiece_catalogue_name,1.0.0,candidate_only
onepiece,55c6b78e0b31680c0de67aef9290f5718c07e9f55a91fc803425e26913e7281d,787541,Kaido,ST04-001,onepiece_catalogue_name,1.0.0,candidate_only
onepiece,55fa7caf8bbd86e9705a9d036188a062bb874fe8d13b5487c69f995d74e990bc,690794,Trafalgar Law,OP01-002,onepiece_catalogue_name,1.0.0,candidate_only
onepiece,5626d00102a471732b293975ce3d44b4799212973cf0095dffba3422af8fda50,750648,Yamato,P-046,onepiece_catalogue_name,1.0.0,candidate_only
onepiece,562d8fc407514df2d5d0dd0c266d5eb2a3f91982b679e7f30ed9600683ca58bd,799280,Gum-Gum Red Roc,OP04-056,onepiece_catalogue_name,1.0.0,candidate_only
onepiece,56386a33af4a2648cde21d0d9ebc0e78dbb6eb0073ddc77731d1bc5cf7e04471,773423,Charlotte Pudding,OP03-112,onepiece_catalogue_name,1.0.0,candidate_only
onepiece,5667249bdd6c1de2a5ac298480de9dcc9274883c8d68c483dbc15d8213f3bee9,829849,Monkey.D.Luffy,ST01-012,onepiece_catalogue_name,1.0.0,candidate_only
onepiece,569157d2936c96129220a75b1560bfb87479372384b062f1a0bf9fe704dae8f1,794691,Roronoa Zoro,P-045,onepiece_catalogue_name,1.0.0,candidate_only
onepiece,56df84de9daf821171e61943f9a514b7a7e47beaa27bcd993cdbe747c0616215,865556,Buggy,OP09-051,onepiece_catalogue_name,1.0.0,candidate_only
onepiece,56fb704fb1e368101f1156daf6172f8c432c574ebd9faf63c6ea106c35106ee3,823534,Vegapunk,OP07-097,onepiece_catalogue_name,1.0.0,candidate_only
onepiece,56fe56e92ed60844678579fb309129c4407d94d650426ffca836b5b100d00385,850914,Jewelry Bonney,P-085,onepiece_catalogue_name,1.0.0,candidate_only
onepiece,5707b34c979df76681a5aebcacef51d3da6cf6727e2ea332237d2f19db3550a0,698921,Nami,OP01-016,onepiece_catalogue_name,1.0.0,candidate_only
onepiece,5737e81d78fc929dcb1eb0ed69f35037317166432b61fb5e2568c98365852f2d,805327,Perona,OP01-077,onepiece_catalogue_name,1.0.0,candidate_only
onepiece,57739973b8a9ad8f37c58baa6635a2ff0301cc12422629ab15aadbbc72e09012,762652,DON!!,Gear 5,onepiece_catalogue_name,1.0.0,candidate_only
onepiece,5784282ad6beffa18f4166d85292f350ba6c021a4147d9d0d8c1f706705d1c3c,842966,Vinsmoke Reiju,OP12-063,onepiece_catalogue_name,1.0.0,candidate_only
onepiece,57866c5f0cfb6efec033408d432701b2cd10b6a6bcae7bc525108515490a8f74,766653,Trafalgar Law,ST03-008,onepiece_catalogue_name,1.0.0,candidate_only
onepiece,578b7f2891451db4af3d9a227c12d8f78d18bed0a8aa0896ebf7838fc9122fc8,808755,Sanji,ST21-003,onepiece_catalogue_name,1.0.0,candidate_only
onepiece,578c20da6b3b51ffbf7d59ff63903e20fcafd0e7bb15b61dd5f9448f3383b499,740389,Nami,OP01-016,onepiece_catalogue_name,1.0.0,candidate_only
onepiece,57ca414f9e1ea0755925d8b6312402baddbbf25ffb6df2451c7b478902e293fd,692240,Yamato,P-008,onepiece_catalogue_name,1.0.0,candidate_only
onepiece,57f4f53400ea5b7c33c3aa77102317af89c36b998354bdf300397f3cb03c8508,804886,Monkey.D.Luffy,OP07-109,onepiece_catalogue_name,1.0.0,candidate_only
onepiece,57fb6ed346827873e0389ab28d6fa93691f440880ba94acd295ae2ead6560757,698098,Smoker,OP02-093,onepiece_catalogue_name,1.0.0,candidate_only
onepiece,58133d3e4e5cca340f8a107a20105b227815761a5ede2dcf7a44b0fc58137239,824473,Portgas.D.Ace,ST22-010,onepiece_catalogue_name,1.0.0,candidate_only
onepiece,589a733703ea01969e945f42d5ff2ad31248766641867d0f2424c18760b45bd3,840680,Kid & Killer,EB01-003,onepiece_catalogue_name,1.0.0,candidate_only
onepiece,58abb7f6fd31b2a6907cd526798fe5825bb7b2bb190a001e13bbb4b7af491fda,852454,Gum-Gum Giant,OP09-078,onepiece_catalogue_name,1.0.0,candidate_only
onepiece,58bb74a4d397651790f2e6421295b34e6b953fa530a2c771d85c300ba93f718d,804384,Sabo,P-073,onepiece_catalogue_name,1.0.0,candidate_only
onepiece,5902a4d86e8a153d8bec42a1231fd9f4b44bbfff7de89d5d3ac965dcddf5dbf4,743912,Fire Fist,OP03-018,onepiece_catalogue_name,1.0.0,candidate_only
onepiece,595509a3f8733c10854a47ac5c2778050aca5f4f5805e1c7c7e7e4e64037a72a,852530,Monkey.D.Luffy,PRB02-005,onepiece_catalogue_name,1.0.0,candidate_only
onepiece,59d1ee49855ee807903244b569a63397e35144ebdb5a70cdf31c082911d3bdca,808181,Perona,OP06-021,onepiece_catalogue_name,1.0.0,candidate_only
onepiece,5a0912e8800056e110f940b5a5498c8c339c5776244bdff946611fbf998d04ec,830265,Perona,OP12-034,onepiece_catalogue_name,1.0.0,candidate_only
onepiece,5a2c5c46ef1124d4e246dc2ae5a87847dd4b51c058b8182a2259537f15881a7f,827268,Monkey.D.Luffy,OP05-119,onepiece_catalogue_name,1.0.0,candidate_only
onepiece,5a440def2241447a7e88327e41fff65450c592513aeb19e2380de96ee6403e4f,845678,Portgas.D.Ace,OP13-119,onepiece_catalogue_name,1.0.0,candidate_only
onepiece,5a498bd85c56b19c5348632ad9e03c9a25d24511376b49a96d564e6cc4b18ca4,690966,Monkey.D.Luffy,ST01-001,onepiece_catalogue_name,1.0.0,candidate_only
onepiece,5a7ee5ea5ddb7b7ab488f1dafe90261e83936ca6ea6e1c5026f0d2975804df25,878031,Tony Tony.Chopper,OP11-053,onepiece_catalogue_name,1.0.0,candidate_only
onepiece,5a867ec9521dfd8f351815b391cf8c68ab869bb95bee3a6339f4a039f1be4075,804779,Monkey.D.Luffy,ST13-015,onepiece_catalogue_name,1.0.0,candidate_only
onepiece,5aa2e8a2674be87bc8435232765ae8dbc1f38bd1a0105e1e36f5e80ccba1f263,733464,Monkey.D.Luffy,ST01-012,onepiece_catalogue_name,1.0.0,candidate_only
onepiece,5aaa4eae66d80e38f78e0ba41b888b1bd9debbc65424413c766a245dcb54af34,842912,Roronoa Zoro,OP12-020,onepiece_catalogue_name,1.0.0,candidate_only
onepiece,5ab6e47f09ea0cb1f81934a3bbfa7be2ab7ce8c26b02bc014008f950aeebe7db,817001,Portgas.D.Ace,OP08-052,onepiece_catalogue_name,1.0.0,candidate_only
onepiece,5ac2418a29c389ecc61ce2b653a22bfc704eba507bab3d6db4811ce5ef0b66c1,794882,Portgas.D.Ace,OP07-119,onepiece_catalogue_name,1.0.0,candidate_only
onepiece,5ad54a8086db16a94d5fe0fb20672181e7a882a95bfd3a4efb0ddb161ad6a4c4,802975,Marshall.D.Teach,OP09-093,onepiece_catalogue_name,1.0.0,candidate_only
onepiece,5afd8e80b2e8ae9942d9aa3592d4a8fce95321b2380d5f5a3aa2938cf099123c,823426,Tony Tony.Chopper,EB02-003,onepiece_catalogue_name,1.0.0,candidate_only
onepiece,5b6c6544f3ff0973432059431715fec054645bb9b2371c3cf71c5ddeff620838,882470,Boa Hancock,OP14-112,onepiece_catalogue_name,1.0.0,candidate_only
onepiece,5ba03e45938f4177f9f404d7c005a0ed3423fefe68ca9dbd172fc1649abd0d09,729828,Otama,OP01-006,onepiece_catalogue_name,1.0.0,candidate_only
onepiece,5beb15ebb92286335e5582b64cb312ddea0443e770031ba4e98d530be4b3b045,701356,Monkey.D.Luffy,ST01-001,onepiece_catalogue_name,1.0.0,candidate_only
onepiece,5c0b670473a73cf580a393099a592e0c236bf834d5bc67883ea6070469408676,792764,Monkey.D.Luffy,OP07-109,onepiece_catalogue_name,1.0.0,candidate_only
onepiece,5c1aecf69f7ed2d2af4ac9e586cdf7ec3d191bc05fac2f4d9009fd4e4791e0e8,857343,Portgas.D.Ace,OP13-119,onepiece_catalogue_name,1.0.0,candidate_only
onepiece,5c3308f1864f08bf929c5c053bfbd258a3ecdebef2bb97c7c70939da37add5d8,861917,Ground Death,OP14-096,onepiece_catalogue_name,1.0.0,candidate_only
onepiece,5c36e9cc07716097f8b2cd9bac634265e670e363a742530eec2d07aa4fb427f7,857327,Stussy,OP13-110,onepiece_catalogue_name,1.0.0,candidate_only
onepiece,5c6a1f4a8a32ffd3b521ab00cbfba6153fb99505a14ca57ef7434461dc9a0c63,854474,Roronoa Zoro,OP10-113,onepiece_catalogue_name,1.0.0,candidate_only
onepiece,5c7c38867f2bda83ab69cebf8bf1cbf0df950793d61a6b6d204bfb0bbda5ce68,845702,O-Nami,ST18-002,onepiece_catalogue_name,1.0.0,candidate_only
onepiece,5c930904d3f175a959787a90cbe57355af8f2b191b1cb723f9693202f11a7476,842942,Kuzan,OP12-043,onepiece_catalogue_name,1.0.0,candidate_only
onepiece,5cb70ceaf3636ae2cea804b13985bfda96294f0d1d8625dcdd2f7f7d939c1348,817143,Monkey.D.Luffy,OP10-118,onepiece_catalogue_name,1.0.0,candidate_only
onepiece,5cb94324ebaf66b8857eb51b459f87d340143a8fa0393180e97157975a9aff6e,865550,Crocodile,OP14-120,onepiece_catalogue_name,1.0.0,candidate_only
onepiece,5cea9d5caf3e524b5501001aee6bb3894a5c9dc8868fe79c9c7cb3070175a647,717508,Monkey.D.Luffy,P-022,onepiece_catalogue_name,1.0.0,candidate_only
onepiece,5d144c6c26439dc124fa9eeee42f0edb69e994a03ea7fd9673984189796f07dc,808178,Enel,OP05-098,onepiece_catalogue_name,1.0.0,candidate_only
onepiece,5d2be7f83a69cd877eed7958376d99d82d5c466b1740e58bba3c89cf83073c3f,858519,Nico Robin,P-111,onepiece_catalogue_name,1.0.0,candidate_only
onepiece,5d63f197cf2e138d0065bdfda21bb93fc9f481a2efacf191b7a7efde6cd9b555,729829,Otama,OP01-006,onepiece_catalogue_name,1.0.0,candidate_only
onepiece,5d65e3056e89bb1a4131b173e9892cf328937d73b1e89b02c3a210f17a198509,874419,O-Nami,OP05-062,onepiece_catalogue_name,1.0.0,candidate_only
onepiece,5d92c08c750821fa050ac4280c56ebd3503bf8614e049f2e228383740f2453db,888104,Yamato,EB02-006,onepiece_catalogue_name,1.0.0,candidate_only
onepiece,5d95430b713222abcec7f283f21e2df92d02c56034384db9064ffcc993847a33,857341,Monkey.D.Luffy,OP13-118,onepiece_catalogue_name,1.0.0,candidate_only
onepiece,5de52dd4be6d951793cf59104da44cad9258cf0e6c97390aff6d90de2ea8dbf7,771626,Tony Tony.Chopper,OP08-007,onepiece_catalogue_name,1.0.0,candidate_only
onepiece,5dedb8ad121b52852979f8f52d1ded715af065428be0f7ff9b4b7bcff40d9f19,874421,Roronoa Zoro,OP12-020,onepiece_catalogue_name,1.0.0,candidate_only
onepiece,5dffe8078c04b4c0f5557bbf3bf2e9305c56f4d7d63e834b96f1b5eaa7741a83,872230,Tashigi,EB03-018,onepiece_catalogue_name,1.0.0,candidate_only
onepiece,5e2877b7d61babe334debf95cc5ef83329e257a4adf514b99a95d2fd7f9b7a7f,732993,Nami,OP04-011,onepiece_catalogue_name,1.0.0,candidate_only
onepiece,5e6e945ad5686c1bf1cdcc644d9f05a9202aa4b6c255898c8c9d91ce87dd0f67,755420,Alvida,OP01-064,onepiece_catalogue_name,1.0.0,candidate_only
onepiece,5e704d86a63309150c614db78fd3d98c88109f262beaa70c20b3d4485f2b7421,817146,Trafalgar Law,OP10-119,onepiece_catalogue_name,1.0.0,candidate_only
onepiece,5e99688a9a6178bad081df574381990355d6486ea4be0521ef19b21852b424ca,747466,Donquixote Rosinante,OP05-022,onepiece_catalogue_name,1.0.0,candidate_only
onepiece,5ea73e0024deb9a67ee72e48b590a0752207ae0be13049e34ccc6fa52f30d6aa,804785,Boa Hancock,ST17-004,onepiece_catalogue_name,1.0.0,candidate_only
onepiece,5eb0d2ae2b80867073263cac3d3c05f6a2287f9d586d15498ab1a4f2d9c4ef20,746277,Perona,OP06-021,onepiece_catalogue_name,1.0.0,candidate_only
onepiece,5ecf4accac2167015036bee5085c525ea8d0d8ccf1c796e39d4a6815ef9f9e81,821360,Yamato,ST13-016,onepiece_catalogue_name,1.0.0,candidate_only
onepiece,5ee037aeb9111d1ee389a4c1f2fb73d7b6303923938cdfb8df9f15506674f289,852550,Shiryu,PRB02-015,onepiece_catalogue_name,1.0.0,candidate_only
onepiece,5ef137cc1e26eaaa56a73ae1e7604152418f0a130ef9777dcc95d5a64a737aca,857353,Portgas.D.Ace,EB02-028,onepiece_catalogue_name,1.0.0,candidate_only
onepiece,5ef6e3dfe2e63731a0e86f20e6e70f34dae7d88e0597d90dab39b24de3a89f7d,841115,Roronoa Zoro,ST21-015,onepiece_catalogue_name,1.0.0,candidate_only
onepiece,5efd55a0c4b6b4d1bbfd8063e006796cef11eff488f0c5dbee18cc4bd1c6f453,827105,Shirahoshi,OP11-022,onepiece_catalogue_name,1.0.0,candidate_only
onepiece,5f06c9f148590f6f114ee62f45620a2221e44d8ab9d88cd72904e3c8289d2e79,799319,Hound Blaze,OP05-057,onepiece_catalogue_name,1.0.0,candidate_only
onepiece,5f1381470403a66c3da661211a1431534a362096f5e1241c7d1be81bf172390f,698855,Sanji,ST01-004,onepiece_catalogue_name,1.0.0,candidate_only
onepiece,5f3ba5e60bf3ac7f75f43dd3a578c1f5c9b7ecd6d12bcef183c2e734bd88e4ed,867316,Nico Robin,ST29-009,onepiece_catalogue_name,1.0.0,candidate_only
onepiece,5f63a570f7c21904f2f58863d0431c210a82a0161dfe01805140c23a6557ea0e,746399,Borsalino,OP05-051,onepiece_catalogue_name,1.0.0,candidate_only
onepiece,5fb2d8278c75bc19d72f47da4d91fe91584c8581e79f1c00153cc0b9bfd211ba,697229,Magellan,OP02-071,onepiece_catalogue_name,1.0.0,candidate_only
onepiece,5fcb0af79718ffdd736940fc5401e61bfcb2c9953a2490f194e7cc73bc45bef8,842349,Monkey.D.Luffy,OP07-109,onepiece_catalogue_name,1.0.0,candidate_only
onepiece,600ade660834528521e044a3e22a0ce0463e59158edc464f732b30e3842c710a,857288,Five Elders,OP13-082,onepiece_catalogue_name,1.0.0,candidate_only
onepiece,6104914b62321d3b689fb4d001442deae8187371127129975a29c97abfec34e1,755419,Kaido,OP01-061,onepiece_catalogue_name,1.0.0,candidate_only
onepiece,6140a1778b758f030b876cb930ce5150f46477deef949a75776d39b13dc41f22,859004,Tashigi,OP12-031,onepiece_catalogue_name,1.0.0,candidate_only
onepiece,616c9a1f48bb85787aa09caaaf8e9ed00c51e03aa8a9f39d298d7e34313e26b0,852469,Tony Tony.Chopper,OP10-011,onepiece_catalogue_name,1.0.0,candidate_only
onepiece,61f35c3532490f30cb2dbec1d5bc38ebcbd8396f827ed60cdd2b3e6c18d30b61,786549,Gol.D.Roger,OP09-118,onepiece_catalogue_name,1.0.0,candidate_only
onepiece,61fdbb35226c8091d767c7decc57d919b8307bcd2ebf1a0bfadede254fde8342,818272,Nami,OP09-050,onepiece_catalogue_name,1.0.0,candidate_only
onepiece,6200ab596f561e371115fed4779b8319992053c0405efed21d8942d37f7a0e5a,823537,Carrot,OP08-021,onepiece_catalogue_name,1.0.0,candidate_only
onepiece,6202f3cb31bf0fad503f669976371269fc9cfad94d95ee950fcde7d3bde72445,732764,Edward.Newgate,OP02-004,onepiece_catalogue_name,1.0.0,candidate_only
onepiece,6261ed3a52b1d8e134f6b23a4b73b2ce3f1a59fb7acad6ef6d707501094ae495,787461,Monkey.D.Luffy,P-041,onepiece_catalogue_name,1.0.0,candidate_only
onepiece,626bc7d5110fdc5e637741d2b96e4202926297d5206951d8c4f2a7b04d314b33,862127,Tony Tony.Chopper,OP13-030,onepiece_catalogue_name,1.0.0,candidate_only
onepiece,626c9f9d2a8fd59b3e29d0997500d55e7d90fea49c136eccab02bbc082901bbd,879512,Roronoa Zoro,EB04-007,onepiece_catalogue_name,1.0.0,candidate_only
onepiece,627d5fbf4227a4b2f3bdc405dfab47b3bf55e6cab813d9200bf82ebc923fb55b,869926,Monkey.D.Luffy,P-075,onepiece_catalogue_name,1.0.0,candidate_only
onepiece,6286ecb97c360fba475b82a41ba01e9a059d700aebc64a16a99340620929e237,740395,Yamato,ST09-012,onepiece_catalogue_name,1.0.0,candidate_only
onepiece,62c0cc38b8eaea7b899ec51f916449648858c51bdc32c9b330c59d06b5ae254b,799325,"Eustass""""Captain""""Kid",OP05-074,onepiece_catalogue_name,1.0.0,candidate_only
onepiece,62d6fd8d4787aed82866c510f77403ffdeb7a0aa778766e3a8a46b22b62de7ab,823435,Monkey.D.Luffy,EB02-010,onepiece_catalogue_name,1.0.0,candidate_only
onepiece,62e152209df0008221d65eb4aa9516a17183a34fdc08c4029774c599455baaac,817499,Shanks,ST16-004,onepiece_catalogue_name,1.0.0,candidate_only
onepiece,633460ab5f7079ed0345c7f3192e4a18dc90ce356d5785040fc04b57886643f0,732810,Yamato,OP04-112,onepiece_catalogue_name,1.0.0,candidate_only
onepiece,634956d4af10bef4d9c69f95ca1f76a7d35b6aa8fa8465737f574b286f3283ac,781091,Yamato,OP04-112,onepiece_catalogue_name,1.0.0,candidate_only
onepiece,63ed163cb902421df9b88b36f07832a4fc48d95eecc8f4adddf6f8862462c5fb,864287,Vinsmoke Sora,OP06-063,onepiece_catalogue_name,1.0.0,candidate_only
onepiece,63ee75fe68ffc83973075844f922cd7e27f76790e7156f54d828ae4604b954a5,788034,Gecko Moria,ST03-004,onepiece_catalogue_name,1.0.0,candidate_only
onepiece,63f1591890be27e5be9e543cf57a0e1452dcf68d697b9d05854257e9fb00458b,880065,Boa Hancock,P-115,onepiece_catalogue_name,1.0.0,candidate_only
onepiece,63fd26f091b764f9b836db5a8020b5ca25ae30f3b765f5308e5d80c08ed97a32,802339,Charlotte Pudding,ST12-012,onepiece_catalogue_name,1.0.0,candidate_only
onepiece,6467150f48780f5794c91577570de06792a3873e53f5124ba60f5239a1a2fb73,852522,Koby,PRB02-001,onepiece_catalogue_name,1.0.0,candidate_only
onepiece,648075edd7919664cf6b33422a0c953781dce65b6b12ef0365fcb828d5ce8eb8,744829,Charlotte Linlin,OP03-077,onepiece_catalogue_name,1.0.0,candidate_only
onepiece,648bb5fba5e87f5a44ec50ebd515c55cced011c3561a0a6eeb5ecf127793d8ac,768512,Smoker,OP02-093,onepiece_catalogue_name,1.0.0,candidate_only
onepiece,64a0c445719f262bc37383790603ccbf3a11b4947988fd8c4dfda82fafc61002,719376,Arlong,OP03-022,onepiece_catalogue_name,1.0.0,candidate_only
onepiece,64a5a4e09cefb2f693833279becb82eb9dbdf5100dbd8d0bdf1c2e3cb34e12ef,879955,Rebecca,OP15-039,onepiece_catalogue_name,1.0.0,candidate_only
onepiece,64b55bbec62dd298ad967c4d5751822bb58d38f741146b214bc02c5767b84e36,762641,Brannew,OP03-089,onepiece_catalogue_name,1.0.0,candidate_only
onepiece,64c63c0b7c8200db686bec6ae92fda7b0e5d1c9ec41c846b65dc9503153e0e2b,764432,Monkey.D.Luffy,P-001,onepiece_catalogue_name,1.0.0,candidate_only
onepiece,652546e23b35a8e56d916b289fe2424cd214a1117a88377eb90bacfe04f3f778,771772,Tashigi,ST06-006,onepiece_catalogue_name,1.0.0,candidate_only
onepiece,655a045cab19310715393e8039d660d55c99e392bc340781bb24a9ca8aa7f6b1,752012,Sasaki,OP01-101,onepiece_catalogue_name,1.0.0,candidate_only
onepiece,657d5de55be32bc733b6b5e0edec676587f6b476bcf0ef8766cc12fea9c8deaa,884253,Sabo,P-105,onepiece_catalogue_name,1.0.0,candidate_only
onepiece,65c588f86476d2509c0e2c07b4bc6abae483be87ec1f0d963b204ec2fc4f4c82,794721,Nico Robin,OP05-010,onepiece_catalogue_name,1.0.0,candidate_only
onepiece,65d2de1bfc313450391df728d410a99ff30fa693c094a978c62ee46837b202d0,857301,St. Topman Warcury,OP13-089,onepiece_catalogue_name,1.0.0,candidate_only
onepiece,65dc5eb93e1013049eb346914c7bec0b5e5f3e97e26710e953a3ae878072d8e6,828450,O-Nami,OP06-101,onepiece_catalogue_name,1.0.0,candidate_only
onepiece,6617fa16ac4cd11390e463b8e304cbe93eb767d9a8ecc2cf9adabb9a84987d9d,857806,Monkey.D.Luffy,OP12-015,onepiece_catalogue_name,1.0.0,candidate_only
onepiece,6638725ff60d1dc443f2668920325766a0aa2c1230ea3638f07dbe509c7e5119,729807,Brook,ST01-011,onepiece_catalogue_name,1.0.0,candidate_only
onepiece,664c0d7328f1efe8c42fbe159509d07f52290afd449862f8dec1ddd6aa2f0b61,792757,Nami,OP06-101,onepiece_catalogue_name,1.0.0,candidate_only
onepiece,667810c5a242f8b654c83e253db758cf0389ad77e33b0715d994e18d10187528,842335,Buggy,ST17-003,onepiece_catalogue_name,1.0.0,candidate_only
onepiece,668bea38314f53a08d3a3966537e1dd982b825b57cc0c4d53af8ce6874506c35,771774,Charlotte Pudding,OP03-112,onepiece_catalogue_name,1.0.0,candidate_only
onepiece,6697d0857538f71f41aebd8914d1c28f7196ea908bff361dd3134bf18336e971,701995,Boa Hancock,OP02-059,onepiece_catalogue_name,1.0.0,candidate_only
onepiece,66baf089f7cd11ca3b7796212fcf18a0f299cfc19d31a121abbcaf2afb0c6b44,766641,"Eustass""""Captain""""Kid",P-003,onepiece_catalogue_name,1.0.0,candidate_only
onepiece,66c944111e02b15ec3d1a34caf36ea10056049e981fe515f05da69aa99709ad9,788033,Jewelry Bonney,ST02-007,onepiece_catalogue_name,1.0.0,candidate_only
onepiece,66cf2f3d01f28cd4b47dffb5596ed04642708ec53cb3bdc9f350b5dbbf377022,787833,Tony Tony.Chopper,OP08-007,onepiece_catalogue_name,1.0.0,candidate_only
onepiece,66e5c66c55dde1b1b33d00b9d72e72ea05abaf3fd81d90a20757c8185b2a9ecb,768200,Kin'emon,OP01-040,onepiece_catalogue_name,1.0.0,candidate_only
onepiece,66e9e446cba7beb192db988ef897ece5e2953a43bec241e0744256b5009905c7,752016,Portgas.D.Ace,P-028,onepiece_catalogue_name,1.0.0,candidate_only
onepiece,6713b21f1fbf52e011104de5c9e62b54cf32ba53e8fe5f0980a5899e699d383c,808192,Marco,OP08-002,onepiece_catalogue_name,1.0.0,candidate_only
onepiece,67467e736338efc7972e5c2b1538d167758984661584ca7669e905810ea00bb7,865554,Sengoku,OP07-046,onepiece_catalogue_name,1.0.0,candidate_only
onepiece,67599009cdd5885ff3691f788b244a1170034be779fbdaf5eb7dacf85273f77e,871501,Monkey.D.Luffy,EB04-061,onepiece_catalogue_name,1.0.0,candidate_only
onepiece,67cb506e08947db8685fb36223645443429a69115c4627cc817aad25ee143f04,780220,Monkey.D.Luffy,P-080,onepiece_catalogue_name,1.0.0,candidate_only
onepiece,67f179214a85cab2af1ec8afd19088bc544ff019bd705abe2025589a71d17ed2,804773,"Eustass""""Captain""""Kid",ST10-013,onepiece_catalogue_name,1.0.0,candidate_only
onepiece,67fcf1404e38a9799a3f89f24fabd168cb73bff7b28e7813e7a53b0f5a938e57,827144,Nami,OP11-054,onepiece_catalogue_name,1.0.0,candidate_only
onepiece,6802fdf45ff8a5c18a05e348e0e8faa879e19caa0eff562002e9d770dfe07915,776842,Nico Robin,OP07-104,onepiece_catalogue_name,1.0.0,candidate_only
onepiece,6839d2d5b15b9b1742813ebed202be4b77ff1f4b66d0cf9196f96d2a3c939c4b,873737,Don!!,Uta EB03,onepiece_catalogue_name,1.0.0,candidate_only
onepiece,685c96626c83e2597b5e9c7107d7993fb02159797cffc0ff1c0f2b0c7da79294,733181,Sabo,OP04-083,onepiece_catalogue_name,1.0.0,candidate_only
onepiece,687d4f00fd4647c9aa4072589beee9085dc332da5651d824aa4b3a8867cd843c,808195,Charlotte Pudding,OP08-058,onepiece_catalogue_name,1.0.0,candidate_only
onepiece,688d7920f0fa521a25ec25f8bd4c64fd7765feef30152fd53e721189c0ebbdee,879503,Jewelry Bonney,EB04-001,onepiece_catalogue_name,1.0.0,candidate_only
onepiece,689743e9c319c5d28e33f185d5e735e71e6fcc9f0974db9f1419d70bfb31a704,874987,Lucy,OP15-002,onepiece_catalogue_name,1.0.0,candidate_only
onepiece,68c4bd72be2a9d4f5a9b7deaa8347527fc809a211178473282532b5ac1460dc9,729821,Monkey.D.Luffy,OP03-070,onepiece_catalogue_name,1.0.0,candidate_only
onepiece,68d8cd9a4569f7f8b5ffe9a9720ca6204e24c383da9ee07555b8f6c23c4f4c42,746398,Ms. All Sunday,OP04-064,onepiece_catalogue_name,1.0.0,candidate_only
onepiece,68eac3d5591d3ac571162e9f8eca9caf0cac530456474472fc316f740fb8fdf5,787481,Shirahoshi,OP03-116,onepiece_catalogue_name,1.0.0,candidate_only
onepiece,68efb0764ab402bd86a773eebe0ddc6349ec0fd3dab4f88dc636278fccc1d00a,802308,"Eustass""""Captain""""Kid",OP10-099,onepiece_catalogue_name,1.0.0,candidate_only
onepiece,69109efffb18fd996e90f1fca0cfc8967047e90621797db7962136bc22ef042a,847944,Sanji,OP07-064,onepiece_catalogue_name,1.0.0,candidate_only
onepiece,694e2f947966b02ec9873496327430c93504019150ec0a5d77fde4fb7e005394,761166,Roronoa Zoro & Sanji,ST12-001,onepiece_catalogue_name,1.0.0,candidate_only
onepiece,6ac1cdea4024e92881d9d508f695dec7628c649cf90a3a58cc219b20f99330da,746400,Rebecca,OP05-091,onepiece_catalogue_name,1.0.0,candidate_only
onepiece,6b15168500d600d7fdd81528f1672ea2011b1e17c59da28286eedca3a66f8dda,854589,Portgas.D.Ace,P-109,onepiece_catalogue_name,1.0.0,candidate_only
onepiece,6b2552b3e6674514678c0218e358786d5e82aae26445d4af6f46f66fabbebd5f,802842,Enel,OP05-098,onepiece_catalogue_name,1.0.0,candidate_only
onepiece,6b34c9d1ea743f34f4a10288bb116a8a285375fcab5ff648a8df57886d2bfadb,760323,Shanks,OP06-007,onepiece_catalogue_name,1.0.0,candidate_only
onepiece,6b54ba4485c95bf1900f0cc24da93f4e31b4a80e93ac1c3e65bb18486d28b2a1,828453,Uta,OP09-002,onepiece_catalogue_name,1.0.0,candidate_only
onepiece,6bac6444e64d17b1bc85054b8d6e22070882a705e78378458c12a2799648934d,857347,Portgas.D.Ace,OP13-119,onepiece_catalogue_name,1.0.0,candidate_only
onepiece,6bf57858a12ac051bc38478dd0cb8d68ac7934880a25d9bccf4e12cde649e084,755414,Monkey.D.Luffy,OP01-003,onepiece_catalogue_name,1.0.0,candidate_only
onepiece,6c46c53615053b9a042c662f7e62f762d90f7b3df4f96aa064b3c42401b78099,804374,Donquixote Rosinante,OP05-030,onepiece_catalogue_name,1.0.0,candidate_only
onepiece,6c582e7beaf68d95a78575610e761ae67291e313ee58016a736f818ecd483830,698866,Charlotte Pudding,ST07-008,onepiece_catalogue_name,1.0.0,candidate_only
onepiece,6c8057329ce81294fda261190c96fba454a9bb2669a192b08d433a50b51f0d37,827259,Monkey.D.Luffy,OP11-118,onepiece_catalogue_name,1.0.0,candidate_only
onepiece,6cb27339229543e42b7edfa9daade0c39af2de218298689c8362ba2a482b5f98,799203,Trafalgar Law,OP01-047,onepiece_catalogue_name,1.0.0,candidate_only
onepiece,6cbdb3e7199fb8133dd80b47ba17f59078f43c173b7b24862d4a1db3e1049f67,799350,Monkey.D.Luffy,OP05-119,onepiece_catalogue_name,1.0.0,candidate_only
onepiece,6ce2967dbedb33d976c08f03c085e2c52b8b2989e39c7c140d57438b5856d524,830636,Shanks,OP09-001,onepiece_catalogue_name,1.0.0,candidate_only
onepiece,6ced654c467acca7aae282584f9f9021a8716288e8bb35071f518ff15e900fe6,717507,Shanks,P-016,onepiece_catalogue_name,1.0.0,candidate_only
onepiece,6cf6d5fe5fbc82a665af3a3ad91cd77f23cfd2c87bf1d1299bba9477d36ea556,743261,"Eustass""""Captain""""Kid",ST10-013,onepiece_catalogue_name,1.0.0,candidate_only
onepiece,6cfd6fd18039ddd35f42e1b19eb7e2821170a7f5d11cf8599d5e0442869683ac,700823,Portgas.D.Ace,OP02-013,onepiece_catalogue_name,1.0.0,candidate_only
onepiece,6d36871c27f364b861a69268499d4230c16d22bc56b96dfe99a525518501120e,747209,Monkey.D.Luffy,ST10-002,onepiece_catalogue_name,1.0.0,candidate_only
onepiece,6d37a6a7630256371117c8ebc47f11933975c5cf9e3c2350d45705091be4b452,878022,Portgas.D.Ace,OP13-119,onepiece_catalogue_name,1.0.0,candidate_only
onepiece,6d483efda8a3df1e4cf00e4403de7fd12794bf1c0cd8e0e3ffda8982aa3ead0c,813722,Boa Hancock,ST03-013,onepiece_catalogue_name,1.0.0,candidate_only
onepiece,6db74aef38bf60dfdcbe5a4fefc0610ba7cca61bed685daa4288927e73420c86,865547,Dracule Mihawk,OP14-119,onepiece_catalogue_name,1.0.0,candidate_only
onepiece,6dc668ad829a9036c42a8f7604229ff7764e1b9b1a49c665583286e0f1dd4943,873904,Monkey.D.Luffy,OP01-003,onepiece_catalogue_name,1.0.0,candidate_only
onepiece,6ddbfde9a8a47c28bef133de2742dcdf370b298a855c208b4523987f4c40379e,832196,Perfume Femur,OP07-057,onepiece_catalogue_name,1.0.0,candidate_only
onepiece,6decc64bec8577f50b6fbdfa87250ff79a03ce4ab8ed55cbe1592609d541b4a8,744827,Rob Lucci,OP03-076,onepiece_catalogue_name,1.0.0,candidate_only
onepiece,6df87c423d62481fc8d6d2ed0db228b7ae85072c3a5cd32314660e75211edcd8,874400,Nami,OP11-054,onepiece_catalogue_name,1.0.0,candidate_only
onepiece,6e0f24f653738084ddf17cf4b37b1f56879f6d5eb80d4806e4e45eb8bd32308e,817401,Monkey.D.Luffy,OP11-040,onepiece_catalogue_name,1.0.0,candidate_only
onepiece,6e1769d94aa70c972a90d3b2018cc9489cf1948ed3e8b974a0074a567275cb2b,762657,Monkey.D.Luffy,ST10-006,onepiece_catalogue_name,1.0.0,candidate_only
onepiece,6e338cc6e320acc232f0770b59f40074ccdb48dd3b64d5450f9a91bbcbc89d03,845731,Roronoa Zoro,ST21-015,onepiece_catalogue_name,1.0.0,candidate_only
onepiece,6e3d5ab7e88f6d1dd4f322e8ddb0ac623268c2a655342f14ac6f1b87b4790ee2,729805,Dracule Mihawk,ST03-005,onepiece_catalogue_name,1.0.0,candidate_only
onepiece,6e4c44e664bba895aa3316fc5047ce82a5c77050f5916a6c88a122585e7a7ca1,873733,Don!!,Nami EB03,onepiece_catalogue_name,1.0.0,candidate_only
onepiece,6e761c235867ccac9487220a0813c40a583d112baec3ba4308298d6ab1d9312e,823518,Sabo,OP05-001,onepiece_catalogue_name,1.0.0,candidate_only
onepiece,6e81f6f272b2ebb2b41ad31c087f53f6d3c2bf77e30c9d3b2eed112d8a8d4448,799366,Vinsmoke Ichiji,OP06-060,onepiece_catalogue_name,1.0.0,candidate_only
onepiece,6e85952d86ffdd5a3a89868c60e56f3a50a15cc0e0992e16d488ff5d6a93039f,744786,Nami,OP03-040,onepiece_catalogue_name,1.0.0,candidate_only
onepiece,6e91a9534c391728057431ccb38e760e16745f1a05d84e3c1fff07ff16865878,865630,Marshall.D.Teach,OP09-093,onepiece_catalogue_name,1.0.0,candidate_only
onepiece,6ea1f57fc38fda3fee92b6c601a3ed2ffe81094abf3cafe1a444ff98e839fc88,845624,St. Jaygarcia Saturn,OP13-083,onepiece_catalogue_name,1.0.0,candidate_only
onepiece,6f0e0abcc5a17cf344e5c00975466b38fc6308f04f557a06cd83900f900486b5,866414,Baby 5,OP10-076,onepiece_catalogue_name,1.0.0,candidate_only
onepiece,6f1ba8d4d847d22c46977b0c69f69d282fdd8b0f39ea120f7f85df5c9a576222,696189,Usopp,P-049,onepiece_catalogue_name,1.0.0,candidate_only
onepiece,6f41ffa1d99d7515cf3c098d5aa4854be94c545ee64183b424dda362b9473b85,852387,You're the One Who Should Disappear.,OP06-115,onepiece_catalogue_name,1.0.0,candidate_only
onepiece,6f7382b22838dd2859a5f1995cb8912bc1f4c243a521cea966f8aca2d880de7d,781081,Sabo,OP04-083,onepiece_catalogue_name,1.0.0,candidate_only
onepiece,6f7556f4a7ffbc4b60e249a9fcc92233ae36ff578fbdf4d038d03a6c8ba17ee0,787812,Portgas.D.Ace,OP02-013,onepiece_catalogue_name,1.0.0,candidate_only
onepiece,6f7b5649d7544832a9a0f04688f65abeb5f56f5527c5ea917acc238a69e12823,743251,Monkey.D.Luffy,P-033,onepiece_catalogue_name,1.0.0,candidate_only
onepiece,6f8548ce897328cd925ec98f7b6bd3ad8ced66f04e5fa4a70294a098693fac93,838981,Come On!! We'll Fight You!!,OP09-020,onepiece_catalogue_name,1.0.0,candidate_only
onepiece,6f976b4c20095db13ac49b48b0de8b65877a4f54d36411e80d9dffa49c274f29,759070,Boa Hancock,OP07-051,onepiece_catalogue_name,1.0.0,candidate_only
onepiece,6fa068c92269cb77c7e2926576feb5a57a3d18c1e751430c47722f01659842fa,743382,Brook,ST01-011,onepiece_catalogue_name,1.0.0,candidate_only
onepiece,6fade27abecbc4f33411e035bbd40d66b298eab52a86c33a8573d0b425064bad,872220,Trafalgar Law,EB03-062,onepiece_catalogue_name,1.0.0,candidate_only
onepiece,6fdba5224d76bf541c71bc1a0f5eb0f7a39c48771d1edcefcd5096e9e715a3c9,787438,Monkey.D.Luffy,OP07-109,onepiece_catalogue_name,1.0.0,candidate_only
onepiece,6fef44608bfee656261d0294c7239a8ef9b9206dfc005553ea7b75cce334acdf,799385,Victoria Cindry,OP06-091,onepiece_catalogue_name,1.0.0,candidate_only
onepiece,700b4e50fc8024a387738dd482f7fa632b9008844798e28e0826b6a4cdb42e95,803089,Monkey.D.Luffy,ST13-003,onepiece_catalogue_name,1.0.0,candidate_only
onepiece,70535757163b922162c4ab7ff4d0d8c05401d25c8e3897d51a92cf22071489e0,746396,Charlotte Linlin,OP03-114,onepiece_catalogue_name,1.0.0,candidate_only
onepiece,7057cd5af2ac56f718db03fab67950c4086bfbc3d44e37e2e246a5278cc54ab3,746241,Arlong,P-048,onepiece_catalogue_name,1.0.0,candidate_only
onepiece,707470dfdd82193fdc3b478ec370f367cad119739c2d86a4d187db547aaf89b4,762655,Yamato,P-046,onepiece_catalogue_name,1.0.0,candidate_only
onepiece,70d3c91638ef015be56ad964fcce4377381ce9169388803de691d315404766e0,875084,Lightning Dragon,OP15-077,onepiece_catalogue_name,1.0.0,candidate_only
onepiece,711e1a271847f3d62b0a662c6d0f5f8f17c63d85eb624c233a1cc358f71e3570,743267,Trafalgar Law,ST03-008,onepiece_catalogue_name,1.0.0,candidate_only
onepiece,713b0071cd588f33ee04e6f10740dc915fdf8b102b1f1e6279cb95ec5690264e,872216,Uta,EB03-061,onepiece_catalogue_name,1.0.0,candidate_only
onepiece,7151506689265a33e31c5f9f83dcb186ed3d858b55be200b0e1cb9e728f8c501,884451,Monkey.D.Luffy,PRB02-005,onepiece_catalogue_name,1.0.0,candidate_only
onepiece,715aadaf14ac1e5636819b63ef79d26cb3d0436ce8f48c78a1e259aee8ee6a4a,805332,Gedatsu,OP05-102,onepiece_catalogue_name,1.0.0,candidate_only
onepiece,715ea5f8fce48a3fbaa8732dbee5a276cf5b2dbf9a90f673b64d1d043803a6a0,843033,Bartholomew Kuma,OP12-119,onepiece_catalogue_name,1.0.0,candidate_only
onepiece,7160f8ab4139cdb229ceb406f0c0eceee7db4d8273f14dabd9c2b7ad85442f65,750570,Portgas.D.Ace,ST13-011,onepiece_catalogue_name,1.0.0,candidate_only
onepiece,7177fd2c0f9f808d4e4206a210b91b10ea5963124804cc786ea67a4a6858c11e,865342,"Eustass""""Captain""""Kid",EB04-039,onepiece_catalogue_name,1.0.0,candidate_only
onepiece,71b754227cae6875d6113c9a5439649fafe2d9e244bb6e1fe975a166412cf36d,733069,Trafalgar Law,OP01-047,onepiece_catalogue_name,1.0.0,candidate_only
onepiece,71f6a2f5f9b851ea30c8be912eb6bf075e18654da4f946c1a5d46bd502f8d3c6,717513,Tony Tony.Chopper,ST01-006,onepiece_catalogue_name,1.0.0,candidate_only
onepiece,7210943a1d100b19ddbc571d30e70f5b97e9dbe503310c50052a56a6c429a471,857337,Monkey.D.Luffy,OP13-118,onepiece_catalogue_name,1.0.0,candidate_only
onepiece,7222441b8116dcace3fbb61560683b55ed58e2e8cf10f16ef68131005f3a208a,867306,Sanji,ST29-004,onepiece_catalogue_name,1.0.0,candidate_only
onepiece,72ca57476acfe1707a69be489a847473a197c7700aaa1bcdf30e4ad2d783dfb1,762651,Gum-Gum Jet Pistol,ST01-015,onepiece_catalogue_name,1.0.0,candidate_only
onepiece,72f5b193ee7ec99d61e94eb48d946a27df1022866e15770d930ce7969e9c0197,821615,Sabo,ST13-001,onepiece_catalogue_name,1.0.0,candidate_only
onepiece,731cd31d47cb9821d791e053f099f12994b19aed40a9fb903ab02d66f51a758b,857223,Shanks,OP13-028,onepiece_catalogue_name,1.0.0,candidate_only
onepiece,733a2b51f92dae48322e9727eb34dc7a99ab6740793b063c4cc35486b644ca46,771773,Portgas.D.Ace,OP02-013,onepiece_catalogue_name,1.0.0,candidate_only
onepiece,733b4749b0e53046e4ff306c455fb3836ff49464d07e1f9ae4548b059c0ad3dd,786309,Shanks,OP09-004,onepiece_catalogue_name,1.0.0,candidate_only
onepiece,734afd7fda8927ef84b63967786e64711589eefbdef637f50afce53d569dfb1d,828311,Charlotte Katakuri,OP08-062,onepiece_catalogue_name,1.0.0,candidate_only
onepiece,73976fe91091651bdac3f45f14947751836f549ee80110f5e3e449c37e1b530d,880740,Charlotte Katakuri,OP11-067,onepiece_catalogue_name,1.0.0,candidate_only
onepiece,739856674a251a100a24a51b5a6f3644e8c9c3638bf575d9d4877f1be207b835,842360,Portgas.D.Ace,ST15-005,onepiece_catalogue_name,1.0.0,candidate_only
onepiece,73a186a094a432c47b57f4c9f98fecccd88706d717fe744690c748db0052ef21,698851,Sanji,ST01-004,onepiece_catalogue_name,1.0.0,candidate_only
onepiece,741c8596b16416efa59820320fcd71c126920a350ead6d0b9310e3ac31123e95,692250,Kaido,P-010,onepiece_catalogue_name,1.0.0,candidate_only
onepiece,7431fa578654ce0c841d736d91855f799f5eba98fa167223ff7ef968145a52e3,861947,Dracule Mihawk,OP14-119,onepiece_catalogue_name,1.0.0,candidate_only
onepiece,74329a8d55240e4de4fd4addb9b8de7ee7c1b101c33a601610355947cc8d647d,861937,Boa Hancock,OP14-112,onepiece_catalogue_name,1.0.0,candidate_only
onepiece,749210106d4458af779ddcb95f47b3bbff09da98663ae63e8521880dbc217ce1,696687,Marshall.D.Teach,ST03-014,onepiece_catalogue_name,1.0.0,candidate_only
onepiece,74ab6eefdd635307c3dae2298f2e19fb5f1c0344f6956bb9df3dced42a1ebc8a,828307,Dracule Mihawk,P-081,onepiece_catalogue_name,1.0.0,candidate_only
onepiece,74c02d043265e7d9f3a17b4fc4385696bdbbdd18087a36df7b1edb5586cdd7e5,864646,Don!!,Nami EB03,onepiece_catalogue_name,1.0.0,candidate_only
onepiece,74c3dcade41f6afd5f01f25a849e36006d61d8ee268c7c265019b992df4cc414,842904,Boa Hancock,OP12-014,onepiece_catalogue_name,1.0.0,candidate_only
onepiece,74c8468b3cd2733242b5043ce119fabe48d1cdc54951c5e3407d0456590a6c5d,732272,DON!!,Gear 5,onepiece_catalogue_name,1.0.0,candidate_only
onepiece,74d508922d14c942c90511724ddebf42577f826345d963df2c47a682ad0948a0,837874,Basil Hawkins,ST02-010,onepiece_catalogue_name,1.0.0,candidate_only
onepiece,74e0400b70d4c2bc2c36fbe3844f6239c83dc3d1c49a2647549e6e5e74b3c2ab,747882,Yamato,OP01-121,onepiece_catalogue_name,1.0.0,candidate_only
onepiece,74f4e2203c4fdf964d60d083284fce72e567b9f276a29e70117ddb7297895ce7,858521,Nami,P-112,onepiece_catalogue_name,1.0.0,candidate_only
onepiece,750c9b739702684d0893bf1faa41f260a778bef6a9e94e47d03af4eff5390629,827078,Koby,OP11-001,onepiece_catalogue_name,1.0.0,candidate_only
onepiece,750d500b87d16d0d4c23d51a2db2b7555d30d3a9f04d119aa3c78d3613ccdd88,794698,O-Nami,OP06-101,onepiece_catalogue_name,1.0.0,candidate_only
onepiece,7530ac70037a343f2fb5d437eb171bf1bdeb9d26d04a3b98080704c101619d59,845295,Tsuru,OP02-106,onepiece_catalogue_name,1.0.0,candidate_only
onepiece,757897e4439e1c4f24a9017b2c889228397c0f0d986c94c0b5d2e141953233ea,852592,Edward.Newgate,ST15-002,onepiece_catalogue_name,1.0.0,candidate_only
onepiece,75804cfbe1b2f8eba2e21a3f8103ccf4a38569fa10c227843ce0713bcfb368c3,865645,Luffy-Tarou,ST18-005,onepiece_catalogue_name,1.0.0,candidate_only
onepiece,758d83992a26b3aefc3443ae97db2addc7950ac82b602bb319748229624a34aa,805349,Drum Kingdom,OP08-020,onepiece_catalogue_name,1.0.0,candidate_only
onepiece,75bb391912b9db4494810233c416de741dbadc1ed4af8a2b197b552342b4fa68,875144,Monkey.D.Luffy,ST26-005,onepiece_catalogue_name,1.0.0,candidate_only
onepiece,75d1cb99686f702c9f4ea42114d60d510371c9d616054b07937aa0394e0827e3,762664,Shanks,OP01-120,onepiece_catalogue_name,1.0.0,candidate_only
onepiece,762a55383349cf69b86b28e94687c2521209cfa6cb097485be7b626b8ce4e032,865629,Marshall.D.Teach,OP09-081,onepiece_catalogue_name,1.0.0,candidate_only
onepiece,7633a75c013936aa05d5d0cc1a1990abd0f2735d25d28c1a6717a26009883d00,698822,Koby,OP02-098,onepiece_catalogue_name,1.0.0,candidate_only
onepiece,764d297674d2d7d07832238e4c5143195b9b3c961bef169831ec200e3b0e8543,823522,Enel,OP05-098,onepiece_catalogue_name,1.0.0,candidate_only
onepiece,765041b14ed7ac8b067a3f803daba0c0b996fc71e650147b0dbff43408548f35,799214,Yamato,OP01-121,onepiece_catalogue_name,1.0.0,candidate_only
onepiece,7668a950e88efe24c5fd8fbd87e69d3b4e88cfe78254b83648761af45cd5b51b,690815,Nami,OP01-016,onepiece_catalogue_name,1.0.0,candidate_only
onepiece,7688c8f75cf113047b2e1a914765b2ff6199016364660bf910c641a3f10882fa,771771,Queen,ST04-005,onepiece_catalogue_name,1.0.0,candidate_only
onepiece,76c03c5a136e96c485855ebc590237206943a6d94e8067966126fbcf227b67fc,830578,Roronoa Zoro,OP11-016,onepiece_catalogue_name,1.0.0,candidate_only
onepiece,771efa34c53c5b640453b975b86c66f86c3c7e731d00dde9e9b024f93d64eaf5,808191,Tony Tony.Chopper,OP08-001,onepiece_catalogue_name,1.0.0,candidate_only
onepiece,772961eecfc50d89b2f44ebdd2f852007d3969d0f74826fa90995c108b7e3452,755423,Ulti,OP01-093,onepiece_catalogue_name,1.0.0,candidate_only
onepiece,773dc6ebe5cbc64ad968c7e958edc4b6dc204192ee0c261cb05a90a30dcee130,696703,Monkey.D.Luffy,P-001,onepiece_catalogue_name,1.0.0,candidate_only
onepiece,776e2a881b2aaa499f4c8ef9c308c63d14aa773e38930fa79204aad50f86d4f6,696683,Sanji,ST01-004,onepiece_catalogue_name,1.0.0,candidate_only
onepiece,77794519c1706c21ca747f83b689073389ac201b4ecca033b8918757899e391c,879935,Brook,OP15-022,onepiece_catalogue_name,1.0.0,candidate_only
onepiece,77889ee02737cfb7021c8ac12d5ba73894197ecf696003fb32676bd35de597e4,777163,Trafalgar Law,P-017,onepiece_catalogue_name,1.0.0,candidate_only
onepiece,778e3e3cf3e1ff43386d85e85b82ab230935103970c9a1352609e42ab70f5886,869909,Enel,OP05-098,onepiece_catalogue_name,1.0.0,candidate_only
onepiece,77a8c1fc0649272be0d41b2d83ba21e01e6c5ef534d1b11aa79d7bb79e31b3ae,696435,Edward.Newgate,OP02-001,onepiece_catalogue_name,1.0.0,candidate_only
onepiece,77c189c0405069d51cc7f7cc0ede76ba81a69e122973a01141ad0ad42f57e535,786296,Rob Lucci,OP05-093,onepiece_catalogue_name,1.0.0,candidate_only
onepiece,77e8710d020373de5805f9e1b6c7301a5dab635687ddd494e90e2943d68d23db,865626,Buggy,OP09-042,onepiece_catalogue_name,1.0.0,candidate_only
onepiece,78169475ea6e954915aafe70b9c60be9c039cd36d1854e95653ddabb8a7bfb20,692247,Trafalgar Law,P-009,onepiece_catalogue_name,1.0.0,candidate_only
onepiece,7859ac294d4b572876fadb13a2e37058cbb2e24e27f10ac7222f8032c4ad794a,866408,Charlotte Pudding,OP12-071,onepiece_catalogue_name,1.0.0,candidate_only
onepiece,787135fb2daa2ce98bc7d226f15d24fbb53f30862be9c1305eb33bda07ff0022,882452,Roronoa Zoro,OP07-113,onepiece_catalogue_name,1.0.0,candidate_only
onepiece,787e1b56b73f5216b81ce75e24fcff57b2116360d3cc0f0273d5898b41757eae,848360,Monkey.D.Luffy,P-041,onepiece_catalogue_name,1.0.0,candidate_only
onepiece,78b903b2a5e1d5f8f032251569aeb6cffbf0b8d8693b077c76e91523fdab3510,829840,Sengoku,OP10-031,onepiece_catalogue_name,1.0.0,candidate_only
onepiece,78ecfc323af4b875a8304835ffbfbec580fb1f869798843e42470b7cceaf29d7,827262,Shirahoshi,EB01-057,onepiece_catalogue_name,1.0.0,candidate_only
onepiece,79497460f20415aeb928da6c847097e1c43523f7d1b91fe9a0a67a69ea17899e,843034,Tashigi,OP06-050,onepiece_catalogue_name,1.0.0,candidate_only
onepiece,794998aeb83e437e95774a6f95f8235cb2ab141c87958f5353a0b5a1433dd72b,880001,Mamaragan,OP15-078,onepiece_catalogue_name,1.0.0,candidate_only
onepiece,79542b3db4591f1865608ffbf76ea6cc5d4f9a667462287b5fee990b92890fb1,696190,Tony Tony.Chopper,ST01-006,onepiece_catalogue_name,1.0.0,candidate_only
onepiece,796b0c653777b3c95549d696157a163e3cade510af8cff0d6f2904ae5b82970e,843035,Yasopp,OP09-013,onepiece_catalogue_name,1.0.0,candidate_only
onepiece,79893f1eae3a5825dd2b95e2f3979e52ee1413966c11faf0ea3b39778156660e,722807,Monkey.D.Luffy,ST01-001,onepiece_catalogue_name,1.0.0,candidate_only
onepiece,79909838838cc7ef534bc435182faabc003773b9c11b2f93e6753cc1ec822a83,806193,Tony Tony.Chopper,EB01-006,onepiece_catalogue_name,1.0.0,candidate_only
onepiece,79a1e2b4b6b4a0113ceef550ebafe32974fb1783d4353bcd51a6688f835d093a,872239,Nami,EB03-053,onepiece_catalogue_name,1.0.0,candidate_only
onepiece,79a431320e57bf292086645fffbfb9e0dd23bc1c0d0aae47f42f522bc5f3a840,852526,Lucky.Roux,PRB02-003,onepiece_catalogue_name,1.0.0,candidate_only
onepiece,79c252699409a3e12413dd46a0bc9a6e2dfdc99f6da5de2408d1dce1f1a94678,803004,Gol.D.Roger,OP09-118,onepiece_catalogue_name,1.0.0,candidate_only
onepiece,79d6d005c7d8cc7c7f1878703a97fa7e38524931f608dad96612b61ada96f206,858363,Vinsmoke Reiju,EB03-031,onepiece_catalogue_name,1.0.0,candidate_only
onepiece,79d6f555c22af60cc50dc3a130b29f51ba2edd79d23a4994cb1ff6f77e7c7c6a,880053,Monkey.D.Luffy,OP15-119,onepiece_catalogue_name,1.0.0,candidate_only
onepiece,79e9cad37812f1a0b9018400dea16d518f222008a5b06bad62613fcbd860c46d,808180,Hody Jones,OP06-020,onepiece_catalogue_name,1.0.0,candidate_only
onepiece,79f046156f672aac2bc364db3086a5fed81c5c9f0684a0a4fd69e114cfabd645,875056,Rebecca,OP15-053,onepiece_catalogue_name,1.0.0,candidate_only
onepiece,79feacbede6b334a6a46079913981d3832f982d65046a5b169314c9f9d3b42c9,867225,Roronoa Zoro,OP07-113,onepiece_catalogue_name,1.0.0,candidate_only
onepiece,7a0677015e6f48f619476e9505a8622df9cca54c65ca6ea50c50c87bdafa94f3,857252,Yamato,OP13-054,onepiece_catalogue_name,1.0.0,candidate_only
onepiece,7a077dc730cb055ffeb8ade1f9cb25b2b5104082cb701642779b6f5293b4d648,803007,Monkey.D.Luffy,OP09-119,onepiece_catalogue_name,1.0.0,candidate_only
onepiece,7a177fa60d61f0e71f895925b33eea1b018711ce961d7236c8ae8d7b35c86758,871471,Monkey.D.Luffy,P-001,onepiece_catalogue_name,1.0.0,candidate_only
onepiece,7a2070ef44352e86d3835d8020735018f71b5115373edb4fcfa35865a703ee32,747518,Monkey.D.Luffy,OP05-060,onepiece_catalogue_name,1.0.0,candidate_only
onepiece,7a490cba1014505de2494f4fdb932f736d757e0a0084030b1c492ebd51143031,808193,Carrot,OP08-021,onepiece_catalogue_name,1.0.0,candidate_only
onepiece,7aa167817dc15f20660edc1e117363bc58b7cd340ab7122293803cee2c6f64b2,884250,Portgas.D.Ace,P-103,onepiece_catalogue_name,1.0.0,candidate_only
onepiece,7ace24cae83f2947977aa7fe44d4ff91d1135ec150c4af385fe4c088692e87b3,865548,Dracule Mihawk,OP14-119,onepiece_catalogue_name,1.0.0,candidate_only
onepiece,7ae34a4f9595fb041b0b86cfece3409390125dd027d04dc82e6fd6b14aba3064,803003,Gol.D.Roger,OP09-118,onepiece_catalogue_name,1.0.0,candidate_only
onepiece,7af001e3a4020046e3cb253093afdd662c51669a07f5a7a6b2ea901d88242a03,707718,Portgas.D.Ace,P-028,onepiece_catalogue_name,1.0.0,candidate_only
onepiece,7b4f3260cafec0e627600329e928a9bd7f50917a1c4ceb073dd2c52bac5ecc44,864296,Jewelry Bonney,OP10-107,onepiece_catalogue_name,1.0.0,candidate_only
onepiece,7b69ecc9ba09aa44f59ef19bb242da25f59ffe06d3258b8cfc45a42fda6a1d2f,850915,Tony Tony.Chopper,P-089,onepiece_catalogue_name,1.0.0,candidate_only
onepiece,7bd0e46f3306ecc08fff0d0d027a327034dea9812d6ee686182a031f6ad16cba,787532,Drum Kingdom,OP08-020,onepiece_catalogue_name,1.0.0,candidate_only
onepiece,7c130dbf58a7f265e61fd89228f9b081ecb1d73b48a4ff0f37de6645ac1c5ddc,792766,DON!!,One Piece Day 2024,onepiece_catalogue_name,1.0.0,candidate_only
onepiece,7c1ef9550bf19100c929ec3724badfc7b73a92a44e62f95466c3147ed60e25e0,719387,Fire Fist,OP03-018,onepiece_catalogue_name,1.0.0,candidate_only
onepiece,7c3355480eea36c08fcc0862602aa981a2fd1209ab481f3a3baf33bde73c4279,830275,Sanji,OP12-041,onepiece_catalogue_name,1.0.0,candidate_only
onepiece,7c631b0ac5910b3d066848d89c784bf64ea7b67768c4fcadd849225077d6b912,818090,Tashigi,ST19-003,onepiece_catalogue_name,1.0.0,candidate_only
onepiece,7c646bc1927f68d30f3c6ea4aa51775b88bd6fe82882dc2082d609a1efdf894f,768325,Dracule Mihawk,OP01-070,onepiece_catalogue_name,1.0.0,candidate_only
onepiece,7c8233e01c3f11575a7c6869e7cfbd804ccb04c68440dd762e5f5c327301129e,832200,Gum-Gum Lightning,OP09-077,onepiece_catalogue_name,1.0.0,candidate_only
onepiece,7ccdda92df8db43bc7825ebfa8aab4ed4ab537102554a68298e2c8db1074918f,764457,Boa Hancock,P-066,onepiece_catalogue_name,1.0.0,candidate_only
onepiece,7cf54525830818d38f1b2cebe231f9bbce71af0e8a501764f3d70332f8ff2941,781067,Sogeking,OP03-122,onepiece_catalogue_name,1.0.0,candidate_only
onepiece,7d0211295eb1e00eb8b625da68faba96a513889e053c3218d1f2d5a877234e00,754943,Koby,OP02-098,onepiece_catalogue_name,1.0.0,candidate_only
onepiece,7d144ec40f990647a06faf871e680708ecb87d73a31f30f8757a7172bde597e8,830365,Jewelry Bonney,OP12-118,onepiece_catalogue_name,1.0.0,candidate_only
onepiece,7d2c7d1c5f9e63706f55f6c1313a662349b2daabc4985c50eb2b0de4d7c1530b,794702,Cavendish,EB01-012,onepiece_catalogue_name,1.0.0,candidate_only
onepiece,7d4c7f981c32c96e5ecea57257df02743cb6094988e7ee0a0f110417e4ca8225,845701,Monkey.D.Luffy,ST21-014,onepiece_catalogue_name,1.0.0,candidate_only
onepiece,7d4eb30b004743bc69e9a323d85414c4bc2240c245091d71dc72d8d8f73f881c,840731,Trafalgar Law,P-088,onepiece_catalogue_name,1.0.0,candidate_only
onepiece,7d5dca1ef24d19cbe98ea32da5154fd0dc068f55062f8f60c8569b0bc130d692,875039,Rebecca,OP15-039,onepiece_catalogue_name,1.0.0,candidate_only
onepiece,7d7fcfbd1493c2916468453688cf07daca4b8cd42da06c82fec24d81c6af4f80,852489,Trafalgar Law,OP10-119,onepiece_catalogue_name,1.0.0,candidate_only
onepiece,7d9c6a8a34c12707fbb7ae6f85dc0f6eef2f282e4468262fe04d1778d7526bdf,750623,Charlotte Pudding,ST07-008,onepiece_catalogue_name,1.0.0,candidate_only
onepiece,7dbc13e59ac65270664e6a7ab984a32bb480d089c1da34994cb81414dab4b7b9,829831,Perona,OP01-077,onepiece_catalogue_name,1.0.0,candidate_only
onepiece,7ddf440f17f26549de771d6d9780fcb5f90d30bafe85aef05dfd8ee08c41b1d7,696661,Sanji,OP02-026,onepiece_catalogue_name,1.0.0,candidate_only
onepiece,7de22bb99d54c49d4ec2f682c1d6485cf9245bbc2ffb212fd35fd9df80b00e75,829839,Nico Olvia,OP09-106,onepiece_catalogue_name,1.0.0,candidate_only
onepiece,7e1ecbb88985a12c0a20f585e730a56399a43a7a183796fb4087d9454ee0d0ae,802974,Marshall.D.Teach,OP09-093,onepiece_catalogue_name,1.0.0,candidate_only
onepiece,7e26840f13886dfda0bdbb89dcad15f375accbb4bb74eeacede0e3cb996aa312,768045,Nami,OP02-036,onepiece_catalogue_name,1.0.0,candidate_only
onepiece,7e4fc9b8dc673135cb10c12796502ede3de464769048afb50be2e648acd4e543,720059,Sogeking,OP03-122,onepiece_catalogue_name,1.0.0,candidate_only
onepiece,7e56ff3ff7f6b5bf7818b84fdb13c592ec3903230ca09a1e377a6d8cf4cad395,802186,Divine Departure,OP10-019,onepiece_catalogue_name,1.0.0,candidate_only
onepiece,7e6af12174e0f5e0657c59c9e5cda793eab16dd92ae9f5f1f05899f619fe06ab,858355,Uta,EB03-061,onepiece_catalogue_name,1.0.0,candidate_only
onepiece,7ec1604807fc846e735374df2003138fe4b038cb8084f30b660cebc65b02f34a,845700,Hibari,OP11-010,onepiece_catalogue_name,1.0.0,candidate_only
onepiece,7eedeaa6aaad938ad483a35ce1707777b395ad41de0f5f085785ced34af87e8c,775601,Vegapunk,OP07-097,onepiece_catalogue_name,1.0.0,candidate_only
onepiece,7ef0dae52f91a96e4841afc4af79dd02b52108ed4f37e076bc5e58cd3bcff98a,823451,Usopp,EB02-022,onepiece_catalogue_name,1.0.0,candidate_only
onepiece,7ef974c8fc0baadb474602826fd7e95ce893cb942cb3a1dc53bd24f5dd3caeaa,755425,Queen,OP01-097,onepiece_catalogue_name,1.0.0,candidate_only
onepiece,7f02eddacc9fc954bac28395f7347a556bcaa895f02134201e0244c1e5860a63,765983,Roronoa Zoro,ST01-013,onepiece_catalogue_name,1.0.0,candidate_only
onepiece,7f0868fd69c12538d9179b6ae81ef61dbe2c32767162893feeeee4592d4c12c8,788029,Silvers Rayleigh,OP08-118,onepiece_catalogue_name,1.0.0,candidate_only
onepiece,7f20a0b884ea5f905c0a16cce9bf95c1c51486d081177dba3c23e20bed97dd05,732812,Nefeltari Vivi,OP04-118,onepiece_catalogue_name,1.0.0,candidate_only
onepiece,7f251614aedd843cd36fbf15ac3862960fc5bf8e3cef6f0a1fa812acaa076bac,717518,Roronoa Zoro,ST01-013,onepiece_catalogue_name,1.0.0,candidate_only
onepiece,7f9a02a6123873529adc5c31bcb1989c4b5c64416bfb41a8c8da3cb5e36740ba,852600,Trafalgar Law,ST17-002,onepiece_catalogue_name,1.0.0,candidate_only
onepiece,80445f1fdd3b0fff07be35241219a34b64accf72ff3373dcd0b73bfa7096490f,884263,Shirahoshi,OP14-047,onepiece_catalogue_name,1.0.0,candidate_only
onepiece,8058da7dbc3b8dfec72e2b8c2d1eb5908ea304502892ea900034808a28b5eea9,760596,Perona,OP06-093,onepiece_catalogue_name,1.0.0,candidate_only
onepiece,80691b2d1f3674db5be2b3a9a9e602cc2f2792066703d70da84c3381b39977a6,818086,Boa Hancock,ST17-004,onepiece_catalogue_name,1.0.0,candidate_only
onepiece,806b5a5d6852a460ce4b0fedf172b19002433f5160308293be1604e9bc9472b7,768411,Portgas.D.Ace,OP02-013,onepiece_catalogue_name,1.0.0,candidate_only
onepiece,807282574e9909c30e64b9d93a84b9c29271906bbd4b6617d05d40a00e53adf9,717506,Monkey.D.Luffy,P-001,onepiece_catalogue_name,1.0.0,candidate_only
onepiece,80779802402173f2381bb31aaefe1f057347986d3ea26c19087bcbef897e933a,749358,Nico Robin,OP05-010,onepiece_catalogue_name,1.0.0,candidate_only
onepiece,80dabcbb652ef77a8732c2afe68c65e3f13ad39dc7870e82772a56f51a13be8d,760312,Ms. All Sunday,OP04-064,onepiece_catalogue_name,1.0.0,candidate_only
onepiece,80dfb5ace6d720b652d1ba194f7d9423a2611f49acfb333abafd0e7c4835aa52,830299,Donquixote Rosinante,OP12-061,onepiece_catalogue_name,1.0.0,candidate_only
onepiece,8105282cbc0d297fdd7c68060750a22a6021b84d474b75dfeb70f147cb4c6be0,827264,Stussy,OP07-085,onepiece_catalogue_name,1.0.0,candidate_only
onepiece,814b737105ffa0c2bf8471de7e2fa62350eb5ccf2fe762155e235a6b5a39b3b5,750674,Dracule Mihawk,OP01-070,onepiece_catalogue_name,1.0.0,candidate_only
onepiece,814d5f4a8c26607fb0d4c3cb7dcd2777ec986e7de7400fcd405039e3aba44948,766648,Monkey.D.Luffy,P-041,onepiece_catalogue_name,1.0.0,candidate_only
onepiece,818d1aaf6fafbe1e7d62271ae37c581b1c9717f8288ebb10ad27bf269fb65927,884256,Monkey.D.Luffy,P-106,onepiece_catalogue_name,1.0.0,candidate_only
onepiece,81939b2fff2a0e8c78b58614a9078d240fd62bc0dee598f8d8057b6f538cd190,866418,Nefeltari Vivi,OP05-086,onepiece_catalogue_name,1.0.0,candidate_only
onepiece,81a8c0ba6e4fcac3b2c697694c4269eade8295b01556d31183530bdc42efe307,799691,Kikunojo,OP06-104,onepiece_catalogue_name,1.0.0,candidate_only
onepiece,81b3d24ffe1908751a1146b780f31d080adb04f72f36b9469d4802cc1194ac25,870681,Nefeltari Vivi,EB04-025,onepiece_catalogue_name,1.0.0,candidate_only
onepiece,81bc407d491c7d5e978af4b85690f5f7cc90079cfc7885c21e8f8031fded2c73,884262,Stronger,OP09-089,onepiece_catalogue_name,1.0.0,candidate_only
onepiece,81fc6805c0fbdc7174d5815d799cdc943b2fdfec011b72de943b0018d59f65ea,767961,Tony Tony.Chopper,EB01-006,onepiece_catalogue_name,1.0.0,candidate_only
onepiece,8228fa94fd8d1b3f1220af1aa92d0e767bf6fed6a9716e7a31aa4ce2df6ed297,875095,Nami,OP15-086,onepiece_catalogue_name,1.0.0,candidate_only
onepiece,8286b05140d6a081f18fba71966d07b2d771eaf957568bb0c0d8b604efc29ea1,858356,Uta,EB03-061,onepiece_catalogue_name,1.0.0,candidate_only
onepiece,82abfc2a53a43936688b8daea8f6f70cc88fe2389d27ac4873d641b527bd5ce0,875065,Enel,OP15-060,onepiece_catalogue_name,1.0.0,candidate_only
onepiece,82b8003b0650ec8bdb5a3388268862a98edd55c19b68a65f4c2c907d7bbd3bf4,795692,Black Maria,ST04-011,onepiece_catalogue_name,1.0.0,candidate_only
onepiece,82bda13bc1a994aa391fdf65d9a638779ae9ea633030222fdb9b5f390c6e5a27,760625,Roronoa Zoro,OP06-118,onepiece_catalogue_name,1.0.0,candidate_only
onepiece,82c588da6b14c4167c74887382c779881492eb365b7baee562f1b0978ee03cc7,700475,Edward.Newgate,OP02-004,onepiece_catalogue_name,1.0.0,candidate_only
onepiece,831d3a1cc4f9f1b808dbf8535e87536e6074314fcc4ff62d722d229b35317277,864644,Don!!,Uta EB03,onepiece_catalogue_name,1.0.0,candidate_only
onepiece,83298008c9bb610028960d97f8dbbbd5f44347d17f3d1449e7e59bdca17dea5f,814898,Vegapunk,OP07-097,onepiece_catalogue_name,1.0.0,candidate_only
onepiece,832b39f4a1d813125bf7dc0ead5e6685a64fab4abe31d9fcd3d1e3acb1a20af7,804892,Sanji,ST10-004,onepiece_catalogue_name,1.0.0,candidate_only
onepiece,837ac7526875808b6cb4ca9babc905b8b2fbc0eaac418d22e804c6efc9d7bf34,767971,Kouzuki Hiyori,EB01-013,onepiece_catalogue_name,1.0.0,candidate_only
onepiece,837e2d3e74cb844b5254d78eeafc290b823314092c05d408b79b0a75e000a7fa,690989,Monkey.D.Luffy,ST01-012,onepiece_catalogue_name,1.0.0,candidate_only
onepiece,83a7a4ee21ab378759c54263c552b311d5ea0dfdc40784d456cfc0a3052be0eb,814903,Enel,OP05-098,onepiece_catalogue_name,1.0.0,candidate_only
onepiece,83adcc3978a5f94951a679d4f76b0fd2e88f7eda9042e4d9f581aa2a3eb33a0b,817152,Perona,OP09-034,onepiece_catalogue_name,1.0.0,candidate_only
onepiece,840bd93c2476f9ffc564f793b07ba4581665dedd4b4411b7e0326e8b50592c2a,884714,Luffy & Ace,ST30-001,onepiece_catalogue_name,1.0.0,candidate_only
onepiece,8460cd2dfcf394e8a547218f84475de7bbe6b6247d9baecb145c29e374122b0b,787452,Sabo,P-044,onepiece_catalogue_name,1.0.0,candidate_only
onepiece,846c366a7ad88229c24bc0e3378137507bddca151ea62ea59e8dd3c11b9b3915,750554,Monkey.D.Luffy,ST13-003,onepiece_catalogue_name,1.0.0,candidate_only
onepiece,8483719e480ac7f973ff4c71c90adc587fc4a301c18035bbcb981942e952b0ac,843029,Jewelry Bonney,OP12-118,onepiece_catalogue_name,1.0.0,candidate_only
onepiece,849284ccb06e173740ebb4b22cb8ea04371bec6f7902de2621f46e3985c2e5ab,802340,Sanji,ST14-003,onepiece_catalogue_name,1.0.0,candidate_only
onepiece,84a3e79420c3b96216977003822f8ab22b4fb179d00cf34179da25e74872a86b,733182,Sabo,OP04-083,onepiece_catalogue_name,1.0.0,candidate_only
onepiece,8572fdb338659fd447e80780cb6a48f5384b9f638b7535d14614cb99c4ce5e9f,744748,Monkey.D.Luffy,ST10-002,onepiece_catalogue_name,1.0.0,candidate_only
onepiece,858dc02b389a2b5ad1e70743fe76683224f9dbe31f464f5f0fdeccbdbf476723,840688,Kid & Killer,EB01-003,onepiece_catalogue_name,1.0.0,candidate_only
onepiece,85ae6c14623cb1d20c2508ea5d2e9247413c9052de12c5a07d45346ecd4c343c,814896,Monkey.D.Luffy,ST01-001,onepiece_catalogue_name,1.0.0,candidate_only
onepiece,85c477e267b51b5c593e86c43587862e9ab13a896284b89b73b0d93bb0e00011,817450,Gear Two,OP11-080,onepiece_catalogue_name,1.0.0,candidate_only
onepiece,85d5f0b5efb3a4ea6ac37e83034ab36aa8bb04b6fae78c85e15578a0dcae4617,865503,Ms. All Sunday,OP14-084,onepiece_catalogue_name,1.0.0,candidate_only
onepiece,8660be55f582800bff9adeffcffd871ffa1cc36fc1cbaf0b33fc992796987cc0,760310,Charlotte Linlin,OP03-114,onepiece_catalogue_name,1.0.0,candidate_only
onepiece,8671f46f87e876d1663ee008df9b7a47e13a0a34045b9731fc8d29e85751a4b2,875141,Trafalgar Law,OP13-031,onepiece_catalogue_name,1.0.0,candidate_only
onepiece,86753f8b972c9e83bb32c7a74b57e48727bcf1f80ee76a32a62ca8ff41ad585d,861788,Dracule Mihawk,OP14-020,onepiece_catalogue_name,1.0.0,candidate_only
onepiece,867e0faf1f463c84d879fd5c80664e96dd4d0645aaa5002f9685cd53d447c926,802853,Rob Lucci,OP05-093,onepiece_catalogue_name,1.0.0,candidate_only
onepiece,8691b83df538bf0a5727b3db668c728ef505a58c529dc1ec97677937495e1924,794890,Portgas.D.Ace,OP07-053,onepiece_catalogue_name,1.0.0,candidate_only
onepiece,86ad87508a777050a41504d2b3fdac187a1c698d3e29b32e2fd4242f0188be2e,804887,Charlotte Pudding,OP08-067,onepiece_catalogue_name,1.0.0,candidate_only
onepiece,86df3a068384196fe930d92f0d9a402ac7a3c46bac22155ca2c241fcc01556ee,773708,Nami,OP01-016,onepiece_catalogue_name,1.0.0,candidate_only
onepiece,86e0129a0c37cd2da7cff15d4bfd98af88bf54a59e0ffc5cbe5cbf030e6d108b,804770,Nami,ST01-007,onepiece_catalogue_name,1.0.0,candidate_only
onepiece,86f05f2d73e8f11983941a8803ab80f509f78b5b273fca2cf31f38433af79290,864285,Monkey.D.Luffy,ST01-001,onepiece_catalogue_name,1.0.0,candidate_only
onepiece,86fc57e56df1e55d59ddae770289af8d1374203f7aa88a70a263ca4086352149,792760,Rebecca,OP04-092,onepiece_catalogue_name,1.0.0,candidate_only
onepiece,87002fe9837e67925b294b040c68de0cf9c079419e9cda57786cdfc88795d91a,747440,Belo Betty,OP05-002,onepiece_catalogue_name,1.0.0,candidate_only
onepiece,870d2f62d7007cf6b0711ae56bd05df0b8027ef04708817b7f8bd73d1125b4b2,749354,Inazuma,OP05-003,onepiece_catalogue_name,1.0.0,candidate_only
onepiece,871a8bf7eef12484a91e0003e582bc21e5caa30b301232c3b5a168d0976a0662,780229,Vinsmoke Reiju,OP06-069,onepiece_catalogue_name,1.0.0,candidate_only
onepiece,872234d37df15870828cbd3ba8a5b4c9b7cf5b414b99ced7d42d8399cb959173,733373,Zoro-Juurou,OP05-067,onepiece_catalogue_name,1.0.0,candidate_only
onepiece,873cb4d068869f46fa89858fa9fbacaa3fad41975d550569149ce1453e81c87b,843031,Jewelry Bonney,OP12-118,onepiece_catalogue_name,1.0.0,candidate_only
onepiece,874f7d5668cf466a2c73ade767fe764a3ad473845530fd90db5e402277da37cf,845675,Monkey.D.Luffy,OP13-118,onepiece_catalogue_name,1.0.0,candidate_only
onepiece,875680ed0753acc6a1650ff4fbc1e2e6358b0782a71be23f7bd1d76adfa1381f,817150,Uso-Hachi,ST18-001,onepiece_catalogue_name,1.0.0,candidate_only
onepiece,875bd417e08289257072e27ee21eba6a10f79444f7aaa762e067920e53828663,878042,Zoro-Juurou,OP05-067,onepiece_catalogue_name,1.0.0,candidate_only
onepiece,8773e53c86d53a118f5df4b5020fbe0d2e02619f7c7a3cb3e7c7d1b690f6ab72,787487,Bepo,P-019,onepiece_catalogue_name,1.0.0,candidate_only
onepiece,87b1cce31f61f84badd6d17247530263550e61c3500a9d19a79925b3bc5ec759,858359,Uta,EB03-003,onepiece_catalogue_name,1.0.0,candidate_only
onepiece,87b347a2d53417f8abd35903b51392a9a24640cffc2346a83ff479d343e3b518,747537,"Eustass""""Captain""""Kid",OP05-074,onepiece_catalogue_name,1.0.0,candidate_only
onepiece,87d02c78efd0e70eb6ffbdae08cb694f5b2771bc19660146c5f1d5f1ef0992d8,799212,Shanks,OP01-120,onepiece_catalogue_name,1.0.0,candidate_only
onepiece,87de8cf6e53f989fa916184d1dd8c6a90c059a606a90c3daf20b7e1b6b841b46,864648,Don!!,Heroines EB03,onepiece_catalogue_name,1.0.0,candidate_only
onepiece,87e08cb1738e82f87735737f40393e23f506cd543fd55503285b7a5d03a01826,865452,Boa Hancock,OP14-041,onepiece_catalogue_name,1.0.0,candidate_only
onepiece,882b9e473f204d557f19a71594d169e0c28ba7d5d4c198fc9856e425641678c1,696682,Koby,OP02-098,onepiece_catalogue_name,1.0.0,candidate_only
onepiece,885bcb95b33c4100a67b9ab2a6a72cc0df3d0cf1eeb39d557aa6da2e00a3bbd0,787446,Roronoa Zoro,P-042,onepiece_catalogue_name,1.0.0,candidate_only
onepiece,8881b8a689812b9428af2d5605497ec13e3b0d7735d24db23cba3af52cf03d3c,696702,Monkey.D.Luffy,P-001,onepiece_catalogue_name,1.0.0,candidate_only
onepiece,88980c0e5cfc8af42b62846ad9fd7ab8e241522eaedfb017f62c6f73261becd5,804771,Nami,ST01-007,onepiece_catalogue_name,1.0.0,candidate_only
onepiece,889856503e8a57e6b9bdd33519015d5b461428081d10b1705f1db903ceca2b0e,808107,Monkey.D.Luffy,EB02-010,onepiece_catalogue_name,1.0.0,candidate_only
onepiece,889df69aaf64a7f895aa53235e5e6ea8e61b6de3ea9fadf73b4751bf671cac29,792762,Sanji,OP01-013,onepiece_catalogue_name,1.0.0,candidate_only
onepiece,889fc036f9144328ca7c0d3e3533be0449c21bcc4756a51c34f5f774ad1d41f5,778602,Franky,ST01-010,onepiece_catalogue_name,1.0.0,candidate_only
onepiece,88bb8cd90db4ec7ebca118f3e46205c22538aa366f806282e4a5564343e6687f,732295,Monkey.D.Luffy,P-055,onepiece_catalogue_name,1.0.0,candidate_only
onepiece,88d1d54a8024f4f03eceb7c2f9ea786ebb1dd4ba7a634b4bdcde7ea8e57332c3,799418,Tony Tony.Chopper,ST01-006,onepiece_catalogue_name,1.0.0,candidate_only
onepiece,89130e560ed61c88356f79cbd47992de46a681b8a77eb0c02c960836a4b3f7cd,690959,Shanks,OP01-120,onepiece_catalogue_name,1.0.0,candidate_only
onepiece,895d66c93164eea79f5afa14d4640af63a586ce9801a8312a81296a246061d87,823525,Perona,OP06-021,onepiece_catalogue_name,1.0.0,candidate_only
onepiece,895fa65acf399f3a17f796e18f69b06a9e2720fd4996f48ef922255a122c511f,841120,Zoro-Juurou,OP05-067,onepiece_catalogue_name,1.0.0,candidate_only
onepiece,89707b227de49a7658aff50326515afcd3e9e4eff61d2d11d2197266eaf55d2f,858759,Shanks,P-083,onepiece_catalogue_name,1.0.0,candidate_only
onepiece,89790adfccb14b664d6585b676f0286f9cb0ec4f78450e8ab2fb700d79b9e88d,843036,Lim,OP09-037,onepiece_catalogue_name,1.0.0,candidate_only
onepiece,8986c80ff67edd7b141c1cd64dc8b1a21f7d2d2af6768f372948e9b635705da1,873483,Monkey.D.Luffy,P-001,onepiece_catalogue_name,1.0.0,candidate_only
onepiece,898a0ead60cac66e645d01e7e0ee82a8ed6ebf05a5a5125a6a49e4f0e8241b7e,766636,Monkey.D.Luffy,P-001,onepiece_catalogue_name,1.0.0,candidate_only
onepiece,89969cd650067957d817ed4fa69ec10735e5f5262ad0f93d7483ec44231f3f31,857291,St. Jaygarcia Saturn,OP13-083,onepiece_catalogue_name,1.0.0,candidate_only
onepiece,89a42c8342b67cbf1ef5ca116e6c90677488390b3fa7fb9432b9b6a444dea650,837871,Koby,OP11-119,onepiece_catalogue_name,1.0.0,candidate_only
onepiece,89ee35f9b5c430ef51fdf88a460dc59e01236f8089fb9b537c3c1db0ce54e937,817148,Sanji,ST14-003,onepiece_catalogue_name,1.0.0,candidate_only
onepiece,8a09b9b4d2a4518cf39c44bd708249b6d703bbd2823e935030e6e5a31153fa0c,799301,Nico Robin,OP05-010,onepiece_catalogue_name,1.0.0,candidate_only
onepiece,8a42fa5d46de1c23846ed60e8dfd9023d1af09862defa6fb5756dc27f8d155aa,719924,Marco,P-071,onepiece_catalogue_name,1.0.0,candidate_only
onepiece,8a496062a7102ef39b4ea7ace1e133c1e5e8f0e89f586149ae08f51f8583be2a,802852,Zoro-Juurou,OP05-067,onepiece_catalogue_name,1.0.0,candidate_only
onepiece,8a57e2f9451cda07fd1a8ae60633ee6c2c0caa32313153565b02e547b91af3ca,842929,Perona,OP12-034,onepiece_catalogue_name,1.0.0,candidate_only
onepiece,8a6d4286e247ddaa554d41b9eb12bf7112d4021a2ab444866730b826af544d7e,808117,Nami,EB02-017,onepiece_catalogue_name,1.0.0,candidate_only
onepiece,8a9d633b9b1f4f70cbe9b57e0c8b6a70a8f991b0a80698f3c97ab8fe5f15179e,732762,Trafalgar Law,OP01-047,onepiece_catalogue_name,1.0.0,candidate_only
onepiece,8aee6e304127f6cc4d40321773a13a704889c252cb9d4cea7b6c092cf988f196,872005,Nefeltari Vivi,EB03-024,onepiece_catalogue_name,1.0.0,candidate_only
onepiece,8b12cebecc51fe4172ec0b1a640e854229ecd80c5d85143df9bc3f44da116986,768312,Kaido,OP01-061,onepiece_catalogue_name,1.0.0,candidate_only
onepiece,8b17f1e1a3671f11b650c2804af14b047b1a3f0c2c6e691f4f6635a9d9f433ae,857339,Monkey.D.Luffy,OP13-118,onepiece_catalogue_name,1.0.0,candidate_only
onepiece,8b277c556353c0eefe44ac0f072db6908f8cff04553188c3492034498146ecf9,690906,Perona,OP01-077,onepiece_catalogue_name,1.0.0,candidate_only
onepiece,8b3c62068d695ebef8bfa9480e7bbe15f75ff6f360b1c6c85af2d5599962e246,875138,Monkey.D.Luffy,OP15-119,onepiece_catalogue_name,1.0.0,candidate_only
onepiece,8b5aebaa796a4b727c59bf2c72a0c280df4097bfa756411b3e1eb91c8dcc20a6,823482,Trafalgar Law,EB02-045,onepiece_catalogue_name,1.0.0,candidate_only
onepiece,8b645db6480cc7ac6339bac123a20cdc27001e3fb260c3b930e57336a07e4317,781179,Sanji,PRB01-001,onepiece_catalogue_name,1.0.0,candidate_only
onepiece,8b9eb01026f2e25192ba114dd8f821df84cefe12048ddde29ed9c7cf3067c47b,805337,Camie,OP06-025,onepiece_catalogue_name,1.0.0,candidate_only
onepiece,8bb39ce55d685d4579de0fae64262477ee138ecbcd00293d68342d3a1090908d,816881,Monkey.D.Luffy,P-041,onepiece_catalogue_name,1.0.0,candidate_only
onepiece,8bbdf5c954e0a3bcb6693b41e133aa7e4cb4b8354bf908ae3eec1dd8f2767499,771770,Gecko Moria,ST03-004,onepiece_catalogue_name,1.0.0,candidate_only
onepiece,8bc0926dcde4a53f466b4355103d36deaeb2ed0278b4548cfb60dc5d84faac39,880765,Luffy Is the Man Who Will Become the King of Pirates!!!,OP12-039,onepiece_catalogue_name,1.0.0,candidate_only
onepiece,8bfe611c69b6aa61d79500c419b31bae1ed38e0dec6c0c89c82ecc0f421f6a46,744849,Rob Lucci,OP03-092,onepiece_catalogue_name,1.0.0,candidate_only
onepiece,8c3549f0af92b15827fc36adb5165014a12baf5d65bc1db4d902b10483ffdc5b,786308,Shanks,OP09-004,onepiece_catalogue_name,1.0.0,candidate_only
onepiece,8c45d54abfc06e6c52ee83391a70563fc02dab90ad67c6fcafa1a2c2e558837a,775485,Foxy,OP07-059,onepiece_catalogue_name,1.0.0,candidate_only
onepiece,8c4ede7f3e9854a7abeed10ee5a279d48ee5134893478b215a4e3c2cc86e37a9,852358,Rebecca,OP05-091,onepiece_catalogue_name,1.0.0,candidate_only
onepiece,8c809c6c5f19e06c199f9c598f7373524098187784f30975594978a774725335,755413,Trafalgar Law,OP01-002,onepiece_catalogue_name,1.0.0,candidate_only
onepiece,8c964aada9732ad2750c442f475b8b59d5f85dd2dda5ba679b2c23fc50b6c5cc,794708,Mr.1 (Daz.Bonez),OP02-063,onepiece_catalogue_name,1.0.0,candidate_only
onepiece,8cca54def783e8a429771c64288bdca4605a89f487ceefd46a28d9a7bc97a977,852483,Basil Hawkins,OP10-109,onepiece_catalogue_name,1.0.0,candidate_only
onepiece,8d1afcd2b54f6e1bd2b736b74b1d9043513d8111c34be62a18ef59e16f9761ee,880011,Nami,OP15-086,onepiece_catalogue_name,1.0.0,candidate_only
onepiece,8d294a0e15eb2bdd8b91a61886636eda78d1a64307379412daeb52d33982e932,842332,Portgas.D.Ace,OP07-053,onepiece_catalogue_name,1.0.0,candidate_only
onepiece,8da62b3b6b5be142c66993280f3fe529b6d3a63c0326a6b26fcdb1f316064ad7,808757,Jewelry Bonney,ST21-004,onepiece_catalogue_name,1.0.0,candidate_only
onepiece,8de0a9c6220cadc877e64f52af5f23fbb59dd2830eac448e043b703ee69c4931,837221,Nico Olvia,OP09-106,onepiece_catalogue_name,1.0.0,candidate_only
onepiece,8dfe4f56ec6876420d6c2a4404b2adb7683cc19a6b0f2441a5b2cb4a4242e3c8,854476,Hibari,OP11-010,onepiece_catalogue_name,1.0.0,candidate_only
onepiece,8e1b4a35260270c196cd6ae71e71dc490b75070e7ce238b60ffefae2b4162d81,799345,Upper Yard,OP05-117,onepiece_catalogue_name,1.0.0,candidate_only
onepiece,8e246c36026771e39dbb660a54a64d90c08ce7faaf151ae4913d1e9fda0e398c,840666,Jewelry Bonney,P-085,onepiece_catalogue_name,1.0.0,candidate_only
onepiece,8e2aecf159ad69cd8b69e412c131143e87e18113c7603f890e9e5b2b97c68c0d,880743,Monkey.D.Luffy,OP09-119,onepiece_catalogue_name,1.0.0,candidate_only
onepiece,8e5d556e9fcff57681881ddf9c0d2f74dce1f1e57e384fd35c0934d13b0f21e8,749399,Miss Doublefinger(Zala),OP05-073,onepiece_catalogue_name,1.0.0,candidate_only
onepiece,8ec1baf83bcd8898c41317a3aa2d92442d34f6bac07059c4d3beef92e580c488,821362,Trafalgar Law,OP09-069,onepiece_catalogue_name,1.0.0,candidate_only
onepiece,8ee3698ff31f9fe0e51bc1cc6a6d9ead3d0bc224b64b83e29f721e0d81e5ce04,787539,"Eustass""""Captain""""Kid",ST02-001,onepiece_catalogue_name,1.0.0,candidate_only
onepiece,8ee8f8eda9e7eb8dad421b71612a4b6756abdd4f23b2b989349d3ffd504f8645,840672,Tony Tony.Chopper,P-089,onepiece_catalogue_name,1.0.0,candidate_only
onepiece,8eeb1cf83031500ad0ded9f9ef35addf166c5bd499baa984185430182144a42b,802160,Charlotte Flampe,EB01-056,onepiece_catalogue_name,1.0.0,candidate_only
onepiece,8eecbd4855ecb26c242b72c9680bc9ac865374dec6ee59fbd45d813454245580,719384,Marco,OP03-013,onepiece_catalogue_name,1.0.0,candidate_only
onepiece,8f2c57316ec35bdbcc2f6dd7ad07f0516fd24a8e5e8c99155ecf06636a6017c5,799446,Trafalgar Law,ST10-010,onepiece_catalogue_name,1.0.0,candidate_only
onepiece,8f40e8883097d93f413fe77d62b717539c1774c3865fe58fe9af66ac92f7e1eb,802343,Uso-Hachi,ST18-001,onepiece_catalogue_name,1.0.0,candidate_only
onepiece,8f4d38f36c292cb6e81ae2fd98506e9261145ffa44fba924aed74f05f2a2615a,857324,Jewelry Bonney,OP13-108,onepiece_catalogue_name,1.0.0,candidate_only
onepiece,8f8463207eb723a424b919d33d981148cbad5e696384dab40efb33c774e9ab76,787818,Marco,OP08-002,onepiece_catalogue_name,1.0.0,candidate_only
onepiece,8f8ab97d1f6d2174bbda3f0ac28a19d56efd5331485c2932b494278680e68e2e,875102,Monkey.D.Luffy,OP15-092,onepiece_catalogue_name,1.0.0,candidate_only
onepiece,8f92fa7239cc5563ced3f2158f021e70a34b93b135ac26c14efbb331de5e7ac7,698917,Roronoa Zoro,OP01-001,onepiece_catalogue_name,1.0.0,candidate_only
onepiece,8fc0cf1254e8295380b6cefd7cb1f9777faa28fc54bd6ce06db90a17a0963e78,799277,Kaido,OP04-044,onepiece_catalogue_name,1.0.0,candidate_only
onepiece,8fc28bb8d10f87e45720734d36caad0cc9ca2e12be8d020de646fcb0f681c350,768014,Laboon,EB01-048,onepiece_catalogue_name,1.0.0,candidate_only
onepiece,8fcfefd064035be1e96a05151c607cf03b3891b954384b2f7a6ddb03eebc0930,842340,Tony Tony.Chopper,P-065,onepiece_catalogue_name,1.0.0,candidate_only
onepiece,9007c9f79da1e7add70b37ffa12128fa5c59bdf3ba2ced6572152aa14c3325d5,858364,Koala,EB03-042,onepiece_catalogue_name,1.0.0,candidate_only
onepiece,900c61734f88f05e0c5f2915b9ba6f7dd072f163593e98af13b2f7065a314513,729842,Charlotte Chiffon,OP03-109,onepiece_catalogue_name,1.0.0,candidate_only
onepiece,905d80a386e580f0b12cc5170dd7f0aca7326e4d11824660821b5cb11187e35d,845299,Jinbe,P-030,onepiece_catalogue_name,1.0.0,candidate_only
onepiece,9066a7f5fc91372f96b4a08494f9d8996560eae5a00b02391120c350ba546459,861955,Buggy,OP09-051,onepiece_catalogue_name,1.0.0,candidate_only
onepiece,90738202051291c24aabf4c08c68995f6cdd9de1fea7902c5390058194ee16d0,690979,Nico Robin,ST01-008,onepiece_catalogue_name,1.0.0,candidate_only
onepiece,9074d7ad816b113f99f7f2b4be79e99cc02f9a31931508bb6adbf9c9fc6dfc6f,871504,Roronoa Zoro,PRB02-006,onepiece_catalogue_name,1.0.0,candidate_only
onepiece,90c5d315ca65114a821447c0d67cb0f595a3fa954240fecbeb73e8248d0d0f01,829847,Portgas.D.Ace,OP07-053,onepiece_catalogue_name,1.0.0,candidate_only
onepiece,90cccc8c3aa5ac4b0513ddf28bdc12a7d95af2b2a1d22377177fb94b635dd2d9,808790,Boa Hancock,OP07-051,onepiece_catalogue_name,1.0.0,candidate_only
onepiece,90fc91a92d54a8e43458a48f0377b5c5cb07e43122068d5633842e0dd9adec02,827213,Gear Two,OP11-080,onepiece_catalogue_name,1.0.0,candidate_only
onepiece,9105681292d7f945f4f2adac40142419b6f3ea9b2379cc4c08aaadc1e2eb8b04,750576,Monkey.D.Luffy,ST13-014,onepiece_catalogue_name,1.0.0,candidate_only
onepiece,911bc9ad87e51bfcb69614cf88d61f2344d6b8f289bfbbc427df0d91a2228307,845639,St. Marcus Mars,OP13-091,onepiece_catalogue_name,1.0.0,candidate_only
onepiece,912723494b2854b64935e444cf945f5080eab7505d583db7334d2a3d2a2ece5d,842933,Demon Aura Nine Sword Style Asura Blades Drawn Dead Man's Game,OP12-037,onepiece_catalogue_name,1.0.0,candidate_only
onepiece,912bb362303eae666af6c04f3b97b34958945eb1d15f2af86db77aa528f214df,787527,Camie,OP06-025,onepiece_catalogue_name,1.0.0,candidate_only
onepiece,91404e4ea2c843550a95590b1d4624552320eb79434c519c64e492b7447d81e4,845694,Smoker,OP10-030,onepiece_catalogue_name,1.0.0,candidate_only
onepiece,91703cd31116fa357ddc289a7a34c3958fcc00cb9a793f98d7c54c50ddc6f10f,852364,Shanks,OP06-007,onepiece_catalogue_name,1.0.0,candidate_only
onepiece,91b0d3eb88840c6e25069e7df8de3f78c7897b751b69fc01ad7b2613b3c40fb0,845634,St. Topman Warcury,OP13-089,onepiece_catalogue_name,1.0.0,candidate_only
onepiece,91b2be9929816b7daffaeae42e31f5b81a7ab449349d70bb7446af17a88a22aa,842336,Buggy,ST17-003,onepiece_catalogue_name,1.0.0,candidate_only
onepiece,922e001d4e7e9e9a61db564c1c4cffa1cbf3a8251dfbd406833c40793eb29475,874405,Bartholomew Kuma,OP12-119,onepiece_catalogue_name,1.0.0,candidate_only
onepiece,9263818b4dd16bf9a4fc35dd7164eabd30001bc1f04b6942b420c07078967fe1,816999,Charlotte Flampe,EB01-056,onepiece_catalogue_name,1.0.0,candidate_only
onepiece,929b7920937d4b63738e4e42479b660d9d951175e1ce9c64c230451409d72f28,719415,Kalifa,OP03-081,onepiece_catalogue_name,1.0.0,candidate_only
onepiece,92be7bc7a6b677aff8edff8491b43ce1acd1f89c322600ff61592c8d25e369c5,768470,Boa Hancock,OP02-059,onepiece_catalogue_name,1.0.0,candidate_only
onepiece,92f32b611f2a89fbeedb9669bb923680399c17164805ae5d76e9a61432aa9b07,838902,Sanji,OP06-119,onepiece_catalogue_name,1.0.0,candidate_only
onepiece,931c432d0ead0b5672778794979737b33565581d9e7a1931e47708b83c794bef,867228,Usopp,P-049,onepiece_catalogue_name,1.0.0,candidate_only
onepiece,9357a22cfbe3b43c901f202740f096ce75dac7a24a98a2cc8bcf6f0af6804b14,690927,Kaido,OP01-094,onepiece_catalogue_name,1.0.0,candidate_only
onepiece,936e22569a8b06569cd66ec7849d6692aff0596c07816db51b1ef847594222c0,698920,Nico Robin,ST01-008,onepiece_catalogue_name,1.0.0,candidate_only
onepiece,936fe3c13c728ac51c1a9d9b743436a262fa03d7631bb073192c40af288ace9e,690369,Roronoa Zoro,OP01-001,onepiece_catalogue_name,1.0.0,candidate_only
onepiece,93bfac3d76bac679fb0cd3131331e52506439459439728f6d36cc744f13f585b,854473,Monkey.D.Luffy,OP10-111,onepiece_catalogue_name,1.0.0,candidate_only
onepiece,93eb3f10bd74438556bfdac50b98619d0816426760a3fb2587551784f9e98497,787960,Charlotte Pudding,OP08-067,onepiece_catalogue_name,1.0.0,candidate_only
onepiece,93f33bc414b9d7290da7f2de35350aaff8ff603244110fea8c1fbe935ee6296e,802341,Edward.Newgate,ST15-002,onepiece_catalogue_name,1.0.0,candidate_only
onepiece,94232ed6e51daac8dd32fc6c4d3d89eae00d43a40c0821b5a566b0312f7a536b,828451,Mr.1(Daz.Bonez),OP02-063,onepiece_catalogue_name,1.0.0,candidate_only
onepiece,94313703a79ae13944b5797bd22e09d9a60f4ff15b2cfebce31715cc294d4019,787471,Kouzuki Momonosuke,OP01-041,onepiece_catalogue_name,1.0.0,candidate_only
onepiece,94806c5e6825c149cd0e5559a1ade812e313c7026ae727c5afeae9c978260bb5,872487,Vinsmoke Reiju,OP12-063,onepiece_catalogue_name,1.0.0,candidate_only
onepiece,948fd9bc27f43481751df032933b8b4039dae670709ebc59381b4deaff436e7a,802856,Boa Hancock,OP07-051,onepiece_catalogue_name,1.0.0,candidate_only
onepiece,94dd535dcfbd78f28305747b30e5820c83941f8a761814d9e98b8bfa98dfc37d,754234,Mr.2.Bon.Kurei(Bentham),EB01-061,onepiece_catalogue_name,1.0.0,candidate_only
onepiece,94e143adf622b71dce51f6bff121c768276b847992f214fe8fc211667aabfaf8,722790,Sabo,OP04-083,onepiece_catalogue_name,1.0.0,candidate_only
onepiece,953bba6fad801a391aa54f2cee17d10f426f5bc72c9efc4df71b4f8b3edc9b1d,768268,Roronoa Zoro,OP01-025,onepiece_catalogue_name,1.0.0,candidate_only
onepiece,95608c674f4f721754768a3e018c6c9959d566a5e6697cbafc009f474668b64b,787489,Monkey.D.Luffy,ST01-012,onepiece_catalogue_name,1.0.0,candidate_only
onepiece,958f3fc76a249cfd4363a038f28ccf4c2272e04cb892d259c8fb257aa7875e1a,740383,Portgas.D.Ace,P-028,onepiece_catalogue_name,1.0.0,candidate_only
onepiece,95b51f8e61fbdc2423292713bed020422373bae6388a3c930589eed5df2b0320,787507,Roronoa Zoro,P-042,onepiece_catalogue_name,1.0.0,candidate_only
onepiece,961eddd380625d2bc5768001f8c0d95814fb00cf4c09d24ef60ebf705776d5ff,880059,Sabo,P-105,onepiece_catalogue_name,1.0.0,candidate_only
onepiece,9627434e16859b95ad44691ed39a78f59838b4d6861bcb5985137d7494b4cfee,842363,Sanji,EB01-014,onepiece_catalogue_name,1.0.0,candidate_only
onepiece,96c05c21c75a021106dd8d8254d7d81b858d53e32aa3a80a34d0ee319c3356c6,752048,Monkey.D.Luffy,P-007,onepiece_catalogue_name,1.0.0,candidate_only
onepiece,96ceaa2c24a090f19f295caa67caada22285405c8842392a86e916ecd810b04b,781164,Kouzuki Hiyori,OP06-106,onepiece_catalogue_name,1.0.0,candidate_only
onepiece,97086b025b08e58e9639076ffc63cc7195a57a2b8e74725ce47ad40fcf93c950,733462,Monkey.D.Luffy,OP05-119,onepiece_catalogue_name,1.0.0,candidate_only
onepiece,971a5c5f1dccdf835fa5d3e1c2aba21aa09e511b5365c7dec848ce021478dc25,801808,Monkey.D.Luffy,P-041,onepiece_catalogue_name,1.0.0,candidate_only
onepiece,971c830020f316f52dc9ddab017dd5b42e30eede346908f7fffc3f377f9060e1,845693,Monkey.D.Luffy,OP09-119,onepiece_catalogue_name,1.0.0,candidate_only
onepiece,9725d9bda766f35d2a5396dfdf81cf9a0a4987ec62cc6334feca11d46533cbf9,804388,Monkey.D.Luffy,P-075,onepiece_catalogue_name,1.0.0,candidate_only
onepiece,97336d1a908b46f5374482c18f207c3a9143f359802939eb1a80cd9bf43d0e21,768336,Boa Hancock,OP01-078,onepiece_catalogue_name,1.0.0,candidate_only
onepiece,97488ba86c7569fcdf8ce32e95f563c4cc9210ae3ef26b2564147a981a96b2cb,808179,Uta,OP06-001,onepiece_catalogue_name,1.0.0,candidate_only
onepiece,97887ecddcfa60a9cdef874d51dfd59fff713c0bc164f6318b427dfb17dc0a07,787505,Trafalgar Law,P-038,onepiece_catalogue_name,1.0.0,candidate_only
onepiece,9790344ad0ba9ce213a97b8a6e1bf24b844b8d5c7dfe0e0f861c2b607d5e170c,804369,Portgas.D.Ace,OP02-013,onepiece_catalogue_name,1.0.0,candidate_only
onepiece,97e545ce6caf8ea7668e5afee6d81dc4b11ffd0ca5e69ec175e78a6a0982958d,842897,Shanks,OP12-008,onepiece_catalogue_name,1.0.0,candidate_only
onepiece,9890851cd4d11622496a949c00918582aa78bc5441c34e729429926870d556d8,773382,DON!!,Worlds Championship 2023,onepiece_catalogue_name,1.0.0,candidate_only
onepiece,98c4339df513ac6e866ed5de75814fdd73b257bcc4bc8be9038bea6ecb1d75f0,787443,Trafalgar Law,P-038,onepiece_catalogue_name,1.0.0,candidate_only
onepiece,98c4f39e82d51030683b33bff54940a407f1a66869f66a201e40b8bb02aa1881,743253,"Capone""""Gang""""Bege""""",OP04-100,onepiece_catalogue_name,1.0.0,candidate_only
onepiece,99050eca415604ba1ce787ae1b81c52bdb2bc4f786b4ccba80b622f3f66f8e12,864298,Koala,P-069,onepiece_catalogue_name,1.0.0,candidate_only
onepiece,99080c7ac9d0814ad063747c729edcb0e8f53711644d48337f68b5e679fe4777,874424,Yamato,ST13-016,onepiece_catalogue_name,1.0.0,candidate_only
onepiece,99090d6350ed87a5581c5794008d5728d43113bdf05c547f34d16df4c8453795,696693,Charlotte Pudding,ST07-008,onepiece_catalogue_name,1.0.0,candidate_only
onepiece,990b7801e13f63e72a547e627191ccc84383c36cf59dee4f69cfb6a1c38f5bd8,882474,Roronoa Zoro,OP12-020,onepiece_catalogue_name,1.0.0,candidate_only
onepiece,9911af712e764b861383b8f32d939e17ca297c233a910f7738804a524939a1c4,821353,Adio,P-078,onepiece_catalogue_name,1.0.0,candidate_only
onepiece,992034138d85ced7f5fed00b105e09e300afc23df0de740a57cc7dd726dc18a3,799379,Vinsmoke Reiju,OP06-069,onepiece_catalogue_name,1.0.0,candidate_only
onepiece,993557c09fa1db317de073ce6e6b44c50029a81b7a09c0ee90d0c13fa6ccf84d,827263,Sanji,OP06-119,onepiece_catalogue_name,1.0.0,candidate_only
onepiece,996331d6505d501ea065dcba8a67d3fc128b52a306a2780f87ca68537c0f47de,821354,Jewelry Bonney,OP08-105,onepiece_catalogue_name,1.0.0,candidate_only
onepiece,9a1ae897c93b6064967673d46d3cd5d30ce983fd874f8e7aae0356ec847e7b94,717498,Nico Robin,OP01-017,onepiece_catalogue_name,1.0.0,candidate_only
onepiece,9a59556f4ebc02a3d9bae4a393016baf5a24b1ed1b3bdbe04f9f3a83fbb160b0,884693,Nami,PRB02-012,onepiece_catalogue_name,1.0.0,candidate_only
onepiece,9a5e7a867e652a3c162871e6a73ab54d3879184dacc15efca970e7c46018e430,858525,Jewelry Bonney,P-113,onepiece_catalogue_name,1.0.0,candidate_only
onepiece,9a7f65a7d1949ed9a2987d095a11ad8dd41e2fc7fb8517503c569fa7144dc6d8,884737,Monkey.D.Luffy,ST30-012,onepiece_catalogue_name,1.0.0,candidate_only
onepiece,9a95f438735ba8c193ff9203ed406c888e1baf51edb3568c3609492e9bc516c7,719390,Rob Lucci,OP03-076,onepiece_catalogue_name,1.0.0,candidate_only
onepiece,9aa972e28f04cc38c369781338c5f401ae5f57ffbd687c10ef746f71686860fb,696191,Roronoa Zoro,ST01-013,onepiece_catalogue_name,1.0.0,candidate_only
onepiece,9ab00a7e76fdcf4ac5e116e7d050d928d300ebcb65d38e3b40ecf5641bce12f1,847923,Boa Hancock,OP07-051,onepiece_catalogue_name,1.0.0,candidate_only
onepiece,9ad6072dbd762a0e829c59274a6c430c0b97cdb80b18086b44ba6a8b59ef867c,698861,Marshall.D.Teach,ST03-014,onepiece_catalogue_name,1.0.0,candidate_only
onepiece,9b54596dcf8831ea95906df42894d400a571268c60d806cab6654d4264b52ec2,778607,Jinbe,ST10-005,onepiece_catalogue_name,1.0.0,candidate_only
onepiece,9b6446075b536ea21cd65fac97b1c74a42b3f134a1228c481b320317bbf9020a,861801,Nami,OP14-031,onepiece_catalogue_name,1.0.0,candidate_only
onepiece,9b7a6075f2c7439bf87c076257478700b74d0a360fa7f33e66616cd1edfa7a51,802923,Buggy,OP09-051,onepiece_catalogue_name,1.0.0,candidate_only
onepiece,9b7ba564a81f77279cb11444355b43997917cb1481510a9828021525ebb1dbf1,696692,Jack,ST04-008,onepiece_catalogue_name,1.0.0,candidate_only
onepiece,9b96d40ad8f9a229b767643c137fae75d9fde93cd70e4f8614e756cfa9f6089a,857188,Monkey.D.Luffy,OP13-001,onepiece_catalogue_name,1.0.0,candidate_only
onepiece,9badbf58fa81cd2dc3cb051e48e42c703de0583d1160d58db3574179028204fe,808779,Roronoa Zoro,ST21-015,onepiece_catalogue_name,1.0.0,candidate_only
onepiece,9bba742cd38b94e545fa277c1d3f656e01ff8daabd2260b5503de2f6ff0e2628,787485,Trafalgar Law,P-017,onepiece_catalogue_name,1.0.0,candidate_only
onepiece,9bce0f307caba27322277ea369d3a2d2728082535751a537136625933f908495,738948,Monkey.D.Luffy,P-001,onepiece_catalogue_name,1.0.0,candidate_only
onepiece,9bd9388977520cb305e3ed56f5c8bd4a589c0c64c703eea62a55a3c1ea9e8942,872233,Vinsmoke Reiju,EB03-031,onepiece_catalogue_name,1.0.0,candidate_only
onepiece,9be99a54f2a5388cee1f3d3d7944f93ce63533a2b7dbc112270906f16d3d23fe,731466,Monkey.D.Luffy,P-043,onepiece_catalogue_name,1.0.0,candidate_only
onepiece,9c8a0231bcd710399d2da63c3be552263f2414e9cbdebf5c81d4da87bed8b7d8,867326,Roronoa Zoro,ST29-014,onepiece_catalogue_name,1.0.0,candidate_only
onepiece,9cc202dfb9a1dde0d3764447897686346be5e36e9ccdb7a87fd241eb0950457c,867310,Stussy,ST29-006,onepiece_catalogue_name,1.0.0,candidate_only
onepiece,9cfa5b19a21a7ba3223ad68136f1697176cd349d8f1e26da209bde7cc61c50bc,875132,Gum-Gum Golden Rifle,OP15-116,onepiece_catalogue_name,1.0.0,candidate_only
onepiece,9d160e737d60c8754eb46e9852475e387053afb8aa3b0d3b1ff2c54fa7a4a73c,845677,Portgas.D.Ace,OP13-119,onepiece_catalogue_name,1.0.0,candidate_only
onepiece,9d34e02a516fe8e02c5406f9699d4ec1bfd31cebf1622d3cb882251a206c6011,874396,Tashigi,OP12-031,onepiece_catalogue_name,1.0.0,candidate_only
onepiece,9d4ab060621f74f47fed464469bc6ea00240c0d0d423cb922b44063471ebd89f,696695,Charlotte Pudding,ST07-008,onepiece_catalogue_name,1.0.0,candidate_only
onepiece,9d5093e9aba5bea0d5eef1d6c1ec633b684a9ab9e2a2ddfbbf8be9602b0f4bd8,842889,Silvers Rayleigh,OP12-001,onepiece_catalogue_name,1.0.0,candidate_only
onepiece,9da35d941bef22a002f7a05ed7184859b901d4cb46a8c0ed6da4004639dbf864,808092,Kouzuki Oden,EB01-001,onepiece_catalogue_name,1.0.0,candidate_only
onepiece,9dda36c3421d87a7419532209be3535d3067fa48f13baeb8cf75f77c388e7cbc,760611,Kouzuki Hiyori,OP06-106,onepiece_catalogue_name,1.0.0,candidate_only
onepiece,9ddbf181ca8247f8fedbaa4a9047213b96be746455fc9972fd00af78a759d881,817134,Monkey.D.Luffy,OP10-111,onepiece_catalogue_name,1.0.0,candidate_only
onepiece,9e2f0848610cc0c3977ca5246826b3084888a7e300a376e42d6a1f6ae8c7a189,845298,Bartolomeo,P-029,onepiece_catalogue_name,1.0.0,candidate_only
onepiece,9e382c4314047e197d1fbe6f96f1fbf181aab23c46fe3bf7f57955799a12baf3,865614,Nico Robin,OP09-071,onepiece_catalogue_name,1.0.0,candidate_only
onepiece,9e40ebf51327a07b7af92acf47cf77767d2e253ad3e1b2b4a7aa31db20cd7153,840416,Trafalgar Law,OP12-106,onepiece_catalogue_name,1.0.0,candidate_only
onepiece,9e72d0bedb1adfef2bfe5afa321b7a914b332108b175a06d182e8de0ce5fd9fa,740391,Sanji,OP01-013,onepiece_catalogue_name,1.0.0,candidate_only
onepiece,9e9cb0b73fc097fe8a15ddf1d630771fdb464f59285ea3305906f8325bb0db43,874457,Monkey.D.Luffy,P-075,onepiece_catalogue_name,1.0.0,candidate_only
onepiece,9ed8bd9da128e272fac7358010b66de669619e7be816a502b9f6bb5669fa029f,823457,Nefeltari Vivi,EB02-026,onepiece_catalogue_name,1.0.0,candidate_only
onepiece,9f047a9c57735ab38069b96cf790d8a773130ef7c750036d9d53fb632bf0578b,717516,Nami,ST01-007,onepiece_catalogue_name,1.0.0,candidate_only
onepiece,9f08af394d883785bfebaba06bcee21774fb6f836ba0f92177d2fed2b5264fef,752054,Yamato,P-008,onepiece_catalogue_name,1.0.0,candidate_only
onepiece,9f3355aecc2d92a16061f9eb88d5b28f89171e807919a73608286fefdad07d77,884715,Luffy & Ace,ST30-001,onepiece_catalogue_name,1.0.0,candidate_only
onepiece,9f8fa955ef94f7d05823e793dc0dcdd800ac87b2546b6bf06a4937dd1b0d17b2,878057,DON!!,Kumamoto 2026 Zoro,onepiece_catalogue_name,1.0.0,candidate_only
onepiece,9fc12a02b1662ce6184b4ee1ec6c005cb4c824903ca87d4a80382cb9e053710b,803087,Sabo,ST13-001,onepiece_catalogue_name,1.0.0,candidate_only
onepiece,9fde67a71ef76f6ad3172e3e8b69d92fc2d168fac651273ffde6344f0af7ee85,740394,Uta,OP01-005,onepiece_catalogue_name,1.0.0,candidate_only
onepiece,9fe22554aaf4b0ab52caf35f97cab9bc13f8eff588c823cf23ccd2fe30cdaf5f,818116,Monkey.D.Luffy,ST13-003,onepiece_catalogue_name,1.0.0,candidate_only
onepiece,9ffbbf0c47585839c764d17607434ab9a4b76ab58a9c687e5170dd8bf781c8bd,846353,Ace & Newgate,ST22-001,onepiece_catalogue_name,1.0.0,candidate_only
onepiece,a006484513e9f320a2bd1d85a2440435eaaa1de48a1c50bb5a8fae2f74deba1c,839369,My Era...Begins!!,OP09-096,onepiece_catalogue_name,1.0.0,candidate_only
onepiece,a015f3d41d776deccc986fdbc900c8caac6054c4803318d841c7d2a7f0afd3f1,817372,Honesty Impact,OP11-018,onepiece_catalogue_name,1.0.0,candidate_only
onepiece,a01ccd2b652adcc3fc4549b4cd75cd6377610acf8f1f1e4a8da25827e00ea5e5,768164,"Eustass""""Captain""""Kid",OP01-051,onepiece_catalogue_name,1.0.0,candidate_only
onepiece,a01f4dc0b58d4594aa01dee6d66af7f05aefa2992aa620fda4735bc5d1f810e8,872187,Perona,EB03-045,onepiece_catalogue_name,1.0.0,candidate_only
onepiece,a0281a2dc8886480e180088e2293e42862da16e144b45b0e10c18f07bd7bbd52,842352,Nami,OP06-101,onepiece_catalogue_name,1.0.0,candidate_only
onepiece,a03dc215d4ede561928193441a2b26ea3839984e7adf50cb689ae20f6529cee9,871387,Monkey.D.Luffy,OP10-111,onepiece_catalogue_name,1.0.0,candidate_only
onepiece,a078097518cd82b4748ff175018d14ea53f9b26accdd6cff6ba2cb02b437dc52,794712,Nekomamushi,OP06-110,onepiece_catalogue_name,1.0.0,candidate_only
onepiece,a0c84f0e82f44201c3f28466fd4d8c555cf84a3faff8167da977beb4215d6a2e,787483,Shura,OP05-106,onepiece_catalogue_name,1.0.0,candidate_only
onepiece,a0d65e618c97e891ee758e3fd25702a4e592fc03819f1ad8d1e88f3694e772c4,799401,Nami,P-053,onepiece_catalogue_name,1.0.0,candidate_only
onepiece,a0e3ac21c81d97a831eb1fedc0ed84c3d9708da48d9c5ef800496e811798ac41,750620,Carrot,OP02-029,onepiece_catalogue_name,1.0.0,candidate_only
onepiece,a0e808538cc42e0be1841b18653e77209b7187f1480180d6f7fb427c57143eaa,749396,Chopa-Emon,OP05-068,onepiece_catalogue_name,1.0.0,candidate_only
onepiece,a0ef723996d9d998f9960ae0bff866d7aba3028246697da475c6f13f6dbd2803,823526,Yamato,OP06-022,onepiece_catalogue_name,1.0.0,candidate_only
onepiece,a0f7e27463f5c1f3cca4e69cc1bda1faebd90248c612966e6931ac17bff53389,808183,Vinsmoke Reiju,OP06-042,onepiece_catalogue_name,1.0.0,candidate_only
onepiece,a0f9d43fd27ff37ca2b72c58cc668850e5d181818bf3b7f28028fcbfec21ab53,744888,Charlotte Katakuri,OP03-123,onepiece_catalogue_name,1.0.0,candidate_only
onepiece,a12b93447fc51b031e38e739369b208f583ff83d81f3553efa1f0a884b796259,830366,Jewelry Bonney,OP12-118,onepiece_catalogue_name,1.0.0,candidate_only
onepiece,a12ec81455bfcbdfbe913bdfb0f3613def04496da41e2f2127e3d18b5dfd3657,875030,Nami,P-112,onepiece_catalogue_name,1.0.0,candidate_only
onepiece,a133152495a001ecca261e94b9bbdfad8c3bd142e52e2c89b7fe66cbdf5f1369,752023,Sengoku,P-032,onepiece_catalogue_name,1.0.0,candidate_only
onepiece,a16c88618d324792eca7e4d600702bb0047f7401fa933533059768b680f13d0f,754209,Laboon,EB01-048,onepiece_catalogue_name,1.0.0,candidate_only
onepiece,a17abbd68d2171136b1b3fa52b1af46996f2e0b0e01c8a447d5dc653b69d9d64,830371,Lim,OP09-037,onepiece_catalogue_name,1.0.0,candidate_only
onepiece,a18ec25200ab36f8fa76d7ad530914cb3503630dd60a166b2790a6ac3836fe2a,830593,Edward.Newgate,OP02-004,onepiece_catalogue_name,1.0.0,candidate_only
onepiece,a1e4b257ee3c26b56a0f19498063f30d2477bcb29249880aaa21c36207a66bef,827253,Gum-Gum Fire-Fist Pistol Red Hawk,OP11-114,onepiece_catalogue_name,1.0.0,candidate_only
onepiece,a1e86e427cf75541a8ab4bf9b7d48bfdcb140fbe0b6a15433beda3c6c597ee9e,747885,Kaido,OP04-044,onepiece_catalogue_name,1.0.0,candidate_only
onepiece,a1e9e6597e0d95e07fa48f10e29e2ab065420c8b103e53828d8fd18f7145992e,858307,Boa Hancock,EB03-026,onepiece_catalogue_name,1.0.0,candidate_only
onepiece,a1fea28f803bb081656538abe881f43ae75f3f5c260bddcc32435816153283ec,842987,Koala,OP12-081,onepiece_catalogue_name,1.0.0,candidate_only
onepiece,a1ff9a6ada86b14d74767351585e730bac5dfd0180137b799f31466f82746b03,759071,Boa Hancock,OP07-051,onepiece_catalogue_name,1.0.0,candidate_only
onepiece,a231609b243b3893ac666fb0a81db088c72d7d10eaff5847c3b42c3180e06706,787512,Jinbe,P-063,onepiece_catalogue_name,1.0.0,candidate_only
onepiece,a260cda75b222ee66234aafb864360d188fc9f13d6ef7375824686b458d66594,799211,Shanks,OP01-120,onepiece_catalogue_name,1.0.0,candidate_only
onepiece,a27b105ce3f917918e13c81a178958e690311d1120a2a1b70c65ec7150648bd8,823516,Monkey.D.Luffy,EB02-061,onepiece_catalogue_name,1.0.0,candidate_only
onepiece,a297637d891b9f5e7143584125fbc3cc111f7b8dae63dfd53ac941434e2ac840,804768,Ryuma,P-072,onepiece_catalogue_name,1.0.0,candidate_only
onepiece,a2a5162fc12d37667126e983d13e32bcd29375a9eaa591294053336ca6bc7244,696716,Nami,ST01-007,onepiece_catalogue_name,1.0.0,candidate_only
onepiece,a2e5a255a65c5c4b586546e246780812035ac4218ed5543be407e093d0a21f1c,799378,Vinsmoke Reiju,OP06-068,onepiece_catalogue_name,1.0.0,candidate_only
onepiece,a3300c96ac869b8890ad62671cf3705e0fcb9e9354a27cc82290f8d8a36225e0,827076,Lucky.Roux,OP09-015,onepiece_catalogue_name,1.0.0,candidate_only
onepiece,a3551241460c1ded687efff41b9e4b610f04c3f6eef903e4d8a7593aa88dd131,838804,Rebecca,OP05-091,onepiece_catalogue_name,1.0.0,candidate_only
onepiece,a37ef8165156c211e948e5fd448a42a35ed2737b7285faf2091591648a7affa7,857365,Portgas.D.Ace,OP07-053,onepiece_catalogue_name,1.0.0,candidate_only
onepiece,a399893bd5d3ab5be7412ca209a832c84a545a954009cf36d327dade06ade96c,729803,Otama,OP01-006,onepiece_catalogue_name,1.0.0,candidate_only
onepiece,a3acaeddc77a8124c5d1ec179ffe9fa83889cbd16cdbd42f2a39a1f93211e648,760588,Gecko Moria,OP06-086,onepiece_catalogue_name,1.0.0,candidate_only
onepiece,a3bfc3e3f4ba63229270fd9b7135f4b93c7223d13c1f6a0cb8573b0d2aa8e1a8,691053,Crocodile,ST03-001,onepiece_catalogue_name,1.0.0,candidate_only
onepiece,a3c6c8ded9501b34e1f3c55eac30a537fedd4cc7324cb8b3eee38674bced2191,696724,Emporio.Ivankov,OP02-049,onepiece_catalogue_name,1.0.0,candidate_only
onepiece,a4150be4764daff952f8523297e4d0711cf5744d908846c731036d42c93d5dd3,814438,Sanji,OP06-119,onepiece_catalogue_name,1.0.0,candidate_only
onepiece,a457c1558cd2c0af74dd04b641f260248c907c733fc9c17b7fd577ebe781ab52,872242,Nico Robin,EB03-055,onepiece_catalogue_name,1.0.0,candidate_only
onepiece,a480febab80afb62dc468b243ccc49fdc7485e547161df23c445198845673fff,865628,Monkey.D.Luffy,OP09-061,onepiece_catalogue_name,1.0.0,candidate_only
onepiece,a504d372c04434d41c36eeb755a772a2df14d8640bfdc8898c04a3aa133143fb,690975,Tony Tony.Chopper,ST01-006,onepiece_catalogue_name,1.0.0,candidate_only
onepiece,a50a64b66af4981c3c03da4bb2c80dada0068d795a973fa5a3df94a54bdc986f,786299,Boa Hancock,OP07-051,onepiece_catalogue_name,1.0.0,candidate_only
onepiece,a50ed8af9ee663842834ce6fb25e0684177fac13301ddce076481089e5eb031a,696679,Trafalgar Law,OP02-035,onepiece_catalogue_name,1.0.0,candidate_only
onepiece,a51111b2987e5813f79575578045fc6e6c1e2b174c32fe9f12f7616c122c0772,865633,Jewelry Bonney,OP13-108,onepiece_catalogue_name,1.0.0,candidate_only
onepiece,a527746daa9076a33ffc328822fafbfac8abab413cf95439c6c305ebed1d347b,729839,Spandam,OP03-086,onepiece_catalogue_name,1.0.0,candidate_only
onepiece,a53f07d21a5f85cf0d8517614cfa8c35dfd045c15754a3411ea161f74d525f1c,845913,Monkey.D.Luffy,P-099,onepiece_catalogue_name,1.0.0,candidate_only
onepiece,a59fcf37ec59d7651ec567ae099409b0c93ded0313dea964a8fdb9f24ee8d6c3,786110,Monkey.D.Luffy,ST10-006,onepiece_catalogue_name,1.0.0,candidate_only
onepiece,a5a968297072e9f19bfc282235d1192cdb283f520299023f244cf0aff7bcb578,842355,Perona,OP10-092,onepiece_catalogue_name,1.0.0,candidate_only
onepiece,a601f304f52389e7236cfcdb0c25f82e123dc6ac27d6c36af50e90eb681a9618,861951,Crocodile,OP14-120,onepiece_catalogue_name,1.0.0,candidate_only
onepiece,a6227754a234b94ff2d684cfa7ee6f16dfcc78b14621a7b932c814e55e2941f8,754203,Brook,EB01-046,onepiece_catalogue_name,1.0.0,candidate_only
onepiece,a627093c43d6eacafd158b6981b51e34e438de56a9b4e6c7c8e237794128fa72,771694,Charlotte Pudding,OP08-067,onepiece_catalogue_name,1.0.0,candidate_only
onepiece,a64af17ec825346a2311e4e799b0010c8590064e9595b0ae42ee8a8096b53898,823533,Rob Lucci,OP07-079,onepiece_catalogue_name,1.0.0,candidate_only
onepiece,a6515297dc42ab8b6e1f2b2f4833ce4f54a76fd7db139edfbb551e19b3341a05,865624,Shanks,OP09-001,onepiece_catalogue_name,1.0.0,candidate_only
onepiece,a65e4ccd1ac72df35c62a50f4310fc3968d0f3a07408877132435bd83cb9a4a3,780228,Cavendish,EB01-012,onepiece_catalogue_name,1.0.0,candidate_only
onepiece,a6705e57a00003365887bd44088e7bc4386c4e0fbb94add1e8ddaa9b0b673c8a,821356,O-Nami,OP05-062,onepiece_catalogue_name,1.0.0,candidate_only
onepiece,a67af591eb5f6e5fd9826061d3cad6a9e3fa7c3568899247f4460ccbcdb52b55,879505,Jewelry Bonney,EB04-002,onepiece_catalogue_name,1.0.0,candidate_only
onepiece,a686de723b8cdd19a63570f837ffa4f322378a9804db448ee1c3c9800131f0ec,836705,Nami,ST01-007,onepiece_catalogue_name,1.0.0,candidate_only
onepiece,a68d1524e72ccf61558c67cdb8430b9633a8c550d3c73c9a6ff62eb4bb36e895,857194,Sabo,OP13-004,onepiece_catalogue_name,1.0.0,candidate_only
onepiece,a68daac319ba33cebbcdaa48281f9d5a36134f25c4413e721547f07edaeedc16,746397,Sugar,OP04-024,onepiece_catalogue_name,1.0.0,candidate_only
onepiece,a6958c3fd2c9131ded84fca7219a2afb2151091882c401672577a24471b12f8e,733465,Monkey.D.Luffy,ST01-012,onepiece_catalogue_name,1.0.0,candidate_only
onepiece,a6a1431f5c3106220ee52befa44a2d9474968a18b6671d162f0a4c8ac30ec917,804769,Nami,ST01-007,onepiece_catalogue_name,1.0.0,candidate_only
onepiece,a6a18afa27cacf26986301750ad7dc1cfa3fa7192fd644254e2ae1b6fa54ed08,758921,O-Nami,OP06-101,onepiece_catalogue_name,1.0.0,candidate_only
onepiece,a6d06915265c9a7c153d63255cc0958bf305cf7024bcb20e4bbfacefd1f774e2,817495,Monkey.D.Luffy,OP11-118,onepiece_catalogue_name,1.0.0,candidate_only
onepiece,a6db4a4c8b47bd2490eba957f6bf49648cade7cdd24a558aaa905b492bfe3173,880049,Enel,OP15-118,onepiece_catalogue_name,1.0.0,candidate_only
onepiece,a71f2130e85a4533cf1372b52e1bab7a0d9bcde43087401d08c801260a187944,808188,Foxy,OP07-059,onepiece_catalogue_name,1.0.0,candidate_only
onepiece,a72d328b60db3ded852ef92234d8edcaa64490e1bde17678863b20b2b320100b,720062,Donquixote Doflamingo,ST03-009,onepiece_catalogue_name,1.0.0,candidate_only
onepiece,a73b5071eacea0100237aeb7aaed37cfa7d1e8db36ca126eef50a0612a2913d1,857300,St. Topman Warcury,OP13-089,onepiece_catalogue_name,1.0.0,candidate_only
onepiece,a7650a2d79b1980f8343d51fff4b39eab8137a898584c4681ba4dd2c080eff44,808751,Monkey.D.Luffy,ST21-001,onepiece_catalogue_name,1.0.0,candidate_only
onepiece,a77c60640b6cc931832ee07c6220b89efdcb96ea88679ce7226d31d0753e5fda,808175,Belo Betty,OP05-002,onepiece_catalogue_name,1.0.0,candidate_only
onepiece,a78a9e36dcd89a6ea133d1e4798df3ee7413a3a32eb5bfe38a4e485843057768,858517,Roronoa Zoro,OP09-076,onepiece_catalogue_name,1.0.0,candidate_only
onepiece,a790c8f5bf41a5a8cd7169e47c3ff1d3f976ac5cab28a00e9a47d081d4e5926d,861954,Sengoku,OP07-046,onepiece_catalogue_name,1.0.0,candidate_only
onepiece,a7b8f733441a3b85655ecf91c67a25b7cc175ce9b04e9b1f235c0dd0b1a1a5e0,875127,Roronoa Zoro,OP15-113,onepiece_catalogue_name,1.0.0,candidate_only
onepiece,a7bcde55a9311f5cdc984ab2550e429289d3874814d6d189cb9048955037cf2e,743259,Basil Hawkins,ST02-010,onepiece_catalogue_name,1.0.0,candidate_only
onepiece,a7db74079bc3c33751c882142a2f29ea34ad2442b41663df039f99bab8ce3a1d,768050,Love-Love Mellow,ST03-017,onepiece_catalogue_name,1.0.0,candidate_only
onepiece,a7e76c341b566042631c8b6f380b090790adb6206085fa1ca9a087ab584030fd,858524,Jewelry Bonney,P-113,onepiece_catalogue_name,1.0.0,candidate_only
onepiece,a7ef0a8c1fd52515a260047c79a75cc1f5e6aa9e33535f9fecc5f1682a89d3bb,829848,Sabo,OP09-027,onepiece_catalogue_name,1.0.0,candidate_only
onepiece,a817d9d301df5e7ef658d584e15c3e1f2f7a75cd075fad5786f27d8a281a9041,817089,Donquixote Doflamingo,OP10-071,onepiece_catalogue_name,1.0.0,candidate_only
onepiece,a83f42086111806d476187936255ca3c2bb618afcc8d7d90552026f4d3c53f01,767980,Hannyabal,EB01-021,onepiece_catalogue_name,1.0.0,candidate_only
onepiece,a8732e07ba4a0a8d35209249a0682a116b4db81dc3605a7fb53a2434cac36630,840668,Jewelry Bonney,P-085,onepiece_catalogue_name,1.0.0,candidate_only
onepiece,a8da630a18beb806d9291336cf91ab3ff50ea4dac7c4d906503326e6fbfe472e,759004,Jewelry Bonney,OP07-026,onepiece_catalogue_name,1.0.0,candidate_only
onepiece,a8f434be1f64c2c37d676b1a8f7f2ecd42b80dd4bad8ceec978563da308f5776,799283,Sabo,OP04-083,onepiece_catalogue_name,1.0.0,candidate_only
onepiece,a94b6498140f64c5e400221038448b8d51a193df9c4a0dae49d0778ad9492653,852532,Roronoa Zoro,PRB02-006,onepiece_catalogue_name,1.0.0,candidate_only
onepiece,a9684d46f12dd9fcb6ad15a118989960391531e540569120b96731260da4add7,803032,Monkey.D.Luffy,OP09-036,onepiece_catalogue_name,1.0.0,candidate_only
onepiece,a9d0dca59a3a11d1f3f097c0cbf6e3ee4a92d54611154eaaac6616edcc0bdcfa,794697,Zoro-Juurou,OP05-067,onepiece_catalogue_name,1.0.0,candidate_only
onepiece,a9e1b2e1decceef1b816114bd7c7c970fd8e27afeaa35ce1b8f72d1a9f9ac65f,691015,"Eustass""""Captain""""Kid",ST02-001,onepiece_catalogue_name,1.0.0,candidate_only
onepiece,aa74b5b75828291db683ff042edd7984ecb3e7cbde790d86e16712a131ab94c6,851811,Usopp,P-049,onepiece_catalogue_name,1.0.0,candidate_only
onepiece,aa7f5755efa2e865cdaff729ce92af9d433da18d448f711231682cf988426fdb,823470,Nico Robin,EB02-036,onepiece_catalogue_name,1.0.0,candidate_only
onepiece,aa8f708971cf11c3d3c4c72b2f98fd4a10f6bd9c77beb57778ad94aea44e54fb,740393,Roronoa Zoro,ST01-013,onepiece_catalogue_name,1.0.0,candidate_only
onepiece,aa98b18c9a83995b70309f7a45f294d45f84a960965d6d0d745c8854e2fdb46f,805342,Brook,ST01-011,onepiece_catalogue_name,1.0.0,candidate_only
onepiece,aade6f6c7f38b8ab99afa5735f61e4277d122910cfda7fe2e42025d5807fdd94,764450,Roronoa Zoro,ST01-013,onepiece_catalogue_name,1.0.0,candidate_only
onepiece,aaeb7dd6963c4e286593da7bb63ea2f8f22a75f8dbbe405beb0a1366e29a000e,733070,Boa Hancock,OP01-078,onepiece_catalogue_name,1.0.0,candidate_only
onepiece,ab16c75bc3d7ec2426653476a7fa6d4aff48eb88c03fcb10b735f28a6c20c5dd,842350,Nami,OP10-033,onepiece_catalogue_name,1.0.0,candidate_only
onepiece,ab31d4c4b2b871f3046de9b3903f8e7a11b58656c752a1c183db293791c2d647,808767,Nami,ST21-009,onepiece_catalogue_name,1.0.0,candidate_only
onepiece,ab8e2d281fb48bb5183405226fd6e601ba06c01d3ef3b1514c2c28cec0240c9d,842362,Rebecca,OP04-092,onepiece_catalogue_name,1.0.0,candidate_only
onepiece,abae932fe8abdc30b1fef4344abd06b33a8de5222121cd76e5ce90b589d3b932,760314,Rebecca,OP05-091,onepiece_catalogue_name,1.0.0,candidate_only
onepiece,abc1cb3d5c7cfd65fba8d6c2db9dcb3767ef2c4bd331ca5210e9eb5c98f6ce9e,786295,Zoro-Juurou,OP05-067,onepiece_catalogue_name,1.0.0,candidate_only
onepiece,ac0bdb8f68b2c577e4221716c6394f253f9dcdc9c8812f34abbbcd9542248ddf,691099,Kaido,ST04-003,onepiece_catalogue_name,1.0.0,candidate_only
onepiece,ac39dcf12582715595de9127afbfc07854b69706e10d3a1beb265e83e203cd96,787467,Yamato,OP04-112,onepiece_catalogue_name,1.0.0,candidate_only
onepiece,ac85abc6a40d20b80e6e4b3f7922347ad4c278abef396ffed0cf56b03386a31c,817091,Donquixote Rosinante,OP10-072,onepiece_catalogue_name,1.0.0,candidate_only
onepiece,aca66151a9c2c632c774314e7f9fd333d33cf75f763e7e895a369a7e598d603e,754832,Monkey.D.Luffy,P-061,onepiece_catalogue_name,1.0.0,candidate_only
onepiece,acc8d03e1faa716c001dc98b2a313e0d16c15933c601a5aa06dc175762490835,746279,Yamato,OP06-022,onepiece_catalogue_name,1.0.0,candidate_only
onepiece,ad67d483cf2d7ed37c71a4a1fd487b72c508606425d58ac97fc7912bede02e41,771769,Jewelry Bonney,ST02-007,onepiece_catalogue_name,1.0.0,candidate_only
onepiece,ada088a33918b86e616e707fe5549655cb96ffa15a825276122ac642ce88cb02,866406,Perona,OP09-034,onepiece_catalogue_name,1.0.0,candidate_only
onepiece,adba39e2a261d6cbd9735b20147f5638ca8d2402ef921ac9e510acdeb6d2284c,842906,Monkey.D.Luffy,OP12-015,onepiece_catalogue_name,1.0.0,candidate_only
onepiece,adefb1194ce0b5db157b7a9091110c5a3ca6920328493535a6d2cf4a6a5416e8,698918,Sanji,OP01-013,onepiece_catalogue_name,1.0.0,candidate_only
onepiece,ae277861533cc46419c0c817405c1d57a35eeba0d2a4dff4700b21433d594ea7,792755,Monkey.D.Luffy,P-075,onepiece_catalogue_name,1.0.0,candidate_only
onepiece,ae631c0f01d9552c56b1eb8c1f7e4225b7d5f7e823ad84080bcba45dc37561ee,794713,Monkey.D.Luffy,OP07-091,onepiece_catalogue_name,1.0.0,candidate_only
onepiece,ae89b7be6e149970ede47da4429687f4f2894e375a4a9cc6c1ab780d2cb1249e,817149,Edward.Newgate,ST15-002,onepiece_catalogue_name,1.0.0,candidate_only
onepiece,ae936a04afcfc46d0be35f442a1161a02299605dd3a02b6f5606c240cb666650,821613,Monkey.D.Luffy,ST13-003,onepiece_catalogue_name,1.0.0,candidate_only
onepiece,aeaa0a7f7863bcd2912141ae33785cbf6ef536839b371f01d4671f7ca3a08e6b,842365,Ulti,P-077,onepiece_catalogue_name,1.0.0,candidate_only
onepiece,aecced20f0ed106fae9d6e10ff4bd28d84f9b53dc232021591214fd5d3e947c5,764437,Nami,OP01-016,onepiece_catalogue_name,1.0.0,candidate_only
onepiece,aefb579b98e3f17128f69db12f63c92e9eaec31fab7b2125d1159221cef1a96b,879521,Koby,EB04-044,onepiece_catalogue_name,1.0.0,candidate_only
onepiece,aefe64cd1437ecdd07e982f9fb8612757412774b73499e59ed076f6ff7faa3e0,865588,Roronoa Zoro,ST29-014,onepiece_catalogue_name,1.0.0,candidate_only
onepiece,af68fa681f6cb011a88e775048362bdd43d2b4374d7711fc01534ce6dc07ba4a,701194,Roronoa Zoro,OP02-043,onepiece_catalogue_name,1.0.0,candidate_only
onepiece,af6b88930349c99943eaec3c7b9c4c2fa39d05fa6c021a97a042c4468e4feca1,857290,St. Jaygarcia Saturn,OP13-083,onepiece_catalogue_name,1.0.0,candidate_only
onepiece,b0219c1c1e60a42a1f6849dc447ff8198502df5dbcaefa3e1e306c15b58ad5f8,830369,Tashigi,OP06-050,onepiece_catalogue_name,1.0.0,candidate_only
onepiece,b05494be9ba42752df439e5cdac943f45fc4dd1f38c131a434d1c787ef0b356f,865308,Nefeltari Vivi,EB04-025,onepiece_catalogue_name,1.0.0,candidate_only
onepiece,b06b59f56a7d54157a0605be31c9e30e3e06541e04becf26b5b33012c8f4e3d1,817010,Sanji,OP10-005,onepiece_catalogue_name,1.0.0,candidate_only
onepiece,b0c423b410bb22d04e9cfac8389aae7da85e4a36c4671776b15d4cfd4f43b279,874403,Sabo,OP07-118,onepiece_catalogue_name,1.0.0,candidate_only
onepiece,b0c58f87c1d85168658c9844a926254b3972881b6f964de442c817ebbdf1c89b,882457,Hack,OP12-089,onepiece_catalogue_name,1.0.0,candidate_only
onepiece,b0d3101ff127fdac7b3d0923d0fb217c571cbf544e84dda4a70f416b35f3a853,696680,Koby,OP02-098,onepiece_catalogue_name,1.0.0,candidate_only
onepiece,b12101b0f3a6b5e37d25ccdd7e543711063369b7791493831ee0ecc6921ee9d3,804874,Monkey.D.Luffy,OP05-119,onepiece_catalogue_name,1.0.0,candidate_only
onepiece,b130739ad3c4246924086b5fd1a16414aa15d0ac15b458c66b6f6e0f9d9a1d44,719400,Sogeking,OP03-122,onepiece_catalogue_name,1.0.0,candidate_only
onepiece,b17553b0df16b9445f6db686be67ea64c6d69e639f107e4ddd9c7e737fb34454,729808,"Eustass""""Captain""""Kid",P-003,onepiece_catalogue_name,1.0.0,candidate_only
onepiece,b1aa77116b3207bb8ef991ceaf52040fd26402943b900f9ea602c731b9a74571,821355,Laboon,EB01-048,onepiece_catalogue_name,1.0.0,candidate_only
onepiece,b1ae3263bf262ab8e9d5868a657fe0dda80cac09ece48aeaa070fd3fb61f57c4,871396,Leo,OP10-057,onepiece_catalogue_name,1.0.0,candidate_only
onepiece,b1b614a34c2a29ca48646289ff034abcd93238a0288eac5abe9e5cff9cde25d9,818273,Sanji,OP09-065,onepiece_catalogue_name,1.0.0,candidate_only
onepiece,b1e2e98a8bc3bfb9e860344926f23e5f2c6309462f91ef7dd2e9fa1f2d5b3156,768004,Kyros,EB01-040,onepiece_catalogue_name,1.0.0,candidate_only
onepiece,b207b35e126c390388bc3f8decc063b19a6230cf3e4a134ad199b097f860d80b,787542,Sabo,ST13-001,onepiece_catalogue_name,1.0.0,candidate_only
onepiece,b2529a4742cfb9f94654b4fda6dbfb37f5cbd6196e098caa580fa1b2d76b3380,717519,Roronoa Zoro,ST01-013,onepiece_catalogue_name,1.0.0,candidate_only
onepiece,b288eb70cc85ba0e3d0e332714ccd8f41bc8258587b1e64b0058e71708f1a848,845612,Divine Departure,OP13-076,onepiece_catalogue_name,1.0.0,candidate_only
onepiece,b2aa7ee279fa97a0fa3a0716ffd99f46ba2a5ebfb7219e2047bcf56aeec3756a,804378,Sanji,OP07-064,onepiece_catalogue_name,1.0.0,candidate_only
onepiece,b2f5c0c5dfddf3cc4dab4223520bf78227635f0a66ad0d633495764c54e48a31,828454,Trafalgar Law,OP09-069,onepiece_catalogue_name,1.0.0,candidate_only
onepiece,b309fbf9db10cf81bc230284bb7bccecfad2cfbdbe7367e45bac1ceed2c605c9,802851,Donquixote Rosinante,OP04-119,onepiece_catalogue_name,1.0.0,candidate_only
onepiece,b34bc87f15a9c0fce1577b482672b63aee321b45bb8480377c51d4305adea7a1,717512,Sanji,ST01-004,onepiece_catalogue_name,1.0.0,candidate_only
onepiece,b36493274907ead17a64bc18a7a98fd26ac51f53ab2b204d24b6249895f20d57,884246,Tony Tony.Chopper,P-101,onepiece_catalogue_name,1.0.0,candidate_only
onepiece,b38a6dedd450600b5d99d42e1093d650f3c258bdc13ee0b3a7ccfe980469ee3c,852524,Trafalgar Law,PRB02-002,onepiece_catalogue_name,1.0.0,candidate_only
onepiece,b39946498f9e65be75e1c724883fd87376a5e41dad6af553a703fcf186ae30fb,698857,Sanji,ST01-004,onepiece_catalogue_name,1.0.0,candidate_only
onepiece,b3e70e5da71fcf678eaa3b75a00f5550f68a5fcf32f50b2f7b370dba68ec91a8,857354,Lilith,OP07-111,onepiece_catalogue_name,1.0.0,candidate_only
onepiece,b3eefe8847a374b7f0e1ef0d5c914277e49dec31911a40cf032b88585bd7d51a,732889,Sakazuki,OP02-099,onepiece_catalogue_name,1.0.0,candidate_only
onepiece,b4444ef071dd9f411fa3019d5aeed2438c184473d33c010ec6dc31e773eef11d,778616,Roronoa Zoro,OP01-025,onepiece_catalogue_name,1.0.0,candidate_only
onepiece,b447d8cfd85b0e3f304380e45fc46a58639ef22675f8415f4f4cde9fb5c3bf50,827201,Charlotte Pudding,OP11-070,onepiece_catalogue_name,1.0.0,candidate_only
onepiece,b46860c405a14dd2a14e8efd83f9630ed4706ea27c2be689ae8947b2d0fb4118,845691,Benn.Beckman,OP09-009,onepiece_catalogue_name,1.0.0,candidate_only
onepiece,b47680c11d11754bbe98e609a8973eeff0f4d8c29dce528cdf9f3f1fdd701208,857284,St. Ethanbaron V. Nusjuro,OP13-080,onepiece_catalogue_name,1.0.0,candidate_only
onepiece,b4d9deb34af33efb73733029b53bb8e888c8ba4ec5e2e32a22cd4a6f7c80efd6,803005,Gol.D.Roger,OP09-118,onepiece_catalogue_name,1.0.0,candidate_only
onepiece,b4df513ba92c465e2bcde8292097d010fe0e8fc530f63ce4455641ccdef1c3b6,696685,Sanji,ST01-004,onepiece_catalogue_name,1.0.0,candidate_only
onepiece,b4ea1744f579f26bb74b7578c2a1d3288e617c6856fa3cbaa4b3e1e64ec251a6,852548,Sabo,PRB02-014,onepiece_catalogue_name,1.0.0,candidate_only
onepiece,b4fee77af878633453cab384dd297a19dd5b02d84c7bc6aee728f9073ebc6815,732274,Jozu,OP02-008,onepiece_catalogue_name,1.0.0,candidate_only
onepiece,b505422428750c27cba94045e6a14e6d8400595012a861d9999c3a7439db31dc,787453,Yamato,P-046,onepiece_catalogue_name,1.0.0,candidate_only
onepiece,b51ed50b02cc793813b4091c702c3707800836caf271308a787c43c96a34ec0e,762656,Roronoa Zoro,P-042,onepiece_catalogue_name,1.0.0,candidate_only
onepiece,b532e942734571c9fce75c077401efa482692fd1fdd162fe060c8d872d83a15b,852785,Nami,OP11-041,onepiece_catalogue_name,1.0.0,candidate_only
onepiece,b53dbbde0413d930cae595536c540334b86f964d82a4a7853a969527e382b3b9,746334,Vinsmoke Reiju,OP06-069,onepiece_catalogue_name,1.0.0,candidate_only
onepiece,b563711afb15ead64f0e8272439f7b686b1874ae37d29fe59fcf571973ac86e9,865555,Buggy,OP09-051,onepiece_catalogue_name,1.0.0,candidate_only
onepiece,b5936b5d1128a92c465ec55fb7fd47ca901032e98d42aa3dfbef27a91eafb4a8,799383,Gecko Moria,OP06-086,onepiece_catalogue_name,1.0.0,candidate_only
onepiece,b5a63305cede26b0216730df0821ffcd4a01b1c569dae2a5782611895b31fafc,720201,Sanji's Pilaf,OP03-056,onepiece_catalogue_name,1.0.0,candidate_only
onepiece,b5a633ea2df1471cfc79a50e920ca91f40d33ac7503562b652d7bd58e549c081,845638,St. Marcus Mars,OP13-091,onepiece_catalogue_name,1.0.0,candidate_only
onepiece,b624504f0ff15b849d9b9cb8ed22a0bdcf5e8b845a0cf2a01ee22be3eb8d401b,768275,Kouzuki Oden,OP01-031,onepiece_catalogue_name,1.0.0,candidate_only
onepiece,b631aafb0e836fc2d7a0b2a188c7dcf0e8a16799733905cb07802c0a0de55eed,740390,Nico Robin,ST01-008,onepiece_catalogue_name,1.0.0,candidate_only
onepiece,b647d064191696525539a543c86f969da1dd0d4a26541b7c581e0097e1c5b749,823535,Tony Tony.Chopper,OP08-001,onepiece_catalogue_name,1.0.0,candidate_only
onepiece,b652fc29fb38b6e3e39949aaef97f2d6c68010217b9f4fab2912de07f35f4792,690810,Sanji,OP01-013,onepiece_catalogue_name,1.0.0,candidate_only
onepiece,b655a653a8e998de78330b9ecfe8dec26e026872dd84267ef406a7929dd547c1,808777,Monkey.D.Luffy,ST21-014,onepiece_catalogue_name,1.0.0,candidate_only
onepiece,b6676fd9db5666a8d0643c1ac73ead51be8d4674c05e32ee93200ea7b12a1101,866415,Jewelry Bonney,OP08-105,onepiece_catalogue_name,1.0.0,candidate_only
onepiece,b66d35de804c7db753c177eadb8d6174994941539efdd6d10008187b66d3332a,762645,Sanji,OP03-102,onepiece_catalogue_name,1.0.0,candidate_only
onepiece,b68a5dbda6c379c9cde9de228c4966a895d682243ec8da99d6b3d454764f3d96,821361,Boa Hancock,ST17-004,onepiece_catalogue_name,1.0.0,candidate_only
onepiece,b6a548dc3712169d746f2064bc36cab6f7647423de593098a06b269dcfd0d0aa,768239,Trafalgar Law,OP01-002,onepiece_catalogue_name,1.0.0,candidate_only
onepiece,b6bcf673201c8bffaf10624d525ad3153e856e2bf26b93bab1f86cf77b047d55,869910,Perona,OP06-021,onepiece_catalogue_name,1.0.0,candidate_only
onepiece,b6e53ca3d905e590ca9223ca5836aaab275a50fe43617eb15a50f4f1cc989882,857344,Portgas.D.Ace,OP13-119,onepiece_catalogue_name,1.0.0,candidate_only
onepiece,b7141d3257e202465d706a6578ffff307077d0e2ee4981d98b31d6b495524095,698836,Koby,OP02-098,onepiece_catalogue_name,1.0.0,candidate_only
onepiece,b7781374b2bd93656b0f14f71797f9b46e114090522ed929497897138ae739a5,733276,Belo Betty,OP05-002,onepiece_catalogue_name,1.0.0,candidate_only
onepiece,b79c8eb09e06baeb12735775d3e22555c9e57596603c39b12f0bd1d2de1cc59b,794687,Shirahoshi,OP03-116,onepiece_catalogue_name,1.0.0,candidate_only
onepiece,b7a150fee5abe710f060fb82dd1722ab404c3adddd7999bacfeb38ae7fb7f415,827266,Shanks,ST16-004,onepiece_catalogue_name,1.0.0,candidate_only
onepiece,b7a567b223e00e4e3508859f6851a9ab9e1d1992cc81d1d4090649536bcbab10,799292,Sanji,OP04-104,onepiece_catalogue_name,1.0.0,candidate_only
onepiece,b7bb81293c9701b25e722f2c41e6a7fbaf1cf47db075a39b0468c68716348eee,768448,Monkey.D.Luffy,OP02-041,onepiece_catalogue_name,1.0.0,candidate_only
onepiece,b7c2fee2bedee811686178f2e631d111df65b3aa9cbe9c87c6f7668bfbf64b54,824451,Ace & Newgate,ST22-001,onepiece_catalogue_name,1.0.0,candidate_only
onepiece,b7d3d9c3e8a0aad7f9ee4ba3fc5ee2aaca19205934f3cbe5915fc1c31f62d639,792761,Sabo,P-073,onepiece_catalogue_name,1.0.0,candidate_only
onepiece,b7d413e40f9c01bdd7fa5cafc361d57f497b9228a5ac5b8b536b585fe7c6470c,865498,Gecko Moria,OP14-080,onepiece_catalogue_name,1.0.0,candidate_only
onepiece,b7d5d17edf6aad62c51bc0edad9822ea22aa9ed0c28b16098202cdf0bcb21839,872232,Boa Hancock,EB03-026,onepiece_catalogue_name,1.0.0,candidate_only
onepiece,b85b9813cc2db98b8a42dda5fffa3cc53e837fbc9695c70e0608257066bcca34,778610,Monkey.D.Luffy,ST10-006,onepiece_catalogue_name,1.0.0,candidate_only
onepiece,b8aed81be1700712e5abc23fe0b52c62a3fd4e28f94a69ac493481d0af0c1e25,852435,Come On!! We'll Fight You!!,OP09-020,onepiece_catalogue_name,1.0.0,candidate_only
onepiece,b8c281460a12ac754efc69c3d238de5bc33d1550545d95121becb23a3c733140,857367,Sabo,OP09-027,onepiece_catalogue_name,1.0.0,candidate_only
onepiece,b8da251ede2fb97a4edd117903ae56be9b69dc22218cc4fd1aedd4d00a120581,870582,Roronoa Zoro,EB04-007,onepiece_catalogue_name,1.0.0,candidate_only
onepiece,b90368bf43a8c8ad5a03afa7d37850f170c3a979415e9af2f0db88ccf562cff0,690932,Queen,OP01-097,onepiece_catalogue_name,1.0.0,candidate_only
onepiece,b91e56afcc7ff5132f002ff71a827c9e8a61bc7c0cb4406306fc0034c4032cbb,874406,Luffy Is the Man Who Will Become the King of Pirates!!!,OP12-039,onepiece_catalogue_name,1.0.0,candidate_only
onepiece,b95168b61f4372a10f6d157f8acb3eb5ed78ce59688995b087f1f3bb14ce7645,802864,Shanks,OP09-004,onepiece_catalogue_name,1.0.0,candidate_only
onepiece,b95544164a671cacea2f411abe5fee1200eaba88beed91744c431d5664d3999d,879909,Krieg,OP15-001,onepiece_catalogue_name,1.0.0,candidate_only
onepiece,b97c6b64c98f39df54e08dc2bdf92b5efdd6b7b80f9354a8feeff04619bf8074,880301,Otama,OP13-043,onepiece_catalogue_name,1.0.0,candidate_only
onepiece,b9891a669b64646f3a31cb4e98929f06828721edc1bf04158ee551d3d0cf1a84,817145,Trafalgar Law,OP10-119,onepiece_catalogue_name,1.0.0,candidate_only
onepiece,b992fb0d28e2f3f91c3032217f3183ca4cea3fd18178d4e0271dbc7db5faff7f,780215,Perona,OP06-093,onepiece_catalogue_name,1.0.0,candidate_only
onepiece,b999f5089dd7e884cfd7776ddabe40511e320099628fc18fc4731f63b59b9138,799271,Donquixote Doflamingo,OP04-031,onepiece_catalogue_name,1.0.0,candidate_only
onepiece,b9a6b77718d6be736e01d0f46965fd87ab4e6c085daa8c221bda415bbc841270,696569,Kin´emon,OP02-025,onepiece_catalogue_name,1.0.0,candidate_only
onepiece,b9b4c7fb3445d1ace9bdd3c8508e556a91a4c34c307117598b1b81a2786dd5a5,821357,Charlotte Pudding,OP08-067,onepiece_catalogue_name,1.0.0,candidate_only
onepiece,b9dcd5dea0b3f898c1d6aa8d6b4b1f645ed9dfcc9f989b4a5a86acb52d7f2525,815155,Charlotte Linlin,OP08-069,onepiece_catalogue_name,1.0.0,candidate_only
onepiece,ba0ec6dae7947636d8810f0f09514cbc647a73f06fc14dbc569b6b59b4234087,842348,Monkey.D.Luffy,OP07-109,onepiece_catalogue_name,1.0.0,candidate_only
onepiece,ba39fc600d1fb33dc0d9b2562ca81fd43160631bbbc6c5cd462cf5ca0e965d2c,805336,Camie,OP06-025,onepiece_catalogue_name,1.0.0,candidate_only
onepiece,ba4fc5881b4c4a7724454f90dc3afad0f99e84e2c0881a50439ae025387f1575,690925,Ulti,OP01-093,onepiece_catalogue_name,1.0.0,candidate_only
onepiece,ba5b55dea3fe248bb23a82fadd997488fe4510b7b21669774981b4fcb6506dc4,882454,Charlotte Pudding,OP12-071,onepiece_catalogue_name,1.0.0,candidate_only
onepiece,ba62f302d9e1302eedb05437ff65f7cdc14afc4b779b00c3caad4a49ab446c85,758945,Jewelry Bonney,OP07-019,onepiece_catalogue_name,1.0.0,candidate_only
onepiece,ba6c7553d1ad770b7ef3bab606ca7b865d70f82f60d7bae4ef07784aff22bca0,874407,Luffy Is the Man Who Will Be King of the Pirates!!!,OP12-079,onepiece_catalogue_name,1.0.0,candidate_only
onepiece,badfe76f7002fa218fa446618868349db4769245829a4002d9b07c2fe5a75e7f,829841,Jesus Burgess,OP09-086,onepiece_catalogue_name,1.0.0,candidate_only
onepiece,bb321060c1d57e3da3f198ef8241bb99552f576248b3cc5a927ed6829a5c9fa4,738956,Monkey.D.Luffy,P-041,onepiece_catalogue_name,1.0.0,candidate_only
onepiece,bb3f15e85960626f9efcd7aa398b75a1c148fcf5df23b018a24b3525a277c515,747526,Zoro-Juurou,OP05-067,onepiece_catalogue_name,1.0.0,candidate_only
onepiece,bb3f1876dd81fa779f7e9323477aa9ca3f2383cc3c52d464bd3b2a8d43a02ec5,781194,Boa Hancock,ST03-013,onepiece_catalogue_name,1.0.0,candidate_only
onepiece,bb45a8f3b423c022efa35f4a8cc1196f3da64971058460057b0cffd640b59371,691074,Donquixote Doflamingo,ST03-009,onepiece_catalogue_name,1.0.0,candidate_only
onepiece,bba80361c5039fc8e12a84154e655b0b79a371d57a9ee9bc0972c43a5fa12509,874399,Perona,OP12-034,onepiece_catalogue_name,1.0.0,candidate_only
onepiece,bbe298e36e9e83779779e2390ca6f873b9b5404985a6b5cb5ccc68f37f6589ea,802976,Marshall.D.Teach,OP09-093,onepiece_catalogue_name,1.0.0,candidate_only
onepiece,bbe912e26271439fb929d89c176ad30fc5c5fff5f7ee5ef89ed1f7180712053b,744890,Donquixote Doflamingo,ST03-009,onepiece_catalogue_name,1.0.0,candidate_only
onepiece,bbed28734dac8edaa60b09b39126051b6f07f15ea2a05dcd1782fd7b679290b4,845627,St. Shepherd Ju Peter,OP13-084,onepiece_catalogue_name,1.0.0,candidate_only
onepiece,bbf80686c0d345648b66c631cb8afde8df2e599ec367b9ba6f1bf3125446f5d0,802338,Trafalgar Law,OP10-119,onepiece_catalogue_name,1.0.0,candidate_only
onepiece,bbfc32bef39c100c458d0bc746479df159be637db338108553a0357dfaedd285,749392,O-Nami,OP05-062,onepiece_catalogue_name,1.0.0,candidate_only
onepiece,bc01d5c5f716785aac4564ab913e6adc3e4f7c08e2da7a3eea31e9d4603eeafe,872172,Charlotte Linlin,EB03-034,onepiece_catalogue_name,1.0.0,candidate_only
onepiece,bc2e6a81d928d78bdb8612a03f658cf6038ef3d3f388af8a6356d7e5c450a736,804377,Roronoa Zoro,OP06-118,onepiece_catalogue_name,1.0.0,candidate_only
onepiece,bc5d2826d85942468c8b5d454b72448db0968b18cf1071da15106cba3057968e,746395,Buggy,OP03-008,onepiece_catalogue_name,1.0.0,candidate_only
onepiece,bc665b7a5cb52ccd6261bc5500bd395464c1e0b280a888ff0935537537af7991,857186,Monkey.D.Luffy,OP11-058,onepiece_catalogue_name,1.0.0,candidate_only
onepiece,bc69b2922d1d8b722967ac0f8ea0f14739f8d12fe039957b9ec01dfe7629e901,699705,Sakazuki,OP02-099,onepiece_catalogue_name,1.0.0,candidate_only
onepiece,bc7864be00df1445dc0ee90c876224d2ddba0dce38c856dbf68d19e7999625df,786302,Shanks,OP09-001,onepiece_catalogue_name,1.0.0,candidate_only
onepiece,bc86e0bc1967a0a9f09323c8af627825b01bf7d0685da3bf00d356d8feb53654,768314,Crocodile,OP01-062,onepiece_catalogue_name,1.0.0,candidate_only
onepiece,bcebd8f030113a2abe07440fe32eb23a986894277e007ed7764b3adbf16b3e1b,799357,Hody Jones,OP06-035,onepiece_catalogue_name,1.0.0,candidate_only
onepiece,bcf379a704912429683bb075a447a3acb110d761ac4f15ffda9b7ebd386a06e6,858344,Nami,EB03-053,onepiece_catalogue_name,1.0.0,candidate_only
onepiece,bd041eace49215d94531008df5b0997d5757b8e9d878af9f09218f0c06a5a91b,768236,Roronoa Zoro,OP01-001,onepiece_catalogue_name,1.0.0,candidate_only
onepiece,bd146246a70e226a2e2adf8ddbe41a919d20f95d48e1962089ad6155f5bc9546,775297,O-Nami,OP06-101,onepiece_catalogue_name,1.0.0,candidate_only
onepiece,bd19aa0c8b7fa47c6ebf46338d35dca1b28900a7a7459206d0e32325d2cd2a1f,865553,Perona,OP06-093,onepiece_catalogue_name,1.0.0,candidate_only
onepiece,bd735eae7921a364d9104be44ed10bd1a6b8d0e9fae0d6a48dcd47b8fc0592b8,827258,Monkey.D.Luffy,OP11-118,onepiece_catalogue_name,1.0.0,candidate_only
onepiece,bd81e4cdc81d581d88ad1a99afc2062ad65f88cd945a9e6cd0d2fccb9d335c37,750630,Perona,OP01-077,onepiece_catalogue_name,1.0.0,candidate_only
onepiece,be200e2631164c69b38815787d42a2b3ebcfe3432f6f3e988c7733dbe1b62c68,857808,Sanji,OP10-005,onepiece_catalogue_name,1.0.0,candidate_only
onepiece,be61fe1d0b0bb86d8bcb3e8f8fbe8c34177aace6695982cee4293acbfccabc21,730036,Monkey.D.Luffy,P-037,onepiece_catalogue_name,1.0.0,candidate_only
onepiece,be7d75ae94ce6caecc0114fc3b740e515eecaf544908e4726945c1419acfdaaa,691231,Monkey.D.Luffy,P-001,onepiece_catalogue_name,1.0.0,candidate_only
onepiece,bea8be219ed44e40043392589a1f432f471a739e5965a8d4a1de8c68042577cf,828456,Jesus Burgess,OP10-085,onepiece_catalogue_name,1.0.0,candidate_only
onepiece,beb6d5975c9d5cd5d498773cfe05b8509c1e4d5bc3d1b8616ad8b7393a1c0ff0,857355,Sabo,OP07-118,onepiece_catalogue_name,1.0.0,candidate_only
onepiece,bede597b12a1a1c513e69c773bd7b0bc7b6e82d5fde637a293be3d637ccda48e,748120,Monkey.D.Luffy,P-041,onepiece_catalogue_name,1.0.0,candidate_only
onepiece,bf439a09d07f08ebeb6c47b2f2260e8cd5b73107081395193f2a14829d541759,875062,Enel,OP15-058,onepiece_catalogue_name,1.0.0,candidate_only
onepiece,bf4424fc6dcb4927f9f1ab42ffe489b3d49632a5064fcca639cb11566afd8cd4,719372,Portgas.D.Ace,OP03-001,onepiece_catalogue_name,1.0.0,candidate_only
onepiece,bf46fd70bf6850388c57f54401cad9272c961f68837747182d1cab2b39230e7b,743265,Killer,OP01-039,onepiece_catalogue_name,1.0.0,candidate_only
onepiece,bfe5b1cad7dbb1f8915b9400e2754969952f0f89eceeaf239c570acb1fc8dc96,840707,Trafalgar Law,OP07-047,onepiece_catalogue_name,1.0.0,candidate_only
onepiece,bff468f1155957ede0d394665e901211f7871da07c17395d94ec2a4162d973a3,815151,Sabo,OP04-083,onepiece_catalogue_name,1.0.0,candidate_only
onepiece,c004a06dbd3756691dd0325d34d953eb58c6d5bcffcac058b366185375894d86,804379,Charlotte Linlin,OP03-114,onepiece_catalogue_name,1.0.0,candidate_only
onepiece,c0112ff2020f36dcd0623b097553c7bbb3efbdf609620fe1876c1878a1c6b1fd,768198,Nekomamushi,OP01-048,onepiece_catalogue_name,1.0.0,candidate_only
onepiece,c0337a166278c6f6b744e92e3bbb330db6d73e68c42ccfe132ff58ee3618b7da,733358,Monkey.D.Luffy,OP05-060,onepiece_catalogue_name,1.0.0,candidate_only
onepiece,c0510b4e6b9f8640f183abba53df3b6326223b42dba35a9a8bb7e2e3420cb47c,803052,Tony Tony.Chopper,OP09-068,onepiece_catalogue_name,1.0.0,candidate_only
onepiece,c05295dea64b1cdc1bfdbb74128a03d05de7c9633e7be580e42380ca0f93673a,778618,Tony Tony.Chopper,ST01-006,onepiece_catalogue_name,1.0.0,candidate_only
onepiece,c0562400e6869ef5f34baec45c7a0ec44ad972530b7f4b3a8b5efac38f4a70b4,808102,Yamato,EB02-006,onepiece_catalogue_name,1.0.0,candidate_only
onepiece,c05df96238de77a5b39b2e22947c94bef75a0f270e5bb371407d08c551255095,803088,Portgas.D.Ace,ST13-002,onepiece_catalogue_name,1.0.0,candidate_only
onepiece,c08f5e293a4501fa492f3088508e8574d55402ba55a708b859b45eb992574dfc,848346,Boa Hancock,OP07-051,onepiece_catalogue_name,1.0.0,candidate_only
onepiece,c0a2e528a4fa406b06eb23c07bda9b0de2ee7070750937d9459d4dcaa5aabbac,865450,Jinbe,OP14-040,onepiece_catalogue_name,1.0.0,candidate_only
onepiece,c0af8c11f77ce9afaf9cdc5bdd290ac7b2710517f84a21ae979931af5930ee20,839487,Boa Hancock,PRB02-017,onepiece_catalogue_name,1.0.0,candidate_only
onepiece,c0d128e0cd4152c2210d7219fb8540e0df170ddd8ac110437d249cb80784538d,752039,Franky,OP01-021,onepiece_catalogue_name,1.0.0,candidate_only
onepiece,c0dd27af0bf4f92918bae3696aaaad880cb1adae4bb13baae5a29dfa67cbad2a,865625,Shanks,OP09-004,onepiece_catalogue_name,1.0.0,candidate_only
onepiece,c0f074aaf01339e0e909c8b8eb10d5160da1d20c85f2da205e8e90a37bfe0245,845683,Sabo,OP13-120,onepiece_catalogue_name,1.0.0,candidate_only
onepiece,c116e65cd010eb6b565ae6349399f99d7d748a571ab2226271d79d8bdacc497c,766647,Monkey.D.Luffy,P-041,onepiece_catalogue_name,1.0.0,candidate_only
onepiece,c14db8f65bd36c2331274eb9b74eaa4b338b1ac7df3127d17cb0a78d8ac141f8,827265,Silvers Rayleigh,OP09-005,onepiece_catalogue_name,1.0.0,candidate_only
onepiece,c1697499e396b16f0d214b99dd5a45062adb857b8a96fe875f1616c52f7e2d94,786548,Gol.D.Roger,OP09-118,onepiece_catalogue_name,1.0.0,candidate_only
onepiece,c17838a78184ba79f6b39096bd40cc2d8bbf23407596223bcc4665e7c18c1f25,775293,Donquixote Doflamingo,OP01-073,onepiece_catalogue_name,1.0.0,candidate_only
onepiece,c1b416a041033faebfd15029e6b769a4af919b154bb23e35ade1793cda3a7f28,818269,Tony Tony.Chopper,EB01-006,onepiece_catalogue_name,1.0.0,candidate_only
onepiece,c1b4dc86151b2f85e078f39b14249acfa921f074938ef63fbc8ebf2bddc28d22,878059,DON!!,Kumamoto 2026 Sanji,onepiece_catalogue_name,1.0.0,candidate_only
onepiece,c1cb2979fb6656af270604d22b20321f60372c60d8527123e1074921b757a76c,746302,Vinsmoke Reiju,OP06-042,onepiece_catalogue_name,1.0.0,candidate_only
onepiece,c1db77fc8ba2378f4b2a6c3b8f369c393f5db72dc00ac2594c806998a2d58e99,717514,Tony Tony.Chopper,ST01-006,onepiece_catalogue_name,1.0.0,candidate_only
onepiece,c1dcafea9f55f60e6537498400e0950e84cef7d27be63622d954dec2888631a8,767956,Kid & Killer,EB01-003,onepiece_catalogue_name,1.0.0,candidate_only
onepiece,c20c22d1d86225ef641baef3b14e05e31dc91f655e3fb9add982c1915ed8bb9c,758918,Izo,OP03-003,onepiece_catalogue_name,1.0.0,candidate_only
onepiece,c2452225df443487f2f245cf3e4ce61fe91cd4f89231a77c01628999c8c95244,808187,Boa Hancock,OP07-038,onepiece_catalogue_name,1.0.0,candidate_only
onepiece,c264ed144dd1f91a75fc1547c053fd6142b1ba669b5569dd2de2b9ddcae8b9af,720063,Kaido,ST04-003,onepiece_catalogue_name,1.0.0,candidate_only
onepiece,c269225e6b9aa50948824fa64d315ece64d7b7cef2db24b84454dc65de1766e3,871497,Borsalino,EB04-058,onepiece_catalogue_name,1.0.0,candidate_only
onepiece,c277210b230e4f50abfa6d2207a003e9be31d002db19db35f4f62ff0a238ef22,719385,Iceburg,OP03-058,onepiece_catalogue_name,1.0.0,candidate_only
onepiece,c286c99a002d735cc0e906a113b87d41a07098df856b1fd858b2d57412eaf4b7,750622,Nami,OP01-016,onepiece_catalogue_name,1.0.0,candidate_only
onepiece,c28d4abd71d9833365f9ddabd5a1480f3e3530bba0284e6b5d81d0a8db6c81cd,775438,Boa Hancock,OP07-051,onepiece_catalogue_name,1.0.0,candidate_only
onepiece,c2b777afceedf38bb7499ee5f76fb127bf6fbd9e01a27f63443ad876e9b977d5,842333,Scratchmen Apoo,EB01-015,onepiece_catalogue_name,1.0.0,candidate_only
onepiece,c2b8cec20175faede70069223d7832b63571ba34b1c2e4dfcb0e0fcd6496129e,749419,Conis,OP05-104,onepiece_catalogue_name,1.0.0,candidate_only
onepiece,c2b93c346f91912b31029e42ddee8ffbf050dad6b9dcb0cbba51bb6dc922dbd6,733274,Sabo,OP05-001,onepiece_catalogue_name,1.0.0,candidate_only
onepiece,c2bdb60b8d8a526678391db45cfa3f9695b989e1bf89c84f3aa79ca857ca07de,804824,Monkey.D.Luffy,P-080,onepiece_catalogue_name,1.0.0,candidate_only
onepiece,c2c6b78561ec24285d1962f04d6233f47cdf52e470a2180c75c7cc2570e7b444,699939,Buggy,OP02-058,onepiece_catalogue_name,1.0.0,candidate_only
onepiece,c2ebd8826c7a223b6c2788a9a57bb4fb32cb0dce65b2abbb70ce53d4e992051e,691238,Monkey.D.Luffy,P-007,onepiece_catalogue_name,1.0.0,candidate_only
onepiece,c311fa7a573c9bd50c4096d29dca35f834f480abcf7eaa25e5d9557420b8bc5d,852328,Gum-Gum Rain,OP02-068,onepiece_catalogue_name,1.0.0,candidate_only
onepiece,c32cae587dd57f5c609eedf61e609bf791cf4a7b7189f63ea42726155b9b1f3d,829844,Nami,OP10-033,onepiece_catalogue_name,1.0.0,candidate_only
onepiece,c33a6acb36ebaeb38ec2dcdaaf2b70d268c45fd2949f83422e13fbeecd65788c,815149,Portgas.D.Ace,OP02-013,onepiece_catalogue_name,1.0.0,candidate_only
onepiece,c35c5b97657cdd85b8f08ee7b820af4d646340b9dac29b6e81136d781539b36c,855002,Monkey.D.Luffy,OP07-073,onepiece_catalogue_name,1.0.0,candidate_only
onepiece,c368195a81cf054ddf85550911157e19079199d66155dbec68a59aa9b91c86e1,719991,Nami,OP03-040,onepiece_catalogue_name,1.0.0,candidate_only
onepiece,c368945c283ce5c52a2f29b752b8fcb0929bcf86852c752820d09cede387c347,787476,Kaya,OP03-044,onepiece_catalogue_name,1.0.0,candidate_only
onepiece,c39b1792e27b77e120d28d571e064b5b452f7c89c875d1583e884129255f71bd,781175,Nami,P-053,onepiece_catalogue_name,1.0.0,candidate_only
onepiece,c3ad8fda190283a09a883cc068dc3befc7239fa2f6820256faab228f37efd43a,888107,Nami,OP14-031,onepiece_catalogue_name,1.0.0,candidate_only
onepiece,c3b1327f54ea95cdd5bb12d401bbd6182ce3a880f165883b571ecc8a88696994,837224,Monkey.D.Luffy,OP07-073,onepiece_catalogue_name,1.0.0,candidate_only
onepiece,c3b28bcaa1206e1106649ec56a243d6d8fe74e44c5ed37ec19e3edb7e418a696,872196,Nami,EB03-053,onepiece_catalogue_name,1.0.0,candidate_only
onepiece,c3b5d1e7297cd4b3713ca693c80dfb3ae6cdf9104d3db9db1df8adc14fbcf6c7,799349,Monkey.D.Luffy,OP05-119,onepiece_catalogue_name,1.0.0,candidate_only
onepiece,c3c09c6b4f46098a8570797be3ebc096bf04b2b6efc4dddc641fb5a14e66ff7e,749391,Uso-Hachi,OP05-061,onepiece_catalogue_name,1.0.0,candidate_only
onepiece,c3eb8f1ccca9647d3d107dccfbc58e7c7ff2c8ac5a183a03783c5e13481fdce2,787510,Yamato,P-046,onepiece_catalogue_name,1.0.0,candidate_only
onepiece,c3f0569a820e56929e128a16fb5714c8e5fec3835b87f52304d37047da29bab4,786553,Monkey.D.Luffy,OP09-119,onepiece_catalogue_name,1.0.0,candidate_only
onepiece,c3f2ef8e5c6fac16ac3487d4eef0a844dc327650408bd9e9bc28be837b7182f1,799337,Satori,OP05-105,onepiece_catalogue_name,1.0.0,candidate_only
onepiece,c41ada4f34a42702750dcc9d2d068fd7b814f3a89802352c4fc4f2de09f9a0c2,752024,Sanji,P-034,onepiece_catalogue_name,1.0.0,candidate_only
onepiece,c4505bd318c63bb6fdfe5c69bee2a61e3d7749a52559c94bce1af1408d74b308,817419,Nami,OP11-054,onepiece_catalogue_name,1.0.0,candidate_only
onepiece,c465b54b5f02db37e75c1eeab41fb0e75d518e34e5400d664b781a7d0f6ff2c6,878020,Monkey.D.Luffy,P-099,onepiece_catalogue_name,1.0.0,candidate_only
onepiece,c4729297c33e70a4536e3b9fcfb42815b32ba251f8cab4d58a9a5b504c1ed8ce,747530,Trafalgar Law,OP05-069,onepiece_catalogue_name,1.0.0,candidate_only
onepiece,c472fd9be6b72fe3d602691ecba11e4a520d02ccf7a56f5ae4df7524a5c59ce1,717509,Usopp,P-049,onepiece_catalogue_name,1.0.0,candidate_only
onepiece,c506f3640f1e5a366f8f2f1667f9f7188931e18210da512a598c25f3532ff2c6,733376,Trafalgar Law,OP05-069,onepiece_catalogue_name,1.0.0,candidate_only
onepiece,c55fefabc483843b0fafdd597d6f70b92022be2c50d7747251340f44749dcc5e,767954,Kouzuki Oden,EB01-001,onepiece_catalogue_name,1.0.0,candidate_only
onepiece,c57d52609d815206ab52c96eda26278885951d3843dbf718c9ed352baf31dd50,874423,Boa Hancock,ST17-004,onepiece_catalogue_name,1.0.0,candidate_only
onepiece,c5e1e826535275562d91a3bc92a8fb29b160cbc47c43299eae8e7259a04657af,828305,Crocodile,P-082,onepiece_catalogue_name,1.0.0,candidate_only
onepiece,c5e88809309f34d587517c803df8d48ff2128d24bbf8af3db5aa0b8fbb4f2bc5,853520,Nefeltari Vivi,OP13-012,onepiece_catalogue_name,1.0.0,candidate_only
onepiece,c5eee80771b17195d7171c53a984eb81e0537a381a8961abcc8b618cc08b6bf8,818084,Shanks,ST16-004,onepiece_catalogue_name,1.0.0,candidate_only
onepiece,c6777639302ef6d3d5a998d9144787b42829e56bbf42de1dc07ebc2a5e8e1d97,804370,Kaya,OP03-044,onepiece_catalogue_name,1.0.0,candidate_only
onepiece,c67b6e98d5bedaeb7d5fe6f808e8ab167f2d2007d0c0cca8655bcb9cf359d360,758920,"Eustass""""Captain""""Kid",OP05-074,onepiece_catalogue_name,1.0.0,candidate_only
onepiece,c6ebc6b0650eef32b4e3b45c66d4631049ee7e174d733461901c6ab9f927b800,828349,When You're at Sea You Fight against Pirates!!,OP05-076,onepiece_catalogue_name,1.0.0,candidate_only
onepiece,c6ed0148105eb8b20a8969cd32819ad96ef84ce15baaaf257f24d75803591465,861945,You'll Frighten Me...,OP14-118,onepiece_catalogue_name,1.0.0,candidate_only
onepiece,c6f1b2fcea788eb78d485e96c3f9ad23299ae6c0c12f8e79672d127c5ea1f3fc,802161,Urouge,OP07-021,onepiece_catalogue_name,1.0.0,candidate_only
onepiece,c70da73f93e616a140087be15c2aa6e2685410dc736668a7769e7a8e9bc2d50d,858367,Nico Robin,EB03-055,onepiece_catalogue_name,1.0.0,candidate_only
onepiece,c7571ab389986bab5139897222aa405f9ffb191bdf180910267e4710f3f6cf55,766215,Sabo,ST13-001,onepiece_catalogue_name,1.0.0,candidate_only
onepiece,c76115810ae5cea56fffd1e935e804caf3ddc8c09811e214728793b7aa07ead5,826293,DON!!,2024 World Championship Finals,onepiece_catalogue_name,1.0.0,candidate_only
onepiece,c784fed1f70b6ca2c5efc63e75a034b499e44d5231f5bcd0b9f40d9d2df582f4,830372,Marshall.D.Teach,OP09-093,onepiece_catalogue_name,1.0.0,candidate_only
onepiece,c7a09cf0f31fceb5a08b770dbc189068e377b86686b5d89b8f69490d019e96a1,823519,Belo Betty,OP05-002,onepiece_catalogue_name,1.0.0,candidate_only
onepiece,c7a8888f40ab349398962def708356f1d7956ec4df54080b1604793a2aaba67c,788014,Nami,OP08-106,onepiece_catalogue_name,1.0.0,candidate_only
onepiece,c7abfb8dc7b1d5bb6a4392ba112837dd8a883d721c6633782fb7cc2932c0e0d1,853519,Nami,EB02-017,onepiece_catalogue_name,1.0.0,candidate_only
onepiece,c7ad3e797ae8cd2cb6d23afca52810805e23a55a360978cc12bbff7ce897af4f,821359,Rob Lucci,OP05-093,onepiece_catalogue_name,1.0.0,candidate_only
onepiece,c7b418ca334b5e1c167dbf2cd94b5c32f1e53cfd63c4f2d05d15f6d2a7b2d791,760580,Gecko Moria,OP06-080,onepiece_catalogue_name,1.0.0,candidate_only
onepiece,c7c466b52db5c55359abeb352ae0de1d237df57ade0ae8177f46678df2d086d4,799324,"Eustass""""Captain""""Kid",OP05-074,onepiece_catalogue_name,1.0.0,candidate_only
onepiece,c7ff08f5009eda6207a577b49eb1f3edd1b5d1c7eb1e47e745b77c0f2c36f8ad,749405,One-Legged Toy Soldier,OP05-081,onepiece_catalogue_name,1.0.0,candidate_only
onepiece,c804123dffc6d6083b602bde69b09c92a3280d08bc0cc74dbc69e64dd798254c,743381,Jewelry Bonney,ST02-007,onepiece_catalogue_name,1.0.0,candidate_only
onepiece,c82e8a14ddc37eaf2514a19fd9ae9437fd0cdb091159cb6dcbb4f9c18a111b9c,830240,Boa Hancock,OP12-014,onepiece_catalogue_name,1.0.0,candidate_only
onepiece,c84b89cf363c98289d05d56223ce4813fd5b98a51d0bb2e89690077df389d13c,696657,Black Maria,ST04-011,onepiece_catalogue_name,1.0.0,candidate_only
onepiece,c8779d15c69795e05cf2ad0cbf4441a34229f90558e951f350d4d731d223457b,859005,Sabo,OP13-120,onepiece_catalogue_name,1.0.0,candidate_only
onepiece,c8b430bb996332a9e48edd9c63d6f08653334ddc0cf5c41a93e4ddc62d459ed9,799431,Kaido,ST04-003,onepiece_catalogue_name,1.0.0,candidate_only
onepiece,c8c68ef5892248a4b0b92a4b7ab40c9d2017f2feb834222e5fc0b9e133983ed0,865644,Zoro-Juurou,ST18-004,onepiece_catalogue_name,1.0.0,candidate_only
onepiece,c8ca9c8b4947c952a07bced6bc19f29089d9e6b1eb038a3a1d0ac8e35f693ded,865632,Roronoa Zoro,OP12-020,onepiece_catalogue_name,1.0.0,candidate_only
onepiece,c8ee63156316dcc1e954979a5edc07b4e54ddf6ed55a07c23fcd7327f60404d5,733190,Monkey.D.Luffy,OP04-090,onepiece_catalogue_name,1.0.0,candidate_only
onepiece,c90a577bcc2d06e80c4f4cfbb4d657fd03d459cb39ea0461e1c2fd6506a8bd19,814900,Marco,P-071,onepiece_catalogue_name,1.0.0,candidate_only
onepiece,c90afda30ff6cd0b9a2e7ecc2264484360ab3b0e10fb9935726aca611c359d82,879978,Enel,OP15-058,onepiece_catalogue_name,1.0.0,candidate_only
onepiece,c9446e2d59aa5428bd23db14438f894c37bfa2fc015a51717dd48d7317e7c47c,690901,Donquixote Doflamingo,OP01-073,onepiece_catalogue_name,1.0.0,candidate_only
onepiece,c946edf16e8e4d21d7af1c04a1de0b72b9a10c32eabf2ca79194d48ca86a1f71,857350,Sabo,OP13-120,onepiece_catalogue_name,1.0.0,candidate_only
onepiece,c94ed20a439f88505565b265c781c95c285c809a9ac60d64ee87f5c6e3b0a485,870417,Ryuma,P-072,onepiece_catalogue_name,1.0.0,candidate_only
onepiece,c94ff1579582024fc91176877150c8d83de63b755068ebc932ef4bde65e1060c,696678,Trafalgar Law,OP02-035,onepiece_catalogue_name,1.0.0,candidate_only
onepiece,c97f8086d1cd0f248a32cdc422a8066333cf68eaaade716c7d85b3fe3a3c6c1c,845305,Roronoa Zoro,OP10-095,onepiece_catalogue_name,1.0.0,candidate_only
onepiece,c9b3ef86b04ea23fcf2b2e0cff499c674f79fa4d9940e2b250ede1c7b4fb04aa,773422,Yamato,OP01-121,onepiece_catalogue_name,1.0.0,candidate_only
onepiece,c9ce66c7ce45a08906651cbb99c5287be1e22a6d7d0e8f96d667516cf81c319f,775493,Sanji,OP07-064,onepiece_catalogue_name,1.0.0,candidate_only
onepiece,c9ebc16bba0503d158843a5bfc2a0bee513f16e5dda32ed9cffac0dedfd87e82,871496,Borsalino,EB04-058,onepiece_catalogue_name,1.0.0,candidate_only
onepiece,ca0c313f3fb117e313e2c1a8655dd4d120273e3f7e5fb82754dee19eafe9175c,857361,Smoker,OP10-030,onepiece_catalogue_name,1.0.0,candidate_only
onepiece,ca0f9ac5411f9392538960dee4caa7c02a5c4d0f14136b73b792f20c798550e1,760331,Monkey.D.Luffy,OP06-013,onepiece_catalogue_name,1.0.0,candidate_only
onepiece,ca407c9ad8992ef8a0ab99ac23d762b67216b01a9c75cef90dacb027cacd0add,817027,Divine Departure,OP10-019,onepiece_catalogue_name,1.0.0,candidate_only
onepiece,ca836058cf41d842518e3b3397bb180d8c51133f987786528e553a955438e2e2,787868,Carrot,OP08-021,onepiece_catalogue_name,1.0.0,candidate_only
onepiece,ca8eb918acee8ca1f3925bdbf923ba7aa73bfab09673a91996e00b56616b7af1,842995,Nico Robin,OP12-087,onepiece_catalogue_name,1.0.0,candidate_only
onepiece,ca9c286dbc8e3a351986c1ef15a521e4da60c06f28445c71c9cb12e130af5ff7,852463,My Era...Begins!!,OP09-096,onepiece_catalogue_name,1.0.0,candidate_only
onepiece,cab3467b7156976fb02b9c359090e75d50d47e4613166f25c7af09bceae666d5,752059,Nami,ST01-007,onepiece_catalogue_name,1.0.0,candidate_only
onepiece,cace893ccae6e5075981e2bd0d9cbe108f0398ee5bf3ae0c551807b69a1ebaf4,691014,Thousand Sunny,ST01-017,onepiece_catalogue_name,1.0.0,candidate_only
onepiece,cb0d18bd38daf62030c38e9ca350a30370e9053282d7f5003308c13570b96503,750515,Charlotte Linlin,OP03-114,onepiece_catalogue_name,1.0.0,candidate_only
onepiece,cb1f7563bcb6c2d756f4e2169754eb63260ad2779a3445d9d7d5f3fb64d8d56e,775549,Rob Lucci,OP07-079,onepiece_catalogue_name,1.0.0,candidate_only
onepiece,cb3fe31fee4a20b78f311d6bd6ff86ac289cff506d2ddf0e41f4828cc34d81b4,857248,Boa Hancock,OP13-051,onepiece_catalogue_name,1.0.0,candidate_only
onepiece,cb4359d8c80b5f33039dfcfa064894aafa3639a8f6bc981c0d9bac1c2fceaebe,773706,Tony Tony.Chopper,ST01-006,onepiece_catalogue_name,1.0.0,candidate_only
onepiece,cb58b381780691b35b3ac6ffc5b46294737531253c17efeabcb41436802d252b,768387,Shanks,OP01-120,onepiece_catalogue_name,1.0.0,candidate_only
onepiece,cb5b895460cea336d4734268bb92829735b1a8e22e64fd50c580a3b6b6ea1a77,692239,Monkey.D.Luffy,P-007,onepiece_catalogue_name,1.0.0,candidate_only
onepiece,cb68b308f46a000239a88f68374321b1807c80f650cdecc298c4394790d791da,766642,"Eustass""""Captain""""Kid",P-003,onepiece_catalogue_name,1.0.0,candidate_only
onepiece,cbec3ba8658cf0c42a5a2ef3445e688fd0907129b3a5520430b0b32a6309443f,880744,Nami,OP11-054,onepiece_catalogue_name,1.0.0,candidate_only
onepiece,cbf81818b12952e4356dd0b230ff9b962c1082802b9d2849967e63679f25764a,852546,Gecko Moria,PRB02-013,onepiece_catalogue_name,1.0.0,candidate_only
onepiece,cc01e76d7b9b9812ddb09a533d43b101ac2d7ee4819c79030db343af51141037,821350,Spandine,EB01-043,onepiece_catalogue_name,1.0.0,candidate_only
onepiece,cc3aa36099252d6bfb337f5a34d2ac19ece22e47975bf56e1c62b3e4ccc9fb46,775640,Portgas.D.Ace,OP07-119,onepiece_catalogue_name,1.0.0,candidate_only
onepiece,cc53df3bd75e842df75310f369129ffc7b83e678f2b2dbf7643ada95db717bdb,750518,"Eustass""""Captain""""Kid",ST10-013,onepiece_catalogue_name,1.0.0,candidate_only
onepiece,cc762691447de219e7060388a05669703e2586a67e5a6aea3e0c321186e45a40,808799,Boa Hancock,P-066,onepiece_catalogue_name,1.0.0,candidate_only
onepiece,ccb715e1c3adf3555e59fd18605447b955f2cdf6271a36bd2f95085f7907a15e,875121,Nico Robin,OP15-109,onepiece_catalogue_name,1.0.0,candidate_only
onepiece,ccc63c231fa0ec9a5f057f40f85c1c55a64fc276f4004ba6e6c1dc7e0cf11843,773424,Charlotte Linlin,OP03-114,onepiece_catalogue_name,1.0.0,candidate_only
onepiece,cce92f901f0be88aa70a3c081b2d8ef64994d7c08d75beb6f7e025e9483a9096,842961,Boeuf Burst,OP12-060,onepiece_catalogue_name,1.0.0,candidate_only
onepiece,ccea6e2f4a823c36845afcec682aa86083e7984790c6f001a264205516ee803e,732297,Roronoa Zoro,P-056,onepiece_catalogue_name,1.0.0,candidate_only
onepiece,cceb2c8111ce852c09750232fee9d17fff62cb74f1227ae3560b49f4cfa859a6,787496,Kaido,ST04-003,onepiece_catalogue_name,1.0.0,candidate_only
onepiece,cd2d5af00fc62903823e629afe578542feef23b543549f943d6eaaeeacbbd40a,690958,Shanks,OP01-120,onepiece_catalogue_name,1.0.0,candidate_only
onepiece,cd317356c7dc2b702295928a13145360e80607a8a9560caecff5f106e105f77c,749403,Viola,OP05-079,onepiece_catalogue_name,1.0.0,candidate_only
onepiece,cd4afcaae5f6d74625b97e0fef1c17c32b67027da54d23209c44cc2a8bd5ad81,826292,DON!!,2023 World Championship Finals,onepiece_catalogue_name,1.0.0,candidate_only
onepiece,cd4b60bfe77dda8077e2e7131986ac3078f33aef34db3d9e32b33edf66e33ae2,749397,Fra-Nosuke,OP05-070,onepiece_catalogue_name,1.0.0,candidate_only
onepiece,cd6b88facbcbc80c611b57c702b2a1e1672db8671e7fde32847fb21fd3a9e80a,767969,Cavendish,EB01-012,onepiece_catalogue_name,1.0.0,candidate_only
onepiece,ce048fda6c98d0a437a571024a70ca5cfe38d2a0c3187f2cc25e5f99f97b063b,817031,Trafalgar Law,OP10-022,onepiece_catalogue_name,1.0.0,candidate_only
onepiece,ce1072efee4300ad89ec2d51ea146dff2858148d045974c5c2ca591ada1e8f5d,744892,"Eustass""""Captain""""Kid",OP01-051,onepiece_catalogue_name,1.0.0,candidate_only
onepiece,ce235e36dd597d61ad00c2613ccfe84acc69747386e0e6d8b8115daf4d7301aa,817102,Kuzan,OP10-082,onepiece_catalogue_name,1.0.0,candidate_only
onepiece,ce3e9d53411f303d5d28d1cb16a860d9e0e607a2c54c00aef702fb908dc2365d,884695,Monkey.D.Luffy,OP10-111,onepiece_catalogue_name,1.0.0,candidate_only
onepiece,ce554bfb26f1cc4edf04cb0a042063892d9d9fa79e2430118caf7730127cab6c,842364,Shanks,P-083,onepiece_catalogue_name,1.0.0,candidate_only
onepiece,ce5bcab502eeb69311c32eb2274c53b310af219fa390f9da451cb36923d0c8c7,799329,One-Legged Toy Soldier,OP05-081,onepiece_catalogue_name,1.0.0,candidate_only
onepiece,ce7cf95d35600d99edafbb75b4475ad572f8c235fd55ebf8704c1a771431d945,781018,Yamato,OP01-121,onepiece_catalogue_name,1.0.0,candidate_only
onepiece,ce9a494854f989d3e64a0be6e100d11b3efd20f241618f28dceb412815d123ae,780998,Nami,OP01-016,onepiece_catalogue_name,1.0.0,candidate_only
onepiece,ceb0fbd6025321a3102e616f3f9608dfd03cec60ddcbd061131869ef52e1e434,882473,Monkey.D.Luffy,ST21-001,onepiece_catalogue_name,1.0.0,candidate_only
onepiece,cec8d5428ca426a7dfe7eff03f014c341212d6ac64e327df957bacec3cab4f0b,773703,Sanji,OP01-013,onepiece_catalogue_name,1.0.0,candidate_only
onepiece,ced6d5954632fe323a3b3cdb05011f616f3d9aed19d79e7ed0038a14908a433d,884456,Monkey.D.Garp,P-054,onepiece_catalogue_name,1.0.0,candidate_only
onepiece,cf77fe368d21257d2ea11d9e6dd6c0423be741ae21dd5c70909e269ad6cdffeb,843037,Marshall.D.Teach,OP09-093,onepiece_catalogue_name,1.0.0,candidate_only
onepiece,cf98da6dd4fa7479d9c6cf2f9d0166dfc401d8c529eae936cc511c46b24d4513,768392,Yamato,OP01-121,onepiece_catalogue_name,1.0.0,candidate_only
onepiece,cfdccd959622847959f7484d0947d5959d07f22b35a738daf67bd4c283b9e5fb,787537,Brook,ST01-011,onepiece_catalogue_name,1.0.0,candidate_only
onepiece,cfe45da038fd33c10a3401427b5f5649bef660e8950ab8e3ec59e29e7d9185e1,802936,Monkey.D.Luffy,OP09-061,onepiece_catalogue_name,1.0.0,candidate_only
onepiece,cfe4ed59107ab6024ca99757b8cc90c21c29456f4acbacb77a0bba2b6718cc77,880054,Enel,EB02-052,onepiece_catalogue_name,1.0.0,candidate_only
onepiece,d00397a4dfbe1a1d6f82f199b5feee6320e47d460aa6be313d4076d8f9513492,696338,Nami,OP02-036,onepiece_catalogue_name,1.0.0,candidate_only
onepiece,d009b23086ad56ce60f7dca60111ce5a7ac7fcbd573b4a3c1ff8ccfe8b36f4be,858516,Sanji,OP09-065,onepiece_catalogue_name,1.0.0,candidate_only
onepiece,d027476d9312850af0c0eeb7ad0e56a495c76575adb24faf3ae57b2a6b38ea49,805348,Drum Kingdom,OP08-020,onepiece_catalogue_name,1.0.0,candidate_only
onepiece,d03810fec3ec81871c2168362909f3f7dde0922e83869ad034817ff595eb5672,768253,Sanji,OP01-013,onepiece_catalogue_name,1.0.0,candidate_only
onepiece,d07760747dde8f04d4b503431274e729fb2b5296329b3a3e6c136b2a63236d79,845689,Shanks,OP09-004,onepiece_catalogue_name,1.0.0,candidate_only
onepiece,d0945f27f809cb4eba6d00e1462241eb7264c31e753718b55ab7042f58c1b1b8,858358,Trafalgar Law,EB03-062,onepiece_catalogue_name,1.0.0,candidate_only
onepiece,d094d96cd5946061a076023c0c8f138ac0f411eb48e806961519ea67262e6883,755418,Trafalgar Law,OP01-047,onepiece_catalogue_name,1.0.0,candidate_only
onepiece,d0de9b3b846c00a6e4c994db2727022f0255323d1b2b5fe0ed7494e2d40b2b92,827087,Doll,OP11-008,onepiece_catalogue_name,1.0.0,candidate_only
onepiece,d0e583183452dd1c0fe75012047078a8b13a937fcda903cd301200ea46d8a340,794704,Tony Tony.Chopper,OP01-015,onepiece_catalogue_name,1.0.0,candidate_only
onepiece,d10814618a1457beb30ecc68d6fd342124fc9b3c2a6999f487d136d0cb97e7a5,827261,Koby,OP11-119,onepiece_catalogue_name,1.0.0,candidate_only
onepiece,d11f8e1b92a1612621cde5fcf2ece5ec465b99d6dd4e9c4236a687ea07ea96e6,740392,Trafalgar Law,ST03-008,onepiece_catalogue_name,1.0.0,candidate_only
onepiece,d1215a1538f7d1648022122af63e9d7f2fb0bdf5892c8b61844993246f663d09,808720,Nami,ST01-007,onepiece_catalogue_name,1.0.0,candidate_only
onepiece,d12919675ed383da6f28a763ff0dee107efb530601059cae1901c280d150852d,773421,Kaido,OP01-094,onepiece_catalogue_name,1.0.0,candidate_only
onepiece,d13a6379e017dcc77d31aa82958534215bbae11041bd3f5fc503fab2e997c0d3,740388,Monkey.D.Luffy,P-001,onepiece_catalogue_name,1.0.0,candidate_only
onepiece,d171af592138e9f8675b36b9adc8542a8a018e0abff5449dad9820da2635d154,871175,"Eustass""""Captain""""Kid",EB04-039,onepiece_catalogue_name,1.0.0,candidate_only
onepiece,d1879bf2f4234d8d969f56f399a625cd5b962ab82ebba884d41c991638b363e6,858362,Boa Hancock,EB03-026,onepiece_catalogue_name,1.0.0,candidate_only
onepiece,d1be81532cb267bd4618f5719871bfa416c5138ff057ffff3abc936a5a19ebae,823530,Jewelry Bonney,OP07-019,onepiece_catalogue_name,1.0.0,candidate_only
onepiece,d1c0b4975aeb4aa63c10599c342043fbf77e7a32366121b9f32dca8bf3ede2df,857315,Jewelry Bonney,OP13-100,onepiece_catalogue_name,1.0.0,candidate_only
onepiece,d218f0c0744c654a16483ca5e1d785f9f243e9bf7ef7b24fbf171ccbf622eedd,786294,Donquixote Rosinante,OP04-119,onepiece_catalogue_name,1.0.0,candidate_only
onepiece,d21ec4504bcf63bdb942211698509fbdda643db1cffcdd2cdd14b619c508bdd8,808094,Kyros,EB01-040,onepiece_catalogue_name,1.0.0,candidate_only
onepiece,d233a8319b5084256ebb1e51178fd324b49e00f245730c48fab7c283d17bca1f,750649,Monkey.D.Luffy,P-041,onepiece_catalogue_name,1.0.0,candidate_only
onepiece,d2b006bca601a36d514a4044dca43cd1c9a801a362c21e039f1ebd470af3e78b,799310,Belo Betty,OP05-015,onepiece_catalogue_name,1.0.0,candidate_only
onepiece,d2dd85cbf8b2b37e8db19e8e31de6925300294181865e94d602159eaccd56ec0,780999,Monkey.D.Luffy,OP01-024,onepiece_catalogue_name,1.0.0,candidate_only
onepiece,d30887840741672e62e3c315c97a2b4a9b553ca1299551a18aaba855d7558413,845296,General Franky,P-027,onepiece_catalogue_name,1.0.0,candidate_only
onepiece,d30abc936fc64c9d9ab40379cabf75de244b2fa62dd1b2897d875775959d650e,865474,Donquixote Doflamingo,OP14-060,onepiece_catalogue_name,1.0.0,candidate_only
onepiece,d3380a66f6c9760138f0b43c6ad656bceb81aeecdcb77204fd6153ee915d846e,749387,Monkey.D.Garp,OP05-054,onepiece_catalogue_name,1.0.0,candidate_only
onepiece,d33a196d4778c4ecaeb307b9201df6acd5f536cb329abfc4aeed2853fe1a586f,874502,Sabo,EB02-002,onepiece_catalogue_name,1.0.0,candidate_only
onepiece,d360aae0eb45d8eb89eac28bda49df60d7114c9ea3e988741ea21131c538646a,760605,O-Nami,OP06-101,onepiece_catalogue_name,1.0.0,candidate_only
onepiece,d3688a215f7580d7a3c4fa946be04706b218d00da6e291850df584c67d84f7f5,690882,Donquixote Doflamingo,OP01-060,onepiece_catalogue_name,1.0.0,candidate_only
onepiece,d3938b522f5236f63552ba0ac0b09f54d2c308591deb16aa122d9162ffaad791,880018,Monkey.D.Luffy,OP15-092,onepiece_catalogue_name,1.0.0,candidate_only
onepiece,d3a61a52c6d13a7de61b7608346b7638c32ff29ed01431488abfbb026b27047e,749429,Upper Yard,OP05-117,onepiece_catalogue_name,1.0.0,candidate_only
onepiece,d3a692cedbfb1d5644b576caad7bc996f27cbf0cee8b9d77d6fd11b1b653adbd,719394,Charlotte Linlin,OP03-077,onepiece_catalogue_name,1.0.0,candidate_only
onepiece,d3af9895bf270d8a99396dcdcfb89643320faff714e7e119662a6f1d5670e363,786421,Buggy,OP09-051,onepiece_catalogue_name,1.0.0,candidate_only
onepiece,d3ea355505f1c1f6d4820c2ae053d7fce21607ece7997c9d9c101cb579adc718,830642,Monkey.D.Luffy,OP05-119,onepiece_catalogue_name,1.0.0,candidate_only
onepiece,d3f0dcde716a953ac3ebcb33f8cdbd00f39437e0e18875a234a6e873dcf034e6,880052,Monkey.D.Luffy,OP15-119,onepiece_catalogue_name,1.0.0,candidate_only
onepiece,d413f6194914b5b6294c8d33faf91db566ae88ab62c53fe7c37566cc063dc3af,872229,Uta,EB03-003,onepiece_catalogue_name,1.0.0,candidate_only
onepiece,d41547805e89f8be3f9bc02c2cc6b948e404b2652df091ada1c882d0d6385ad5,719318,Roronoa Zoro,OP01-025,onepiece_catalogue_name,1.0.0,candidate_only
onepiece,d4215bfc0c4bbf12ee8e724334e775f8b160ae7c4b96db7059185055737c7c4b,690884,Kaido,OP01-061,onepiece_catalogue_name,1.0.0,candidate_only
onepiece,d432347dcd15fc2cc7ba3ceaad2164f3bcf26de9b0cd08770b9e1baa5abb1b8f,823468,Sanji & Pudding,EB02-035,onepiece_catalogue_name,1.0.0,candidate_only
onepiece,d44be035e9eb39e19b73541938285937ef46bbd41c6b5729cbe8329fad84ac1c,857345,Portgas.D.Ace,OP13-119,onepiece_catalogue_name,1.0.0,candidate_only
onepiece,d45e7b3de6a83b233ef112a086179f036dd84a6d75cb3fb69cfb6a5d8fcc5957,760626,Roronoa Zoro,OP06-118,onepiece_catalogue_name,1.0.0,candidate_only
onepiece,d4b3ecf7fb9b45b59a4486cfc760362f930163ae2b0f74f024ac75908ec17552,805333,Gedatsu,OP05-102,onepiece_catalogue_name,1.0.0,candidate_only
onepiece,d4bbc38ff00cbdc1bf0af53c404706b05622a367843cacb33bbd376ef0f62ef0,880025,Monkey.D.Luffy,OP15-098,onepiece_catalogue_name,1.0.0,candidate_only
onepiece,d4c223082a18736042db71112311a77679581955a117ac14cd709f98f78b1696,701697,Trafalgar Law,ST03-008,onepiece_catalogue_name,1.0.0,candidate_only
onepiece,d4df79d683bcd043d9709d6dfb73c1b2ece482f9e24b4c066ec8799b0d40c5e8,690845,Kin'emon,OP01-040,onepiece_catalogue_name,1.0.0,candidate_only
onepiece,d4dfe6a980c0ed06aae449f9db75ff064561f6f0db486ed96fb59c57491c7668,857285,St. Ethanbaron V. Nusjuro,OP13-080,onepiece_catalogue_name,1.0.0,candidate_only
onepiece,d5297168cdaa318118d05580a8c4a697750a9fda9b01a6529c2a71eb7d7fe464,733215,Yamato,OP04-112,onepiece_catalogue_name,1.0.0,candidate_only
onepiece,d543d94747a53741588cf64365ab20ea91674db8e9949abe5d6bf68ce8b087b4,778614,Nico Robin,OP01-017,onepiece_catalogue_name,1.0.0,candidate_only
onepiece,d5474bc9078ea7e63efbf82d8fdacb94e3a1a44c9cd6e915b4b33350476c4ad1,815156,Monkey.D.Luffy,ST13-015,onepiece_catalogue_name,1.0.0,candidate_only
onepiece,d54cac00f2a0e3df3387a9a482a72e3090b821447d67791ccba734b43d686f49,780212,Boa Hancock,P-066,onepiece_catalogue_name,1.0.0,candidate_only
onepiece,d55e988685ecc7df6ca18b79f6df93b910dc1615b2ffa4a24409a41d197c4007,817349,Silvers Rayleigh,OP09-005,onepiece_catalogue_name,1.0.0,candidate_only
onepiece,d59cf36317c5eb6b692ad5bde80eb1b2ddf1fb815307ee89ffcdd6e51e25ed6e,874868,Baby 5,OP12-112,onepiece_catalogue_name,1.0.0,candidate_only
onepiece,d5b414d9a29d829526ac0b1033d219603360d0fc6fb3c341dfbee98c78579125,805329,Perona,OP01-077,onepiece_catalogue_name,1.0.0,candidate_only
onepiece,d5dd195f25cbf46b7e4931230938049c185a6895bb3711f45f08fcbdbfdcc1a9,768457,Emporio.Ivankov,OP02-049,onepiece_catalogue_name,1.0.0,candidate_only
onepiece,d5e330a1ae30954a34dc935226b82980444a752d5a56b99885411f144a31028f,691042,"Eustass""""Captain""""Kid",ST02-013,onepiece_catalogue_name,1.0.0,candidate_only
onepiece,d5e727b9b57badfc5e722fc831f3064f832b479533049579004fb2251f998f42,786297,Monkey.D.Luffy,OP05-119,onepiece_catalogue_name,1.0.0,candidate_only
onepiece,d6170077f55cfbaf1f2ad0976084f6f674aa6478d70e71862c5ee4f3cfadfcf6,752056,Trafalgar Law,P-009,onepiece_catalogue_name,1.0.0,candidate_only
onepiece,d622cb9df53002e9316ff09ae1c25d71b13fad35f38be655192618b46dffe7ac,824461,Kouzuki Oden,ST22-005,onepiece_catalogue_name,1.0.0,candidate_only
onepiece,d6301e9741a6ee8bb279a67fae6d0624c542d8df86854d16dba93ac6f422f5b6,799413,Monkey.D.Luffy,P-055,onepiece_catalogue_name,1.0.0,candidate_only
onepiece,d6319579c87c6dd89fe426397ddff15530185152acf2a24b5c6723af9b6af42d,858760,Sanji,OP01-013,onepiece_catalogue_name,1.0.0,candidate_only
onepiece,d6450ce196ab624dceff93d78894b0b842be6a4da7c0ebcccde72bff94fdfa5c,756315,Monkey.D.Luffy,ST01-012,onepiece_catalogue_name,1.0.0,candidate_only
onepiece,d6603af314967f316d9ee628e64f8bd0ccac250838b73c1691ee4f6cae1f4ef5,696729,Trafalgar Law,OP02-035,onepiece_catalogue_name,1.0.0,candidate_only
onepiece,d6debd7364cec50830b5cff808ac1b6257bcced2e087317c64774608e87db990,732773,Issho,OP04-020,onepiece_catalogue_name,1.0.0,candidate_only
onepiece,d6f7133dd08e8f61c79941c2f73feed262b1e609971edda5f6b0df7c4cacc7e8,771618,Tony Tony.Chopper,OP08-001,onepiece_catalogue_name,1.0.0,candidate_only
onepiece,d741135534d5e5b5de220a9923e0e928daec13e969d665a4d68b078e61230026,786107,Monkey.D.Luffy,P-001,onepiece_catalogue_name,1.0.0,candidate_only
onepiece,d770ea6d09ae423d951cfa91b6bce1a5d6a104232b4850670a0eabd31efc948f,830566,Roronoa Zoro,OP10-113,onepiece_catalogue_name,1.0.0,candidate_only
onepiece,d7a1076426ee6b91af317af0bf6370151949794c18b4a49f5f902ca7966ce6d0,883278,Shanks,P-051,onepiece_catalogue_name,1.0.0,candidate_only
onepiece,d7b39ce5da77e598a454b6a065d5256b63ec64a79993190d8a5bab7251536a68,768548,Kuzan,OP02-121,onepiece_catalogue_name,1.0.0,candidate_only
onepiece,d7e2a14af756751f20d976f4762abbd244b2292caa4439d50a7ee0069bf40b8e,717515,Tony Tony.Chopper,ST01-006,onepiece_catalogue_name,1.0.0,candidate_only
onepiece,d848c91bc4e2ab5c189583f62ceb0c8860d66764e3c70a23fda8c542b4b0e72a,857278,Divine Departure,OP13-076,onepiece_catalogue_name,1.0.0,candidate_only
onepiece,d8675bfc91c59a79f3f43a848df1f49ccaf8356556b6680a17db8cd2757914b7,872010,Boa Hancock,EB03-026,onepiece_catalogue_name,1.0.0,candidate_only
onepiece,d88f349b2777cc7c24ba7f28f4eaccc61b6ad63a6010df1365995a56b7771808,802854,Monkey.D.Luffy,OP05-119,onepiece_catalogue_name,1.0.0,candidate_only
onepiece,d8b51689c4bba8bba0c0fd7104af3bbd4c343fd6bf977551549282d7dfa9e5f0,808176,Donquixote Rosinant,OP05-022,onepiece_catalogue_name,1.0.0,candidate_only
onepiece,d8d17d0e5e34b8100e8262e3369c12a04a7a2c6ae9fdf402a923a7d422b9cb4c,787503,Monet,OP05-036,onepiece_catalogue_name,1.0.0,candidate_only
onepiece,d8da6310acced8dff913cc1ff09965f01a045d785996f27b562148e4c63f491b,842351,Nami,OP10-033,onepiece_catalogue_name,1.0.0,candidate_only
onepiece,d90a0d6ade49593a452fda2cd318bbb5fbcccb9a5052af5c24077352e7c4029a,768474,Monkey.D.Luffy,OP02-062,onepiece_catalogue_name,1.0.0,candidate_only
onepiece,d934746b4e67cf0634c1002f502968e8e2b2a4511c9af569f05feea4e9130c7e,865618,Girl,P-096,onepiece_catalogue_name,1.0.0,candidate_only
onepiece,d93638fbcb82ab6a21d81376a2ebe701b68a7bff2e62cad40168640aa223d8e9,804890,Trafalgar Law,OP09-069,onepiece_catalogue_name,1.0.0,candidate_only
onepiece,d93d015679f3ef8ae78dc03c530983219c0ca388ae25911293aba118c628b669,722808,"Eustass""""Captain""""Kid",ST02-001,onepiece_catalogue_name,1.0.0,candidate_only
onepiece,d9851f24d1f66e238413c7500ec2d408647346846819950619603e62e5a93201,732278,Monkey.D.Luffy,P-006,onepiece_catalogue_name,1.0.0,candidate_only
onepiece,d99c619f150e18bd5608395dc32483f37e2eb1baaa237f6bfed1031e5c8e68f2,733039,Monkey.D.Luffy,OP04-014,onepiece_catalogue_name,1.0.0,candidate_only
onepiece,d9b1cefdd13e82228a661dc942dcab1b87cae8fcce216c8fd893a34b88357cff,882462,Don!!,CS25-26 World Final,onepiece_catalogue_name,1.0.0,candidate_only
onepiece,d9bf96de0777c36ad304f4950a48933bfe98d9924aa2bb36a58e2c695baa5952,778619,Usopp,OP01-004,onepiece_catalogue_name,1.0.0,candidate_only
onepiece,d9cacc3ee5b53c864884a3a025e8aadb1a6e30064505a15f30490f9b1bed0a25,828452,Monkey.D.Luffy,ST16-005,onepiece_catalogue_name,1.0.0,candidate_only
onepiece,d9e7102dfebbb53e17c3ed52188f51f13bc2a572d750b34ff74383fd71f14b47,857807,Tashigi,OP12-031,onepiece_catalogue_name,1.0.0,candidate_only
onepiece,da0424aaf0a02a1a4257e3eed3e73402aadac5d15d4bbd547febdac2cf9bab0b,872237,Perona,EB03-045,onepiece_catalogue_name,1.0.0,candidate_only
onepiece,da414d52ad393eb97bc1807b2da26ddc1c213c61a6fb2d8e92824cc4bcaac36c,874499,Carrot,OP11-049,onepiece_catalogue_name,1.0.0,candidate_only
onepiece,da4e4afbbd36e40e150cc7c0686979d602307b1dca8cb19b00814bfe170fdfa5,740384,Boa Hancock,OP02-059,onepiece_catalogue_name,1.0.0,candidate_only
onepiece,da65e4f99d4b6ee292e050cd6b53b52e6dcb3ebe5397392307351bc66701fa59,696677,Trafalgar Law,OP02-035,onepiece_catalogue_name,1.0.0,candidate_only
onepiece,da81c53b047f08a53b51888b2f8dabb80ed424fb1884decb087930f68d99fbbb,794717,Nefeltari Vivi,OP05-086,onepiece_catalogue_name,1.0.0,candidate_only
onepiece,da8c9700eabee897c01f07026ab7524fb0f82107beba2532fb29b53a04f64858,752020,Jinbe,P-030,onepiece_catalogue_name,1.0.0,candidate_only
onepiece,daa6239ce09e01e914860ff67be8d293720d4e3a1b3478086e6292f781513e60,864640,Don!!,Robin EB03,onepiece_catalogue_name,1.0.0,candidate_only
onepiece,dac4d9c99e7b7fb3c65d4580ba4d6a8c07832df2b328c20b71d0b431538ed01e,787514,Kouzuki Momonosuke,OP01-041,onepiece_catalogue_name,1.0.0,candidate_only
onepiece,db1f6796eb1014d48e929064f2d01068f8fd9f39b4c50c12fe310b8ea42c0045,845688,Sabo,OP07-118,onepiece_catalogue_name,1.0.0,candidate_only
onepiece,db39f7c48b84dbbdc0d0be08b72c7f4c2fefac1f34a6f48ddafca8c7dc07ebde,768152,Inuarashi,OP01-034,onepiece_catalogue_name,1.0.0,candidate_only
onepiece,db5743cd4925190129e7e02ee1de20d4fd5c6d44852bdf6128e344137a0fa3f7,786474,Marshall.D.Teach,OP09-081,onepiece_catalogue_name,1.0.0,candidate_only
onepiece,db818ea3ffebb09830cb6a95aba2969b01cbaaf0e83fb4aa3279a4b36eca1d19,804774,Sabo,ST13-001,onepiece_catalogue_name,1.0.0,candidate_only
onepiece,db83e0ecc9432aa35fbdf1aa2a5d58511a25c01d911af458a3648e19ab86fb5f,799192,Monkey.D.Luffy,OP01-024,onepiece_catalogue_name,1.0.0,candidate_only
onepiece,db8881a408c8d3e33782c896b5bff0d79a789ff810e62c64163fc66d76c6a33c,758919,Issho,OP03-078,onepiece_catalogue_name,1.0.0,candidate_only
onepiece,db9b2cc0cf2dc7987c43fc581d050ba8a2100fe22ab6d70ac8d290c91636df92,805351,Drum Kingdom,OP08-020,onepiece_catalogue_name,1.0.0,candidate_only
onepiece,dba15e33331fb4a190912e2ba4ee25abcfb4d0627e2fbfde189d8bcf59f334b5,773426,Charlotte Linlin,OP03-114,onepiece_catalogue_name,1.0.0,candidate_only
onepiece,dbf556f5bb327d7b6e799284511c7ca5db166e38fe2a0e5e40d7edfe448a3e28,773865,Zoro-Juurou,OP05-067,onepiece_catalogue_name,1.0.0,candidate_only
onepiece,dbf5dc95e1a19cf80f64192a9b6ae72599e9b963cd4600fc0cffd99d0c0299d6,884733,Crocodile,ST30-010,onepiece_catalogue_name,1.0.0,candidate_only
onepiece,dc001dbce423571b004d100d1982e43492aaeca0dba4223d169312113f337928,792749,Monkey.D.Luffy,P-043,onepiece_catalogue_name,1.0.0,candidate_only
onepiece,dc25d2f4ce70dfa95bb0343fac19d70dcd30925b7f21d5b3d6ed69b969caec64,799429,Boa Hancock,ST03-013,onepiece_catalogue_name,1.0.0,candidate_only
onepiece,dc2a80b5cf71e016f99b2e4020e190c10d2e7395af210d160b0757849bffab24,696363,Uta,OP02-120,onepiece_catalogue_name,1.0.0,candidate_only
onepiece,dc5aec77326899962f5e070c7d3f7524560aa7a1a02d0242a24c5cec56c396e1,733151,Crocodile,OP04-058,onepiece_catalogue_name,1.0.0,candidate_only
onepiece,dc5bbef45d332b4cb4a25365f35af9608e2251d7bb38d9881477ce07191b5090,787536,Camie,OP06-025,onepiece_catalogue_name,1.0.0,candidate_only
onepiece,dc79a03a36a06f4ee7f854010e4e306cd7495c8356f8f9908dc53cb2e42dd7a0,872201,Nico Robin,EB03-055,onepiece_catalogue_name,1.0.0,candidate_only
onepiece,dc84d6b58d3f7b12409c7d5a70d2d3a762a971f3349622234a5ca7fe04b15a57,823538,King,OP08-057,onepiece_catalogue_name,1.0.0,candidate_only
onepiece,dca335ef313af12490e09e72146d135b181dabc3a18ba618937c71eb2440a187,760536,Vinsmoke Reiju,OP06-042,onepiece_catalogue_name,1.0.0,candidate_only
onepiece,dcfdebcf787241d658dc6cd20eee9b67ef0f0a4ee1841b0ee286652530a57a61,794714,Monkey.D.Luffy,OP07-091,onepiece_catalogue_name,1.0.0,candidate_only
onepiece,dd01de01d2d76b8da5b394ab2616eb73052fd0b51ba9e2eda92440e7a2f8e6eb,766637,Monkey.D.Luffy,P-001,onepiece_catalogue_name,1.0.0,candidate_only
onepiece,dd062facfcfda37f86494a3b303269b9aa9412bfd986dcde0a8d9d12122c7b8c,874492,Nico Robin,OP09-033,onepiece_catalogue_name,1.0.0,candidate_only
onepiece,dd0d1bd05e1d50e3c09c7a85e71f97f8ed6e62bb8e4d9d62f39dc7ec47cecc23,865551,Kid & Killer,EB01-003,onepiece_catalogue_name,1.0.0,candidate_only
onepiece,dd5119bb013a98cdffe32482f04e965c7e71e2ac9271a96b6273d063bfe7a596,768442,Nami,OP02-036,onepiece_catalogue_name,1.0.0,candidate_only
onepiece,dd51b3ff3687f835dd9d5e90182b6c8532ae420a804c8807e6814d0bad2519ea,759052,Boa Hancock,OP07-038,onepiece_catalogue_name,1.0.0,candidate_only
onepiece,dd715beebe93ed6980c326a0226d1a13518b1f5ca25d725a79b8e059fadffb58,768310,Donquixote Doflamingo,OP01-060,onepiece_catalogue_name,1.0.0,candidate_only
onepiece,dd954fc3ffc9ed483fe28a9658189ac78a7ccd67024154b75001f17a72d352be,787814,Monkey.D.Luffy,OP07-109,onepiece_catalogue_name,1.0.0,candidate_only
onepiece,ddab9b840a89f3a0a9db2431f7908e9312a2396d216e303a78b2c7ab056840f4,722788,Koby,OP02-098,onepiece_catalogue_name,1.0.0,candidate_only
onepiece,ddae99f229297a1f097e8aa1a423e4b087efb405d02ff4bc8855d6fb9531da76,768487,Zephyr,OP02-072,onepiece_catalogue_name,1.0.0,candidate_only
onepiece,ddce50de0af9bc76ce320a1e624cc97d88dce99b87a26b5c3ff029aa53dcd4ce,815153,Roronoa Zoro,OP06-118,onepiece_catalogue_name,1.0.0,candidate_only
onepiece,de0eac0423461693c5d1b282ae66aab6d5c63108a4f50cbe93b2f8c8d1691fa1,845300,Uta,P-031,onepiece_catalogue_name,1.0.0,candidate_only
onepiece,de13f36d0542412132cd08b23bb5eeeed88ca347c5c25d305182b443b6bd7e14,752013,Tsuru,OP02-106,onepiece_catalogue_name,1.0.0,candidate_only
onepiece,de3ebee78e04bc8b28b26954b12c8924c8e670a214c0557d4f8cdd217c18930e,882453,Charlotte Pudding,OP12-071,onepiece_catalogue_name,1.0.0,candidate_only
onepiece,de45cd4a1f1a799954301f5fb9e2f9f59c2573186a42b0e90967d091442ad7c5,691232,Monkey.D.Luffy,P-001,onepiece_catalogue_name,1.0.0,candidate_only
onepiece,de5f39421b8d46d1621227e7b4811a5b89c201aaccadc2c8bcfe253c1c0d71c8,805328,Perona,OP01-077,onepiece_catalogue_name,1.0.0,candidate_only
onepiece,de863e314e03025dc58bf400c032390badfe6cebeddbca545814eb51eb739429,823524,Hody Jones,OP06-020,onepiece_catalogue_name,1.0.0,candidate_only
onepiece,de9827ed45d8fd801c86baa90c414080bc886552dac8594d130e6daa30c18c50,720198,Nojiko,OP03-048,onepiece_catalogue_name,1.0.0,candidate_only
onepiece,ded3b9de7a6c689c021d5ee33d70c72a52e0d1090d6cc21f0134668c27fd3a45,841113,Roronoa Zoro,ST21-015,onepiece_catalogue_name,1.0.0,candidate_only
onepiece,df10e6db42b5f41cc25ef552d53d2d2af93d49548415024d0dad4c7640ec19a1,880050,Enel,OP15-118,onepiece_catalogue_name,1.0.0,candidate_only
onepiece,df6471b126f40fe5e35045d0d942e9d6560f37821806980be451ba566029e39b,690853,Trafalgar Law,OP01-047,onepiece_catalogue_name,1.0.0,candidate_only
onepiece,df6685750b176a42298d837dc30937c40f7e047e4ddae72452ab4c7f978cd721,852460,Jesus Burgess,OP09-086,onepiece_catalogue_name,1.0.0,candidate_only
onepiece,df6dc1cbbafe16e240edd4b7e612770c77ba5c3f584f9f1d5e2b0a5f0f0090a7,817346,Monkey.D.Luffy,OP05-119,onepiece_catalogue_name,1.0.0,candidate_only
onepiece,df9e464ac77908a817e779b874195fe1cdd9e62c9e05c183c59f6f42c49a2963,754135,Kouzuki Oden,EB01-001,onepiece_catalogue_name,1.0.0,candidate_only
onepiece,dfaba505057728cf86daa872998c0e0de6e989d21066192e515d98918594a56c,879520,Koby,EB04-044,onepiece_catalogue_name,1.0.0,candidate_only
onepiece,dfdc12b1b8cc447dd8fab99f2d6efd6da3915c7610555051f028e9b343204440,749371,Donquixote Doflamingo,OP05-029,onepiece_catalogue_name,1.0.0,candidate_only
onepiece,dfe21bacf9a369a46bd869e7f553637f114586b62c59e121019d7ceffb83a3ed,845918,Roronoa Zoro,ST21-015,onepiece_catalogue_name,1.0.0,candidate_only
onepiece,dff94fced5647ddaccd22284931300ee9d419c4909606fab2eb442f7c4265a95,823246,Monkey.D.Luffy,P-075,onepiece_catalogue_name,1.0.0,candidate_only
onepiece,e06aec361aab00d423ba3d3d82fbb4e38369238f2c6186e69c0bf9ee5c9a223d,696727,Trafalgar Law,OP02-035,onepiece_catalogue_name,1.0.0,candidate_only
onepiece,e094b9ad6d23a189ee1ef93fc001d48dc209a17d019823f1ed31818d96b0ebce,696349,Monkey.D.Luffy,OP02-041,onepiece_catalogue_name,1.0.0,candidate_only
onepiece,e0b2b379780d5fd9c57eb33a7266566624f4cd885280b8ffa35c414396cedf4e,865545,You'll Frighten Me...,OP14-118,onepiece_catalogue_name,1.0.0,candidate_only
onepiece,e0c0bc1569d6ff268d5a0ea8841bbe7d3df607ddcb472e024e4dc53c2bf37b31,845616,Imu,OP13-079,onepiece_catalogue_name,1.0.0,candidate_only
onepiece,e0eab0eba7a8d3c1c76ead09a43a23ffc7fbeaea110f375cbf2414e5b6b58218,871164,Rosinante & Law,EB04-038,onepiece_catalogue_name,1.0.0,candidate_only
onepiece,e0ec55982627b19779f6276b1118e8b5cd110906e19f4fb69d9c399ab12bd419,850917,Trafalgar Law,OP07-047,onepiece_catalogue_name,1.0.0,candidate_only
onepiece,e100d2b70cc24e3135707564715cff81f34d6e502f708f4f7bf6d7f5de1011da,880737,Portgas.D.Ace,ST15-005,onepiece_catalogue_name,1.0.0,candidate_only
onepiece,e11aa5af6f9f583e8a4d6d2066ffa670894caf192388cbec79b68ede6b237368,861948,Dracule Mihawk,OP14-119,onepiece_catalogue_name,1.0.0,candidate_only
onepiece,e13e6ab7d0a8bbed464ada0645441df11554e375afe772c06f88bd39e9077982,828352,Tony Tony.Chopper,OP09-029,onepiece_catalogue_name,1.0.0,candidate_only
onepiece,e1484e76053f5deaea1c0538883d87ba922fa6a33194a85c9b54e0f58f284cfb,698095,Zephyr,OP02-072,onepiece_catalogue_name,1.0.0,candidate_only
onepiece,e15fd2978076972c80d7d4259abef3f3f9d583f26e508140702045a6518b51c2,865442,Perona,OP14-033,onepiece_catalogue_name,1.0.0,candidate_only
onepiece,e16030f415407e7852ca24d43ebd968cf518fa9ce2537c922d52a6718b220c09,799333,Shirahoshi,OP05-082,onepiece_catalogue_name,1.0.0,candidate_only
onepiece,e1785745b92bc081268186e27393fb4371421fa66777fdc4d55d51dc215dde62,808190,Vegapunk,OP07-097,onepiece_catalogue_name,1.0.0,candidate_only
onepiece,e1b7fa24806964be8792fccb77abf9b3cf230ca459d69d91f1d4c89ca560d82c,865426,Dracule Mihawk,OP14-020,onepiece_catalogue_name,1.0.0,candidate_only
onepiece,e1e091d74d69b5ccb8fa57418083910cc80903d4383aaa97ca7d27a1aa5b67e5,859007,Carrot,OP11-049,onepiece_catalogue_name,1.0.0,candidate_only
onepiece,e1fc705b0bc568c52c7fe3fcf12510d49a69ecd82d5648cfeedb084c765ea442,749393,O-Robi,OP05-063,onepiece_catalogue_name,1.0.0,candidate_only
onepiece,e2295ebca96f204ea99d045656dcfe87c0b076f15762ff5f560c8e3d7b564fed,873869,Roronoa Zoro,OP01-025,onepiece_catalogue_name,1.0.0,candidate_only
onepiece,e29526db3d24b4a5c4937d1d7d3d19dce678dc234ed7f6dc2cfe853132e76e1e,823445,Nami,EB02-017,onepiece_catalogue_name,1.0.0,candidate_only
onepiece,e296c0708d8d2febd3292df2688b1505807c2f553d6abc231010f4e91167a234,787540,Crocodile,ST03-001,onepiece_catalogue_name,1.0.0,candidate_only
onepiece,e2df94d6939ed6ffc632c21dd891575c64bbd72b0e9b70bf9ab06e398a669714,838827,Charlotte Pudding,OP06-047,onepiece_catalogue_name,1.0.0,candidate_only
onepiece,e2ed3169c47d7da90589d1e23f206fdae311528886625d83a010da5ec729b262,857198,Ace & Sabo & Luffy,OP13-007,onepiece_catalogue_name,1.0.0,candidate_only
onepiece,e2f46ce80df92e776c9028a07138c72fa45be71deb271c9ed74a42c9f25ed6f7,696681,Koby,OP02-098,onepiece_catalogue_name,1.0.0,candidate_only
onepiece,e300767a5ad670188e543b4c96e6ac8f85e499cdaf4b8e3d3fc19e12d6bd6da0,817496,Monkey.D.Luffy,OP11-118,onepiece_catalogue_name,1.0.0,candidate_only
onepiece,e30eaa5082f7b16a68c902853db0c6a50c238eff7ec242c44e9ec033090633c0,733307,Donquixote Rosinante,OP05-022,onepiece_catalogue_name,1.0.0,candidate_only
onepiece,e33a45b9029bf8d746271a8b64b94ff606a968c3d61970b940b184f35bcf7e2e,768412,Portgas.D.Ace,OP02-013,onepiece_catalogue_name,1.0.0,candidate_only
onepiece,e33d12a38cab92eb06a472c6b2988534ad441994e27f92883ef3ddeffda5a3df,842344,Kaku,OP07-080,onepiece_catalogue_name,1.0.0,candidate_only
onepiece,e34ddbf2ae9ebd948c6b8610cef4c92f3d0b096cd0eed0945f2296191f64b7b6,857208,Monkey.D.Garp,OP13-016,onepiece_catalogue_name,1.0.0,candidate_only
onepiece,e36d1ec235936077ec3fb9ae5d191d0fc7fd1a2895ac64ab75b2ffa119ffb9ae,762658,Trafalgar Law,ST10-010,onepiece_catalogue_name,1.0.0,candidate_only
onepiece,e37664571f7995ef6eb1727998a0b13c2732fecbed9140e0eda98a61d515324d,827197,Charlotte Katakuri,OP11-067,onepiece_catalogue_name,1.0.0,candidate_only
onepiece,e38c581a40a23ffcaf566e26df0c51bcd4e0547245e75772a3a8f1386b696a56,880058,Edward.Newgate,OP13-042,onepiece_catalogue_name,1.0.0,candidate_only
onepiece,e3d77a44762a238f80a3cbc8a2fe796b840d9282ed8bb14557b8c26029e59f1c,780214,Perona,OP06-093,onepiece_catalogue_name,1.0.0,candidate_only
onepiece,e40a94a310697410515c2b03bb558205567cd6b926ac37db4428c5790f95840a,747800,Enel,OP05-098,onepiece_catalogue_name,1.0.0,candidate_only
onepiece,e44f495a585de3273ce966713d45740d56f9e3b5d20f7d0c1ee48f4a2fad0f1b,802924,Buggy,OP09-051,onepiece_catalogue_name,1.0.0,candidate_only
onepiece,e499d93a03ef22cd728db20d7af76b1371653a5410dc6645a88ab65e046748c8,781016,Shanks,OP01-120,onepiece_catalogue_name,1.0.0,candidate_only
onepiece,e4dda2c828c1ba5a229d96529a199a67ff3a935eddea42f8e25885b5fd8037ed,799430,Boa Hancock,ST03-013,onepiece_catalogue_name,1.0.0,candidate_only
onepiece,e4f7bfd0fb9bc4680809fb2c5138bbbc2cf6a5306c558fd4d2e81daef011bfcf,773704,Kaido,OP04-044,onepiece_catalogue_name,1.0.0,candidate_only
onepiece,e507694635c1e0cbd8ff960dfa733d7f0dc62b8a8a3bf385041454e839f0e316,828317,Roronoa Zoro,EB02-019,onepiece_catalogue_name,1.0.0,candidate_only
onepiece,e50b9df46fbc373e2eb0562582fdeae6d535ad4d053eb28f2b84cb78b8603133,749369,Trafalgar Law,OP05-027,onepiece_catalogue_name,1.0.0,candidate_only
onepiece,e50e3c22c8f0055b8f80591b9fcbf48b0d742f626f9409192f08c4b33ebc8f95,882459,Dracule Mihawk,ST12-003,onepiece_catalogue_name,1.0.0,candidate_only
onepiece,e52e169dbe154527178ba51f377b62436f1ff70975e466816c1abe4146c05ba9,760313,Borsalino,OP05-051,onepiece_catalogue_name,1.0.0,candidate_only
onepiece,e57d1e4b908c9ffc09751bdc7eee10dba5b6a1e1661f8daf398ce4d9449a761c,743893,Portgas.D.Ace,OP03-001,onepiece_catalogue_name,1.0.0,candidate_only
onepiece,e5afd8a58f365795daba5453cb5912b3b4b9bddc18a495c5dd00cea5738138e4,729830,Crocodile,OP02-053,onepiece_catalogue_name,1.0.0,candidate_only
onepiece,e5db187b8e6716870f2a18ce87633a42d6188217a63b3f85db566fbbdc3c61a5,842341,Edison,OP07-100,onepiece_catalogue_name,1.0.0,candidate_only
onepiece,e5e5017f583fe3f06e18d233d96f72aed55a1bbe9eacd5dc901fa49e55c5324c,884467,Tony Tony.Chopper,EB02-003,onepiece_catalogue_name,1.0.0,candidate_only
onepiece,e63007725f2c9a3350ba2537cbf364e2c400b72fbe953445debdbb36f28b67ef,861952,Kid & Killer,EB01-003,onepiece_catalogue_name,1.0.0,candidate_only
onepiece,e6570933e26390d52d3a00954caf6d381e3e2329e8d5d3a37e999974190ffcb4,867238,Monkey.D.Garp,OP02-002,onepiece_catalogue_name,1.0.0,candidate_only
onepiece,e670a3fe7ab7de3cafead20c71ff30938a3372dab08c10d74d18b6a90e6dc8a2,744885,Sogeking,OP03-122,onepiece_catalogue_name,1.0.0,candidate_only
onepiece,e673c0245db4fb78fad75ef4ef051e993259563da56b6d111a6587c34e4ac033,845692,Gol.D.Roger,OP09-118,onepiece_catalogue_name,1.0.0,candidate_only
onepiece,e68b863c64c58e09235ec7e51ef9bcd2718c06b5377fa05dfdb50daa4b7693a7,696684,Sanji,ST01-004,onepiece_catalogue_name,1.0.0,candidate_only
onepiece,e68d32f4d912e48d239e38f5417ab93fb98a1efd4a45333f35b4148399166790,804889,Uta,OP09-002,onepiece_catalogue_name,1.0.0,candidate_only
onepiece,e6cfa9793ddf74aa459429aa15dbba4d2191e40da2e7cb3819fc33bbccbcdcaa,830368,Bartholomew Kuma,OP12-119,onepiece_catalogue_name,1.0.0,candidate_only
onepiece,e6db68111ba70d384f3d7844a315ddb3c12a3c6cec6edcfed658c7d433945ef6,880056,Boa Hancock,OP12-014,onepiece_catalogue_name,1.0.0,candidate_only
onepiece,e724993798a141ff0b6b844bc6dd65b7ebbd47d9e6e81689be7a73816fbd0e57,691034,Trafalgar Law,ST02-009,onepiece_catalogue_name,1.0.0,candidate_only
onepiece,e738cbde7251a20dcc7a5ffb358ab126955ba3f0c3d4a379ac892cd1b5f06231,768395,Edward.Newgate,OP02-001,onepiece_catalogue_name,1.0.0,candidate_only
onepiece,e74a4db66e047aef6c5534cf6ce255f755f0b8713c001ac4588636b217210405,823521,Monkey.D.Luffy,OP05-060,onepiece_catalogue_name,1.0.0,candidate_only
onepiece,e7604d51c4b7c9e1ea4b3f3f643e96dc00bf4b1aa2ad107106f385e67188a18a,762643,Sanji,OP03-102,onepiece_catalogue_name,1.0.0,candidate_only
onepiece,e79eea8d27e2822b9558de2ad624e2bef3994a5e140c4baafdd70880928fbfce,808185,Monkey.D.Dragon,OP07-001,onepiece_catalogue_name,1.0.0,candidate_only
onepiece,e7c1d582b2f327f81929279d08bc3b7465de82775cb0e181367619d7cb7747b1,818092,Charlotte Linlin,OP03-114,onepiece_catalogue_name,1.0.0,candidate_only
onepiece,e7c6d7fe1da139bf9e12b0dc538c0569c012330a91579038b6e93b26a05211f8,817121,"Eustass""""Captain""""Kid",OP10-099,onepiece_catalogue_name,1.0.0,candidate_only
onepiece,e7d05ef7e16b1a9cf50c543a2f9048e615245b3fb6359360b5d2cc62ffdcae45,872204,Yamato,EB03-057,onepiece_catalogue_name,1.0.0,candidate_only
onepiece,e7e905b7a18029688bb2cc0377fe0da1c1ffb64474a7af6b8cb4123d38fc835a,781127,Monkey.D.Luffy,OP05-119,onepiece_catalogue_name,1.0.0,candidate_only
onepiece,e7eefb8effea96213de8aab499a29b17ce339b47184b3b7330ed31b1ec8a6162,794888,Tony Tony.Chopper,OP04-010,onepiece_catalogue_name,1.0.0,candidate_only
onepiece,e81f7bae96685b343449d7f3fa954def53f7fbeb10b913913053fc35609d4725,743258,Basil Hawkins,ST02-010,onepiece_catalogue_name,1.0.0,candidate_only
onepiece,e84b7f3491d2caef8c00fb63c09e5b23ccade738f558b32b97545883d2161dbf,716602,Jewelry Bonney,ST02-007,onepiece_catalogue_name,1.0.0,candidate_only
onepiece,e87ea2f495f265ee54508376adec2e0e671791de4a8895e7811de1611aa107fc,882480,Roronoa Zoro,P-114,onepiece_catalogue_name,1.0.0,candidate_only
onepiece,e89a6f97adfe1b96ede434df77808c08822e5065fe235175cd2cc8616146b849,764435,Uta,OP01-005,onepiece_catalogue_name,1.0.0,candidate_only
onepiece,e8aece6d68947ce99078af07d379d0ebf5b1f9da988c05a84913390a6d5019a4,862864,Leo,OP10-057,onepiece_catalogue_name,1.0.0,candidate_only
onepiece,e8ec6ae9d0d51fdf7c1b3af85760034464a0a094eb9566ea8062f584b8347a34,854475,Kujyaku,OP11-004,onepiece_catalogue_name,1.0.0,candidate_only
onepiece,e8f40f4bfb2ede3c0fd720fd788d05f9c89b878bf655c85c2abef229f4a7697d,817040,Smoker,OP10-030,onepiece_catalogue_name,1.0.0,candidate_only
onepiece,e9007a162be01c07c2e9ab36f37ed4050ebb4ae73ff8dba8d3b1fb95a36e67ee,787944,King,OP08-057,onepiece_catalogue_name,1.0.0,candidate_only
onepiece,e92a6da2e711fbf19fd446c9d1222a1ba12746a650fa6a9360c111fc36e287f0,880037,Nico Robin,OP15-109,onepiece_catalogue_name,1.0.0,candidate_only
onepiece,e966f0f31455928040b9bf98f67c56cd09b1f46a5b2200957bc4fa4a36a0460b,842356,Charlotte Pudding,OP03-112,onepiece_catalogue_name,1.0.0,candidate_only
onepiece,e96812a1ebec658c3849ca9acc916cbb376dba77519de5c3280c0de7eddbddbb,879906,Monkey.D.Luffy,EB04-061,onepiece_catalogue_name,1.0.0,candidate_only
onepiece,e9b3d5c31a312b7350f76a0b258530091e536f7cfbe89d2ecfdc1502450cdbab,874495,Kuzan,OP11-084,onepiece_catalogue_name,1.0.0,candidate_only
onepiece,e9d38ef3b58b9be4e108e1c3a408ec704d2270151bb2103a6c8f67f2b495a548,842925,Tashigi,OP12-031,onepiece_catalogue_name,1.0.0,candidate_only
onepiece,e9ee105718f370cfcd8b748e8a380c73b7ba237edadd5cc0868ad0ef6b2ac315,817348,Stussy,OP07-085,onepiece_catalogue_name,1.0.0,candidate_only
onepiece,ea02c4d49383469f3640435cbb1ec21b57d0d14725933b2855fd09da2fe1c2b3,845680,Portgas.D.Ace,OP13-119,onepiece_catalogue_name,1.0.0,candidate_only
onepiece,ea10abb0a1138ca36764cb4a2b3321a9cae52dc5bc4e1f2c8c00d228687018bb,862865,Charlotte Linlin,OP03-114,onepiece_catalogue_name,1.0.0,candidate_only
onepiece,ea331164c63934faab079cf4054e6194403a9e117bea31f21403b7423b13e32d,818275,Uta,OP09-002,onepiece_catalogue_name,1.0.0,candidate_only
onepiece,ea41e439661e07df80e55b9c0d4cce55f7c94b50be10d3e75219772f29758bf9,839652,Roronoa Zoro,P-094,onepiece_catalogue_name,1.0.0,candidate_only
onepiece,eacd532e85f6be60bd38fc8889a779c465cd820deef646547e3f22781eee2c72,861796,Shanks,OP14-027,onepiece_catalogue_name,1.0.0,candidate_only
onepiece,eae73aba007c0b9cc830e488c789b586673f2af48089952380b4e6f60a060e45,733071,Edward.Newgate,OP02-004,onepiece_catalogue_name,1.0.0,candidate_only
onepiece,eafe783c48c51927d662507e8c981eaf1e120051e3985e0f9f5cacb8c4888b7e,879972,Rebecca,OP15-053,onepiece_catalogue_name,1.0.0,candidate_only
onepiece,eb10783acc242a74ae4894435a831df79fa5616b8c2e4586fce545765af9e002,864292,Stronger,OP09-089,onepiece_catalogue_name,1.0.0,candidate_only
onepiece,eb1ae361822893d758edf98421f7e1fb71708b6e6a721e518372cd65c55c49d0,830559,Portgas.D.Ace,OP09-035,onepiece_catalogue_name,1.0.0,candidate_only
onepiece,eb2bbed7e4de4f24ef6e805389ddbe574d3039aac3d8c64e3c629f06c566a693,787529,Brook,ST01-011,onepiece_catalogue_name,1.0.0,candidate_only
onepiece,eb2fda4c8716eae5d03b7500f83bc6b87223d827d74e667946ca07297258c93f,787459,Trafalgar Law,ST03-008,onepiece_catalogue_name,1.0.0,candidate_only
onepiece,eb3b14434f92403097a51c49cf917a33b141203926558137a7b4141b3f221c7a,775726,"Eustass""""Captain""""Kid",P-067,onepiece_catalogue_name,1.0.0,candidate_only
onepiece,eb62862a24d03dc442fb37b87cafd738e747791a8bf21d5017f41a1182e3815c,752067,Black Maria,ST04-011,onepiece_catalogue_name,1.0.0,candidate_only
onepiece,eb6bbd249e69e6cd31964918d1223f94f9ad7cf3aec23a3c3f01021f39f5dbf7,691057,Crocodile,ST03-003,onepiece_catalogue_name,1.0.0,candidate_only
onepiece,eb8259941f4974cb873e7a03de1d28aefb1133ef2419c14a87b3fc8fc4adc0fc,781114,Shirahoshi,OP05-082,onepiece_catalogue_name,1.0.0,candidate_only
onepiece,eb9f7aa3fd95179c2251d0a75766f554f855ddf15a5428b2af74ab20cca1e28c,830269,Demon Aura Nine Sword Style Asura Blades Drawn Dead Man's Game,OP12-037,onepiece_catalogue_name,1.0.0,candidate_only
onepiece,ebc7d645cdd8af4e3b2854c4f4566b7c7447c82dfe295d7172404d2f1192a38d,843120,Koby,P-092,onepiece_catalogue_name,1.0.0,candidate_only
onepiece,ebd0ae61e0a53a4c3322ca56ab3301d1a49cd734c0e7ebd5216b1f9f80ac2873,805338,Camie,OP06-025,onepiece_catalogue_name,1.0.0,candidate_only
onepiece,ebfe86c789416f1270e59601b99ca6dbe455d31607db0015c24408cbb4b4774e,746362,Perona,OP06-093,onepiece_catalogue_name,1.0.0,candidate_only
onepiece,ec24de50614dd8356f0837208f0ae682c959fd4f63ca0e724e9310fedc4c03de,794147,Monkey.D.Luffy,ST13-003,onepiece_catalogue_name,1.0.0,candidate_only
onepiece,ec3c0dcff3337e1448712edcc6e28cda09105f051e0ea21705c04dc30b3d4fa8,771684,Charlotte Pudding,OP08-058,onepiece_catalogue_name,1.0.0,candidate_only
onepiece,ec491767e7c718cf12ccf4884effa53898ae2db7bfc25ad6be4855e6bcf06d12,840667,Jewelry Bonney,P-085,onepiece_catalogue_name,1.0.0,candidate_only
onepiece,ec607bd442323f8315ecad2196bc2ed7a5d0b2fc9b918cfe867d5cf3bc0115b3,871480,Koby,EB04-044,onepiece_catalogue_name,1.0.0,candidate_only
onepiece,ec81488adcdb4d29d6789f7f1b1464aaa1a7d00892159747369beaa1a12f5d69,787544,Monkey.D.Luffy,ST13-003,onepiece_catalogue_name,1.0.0,candidate_only
onepiece,ecec7df282ed72a0199eb0e522cd90467141d4955147a7ccef0ca1b2e8ca8eb3,823492,Enel,EB02-052,onepiece_catalogue_name,1.0.0,candidate_only
onepiece,ecfc8ff7e8fefe2de40e56456e27430372f02278a8c80e4c5e6508fa8a80ecec,842359,Portgas.D.Ace,ST15-005,onepiece_catalogue_name,1.0.0,candidate_only
onepiece,ecfdfa11e2c47a692c3d87b6011bc0565b5d96dcc813b780e1b02a32af2d0d80,865496,Crocodile,OP14-079,onepiece_catalogue_name,1.0.0,candidate_only
onepiece,ed0439baf08e973f8301cc910eeb3bc079b1ada0c0a19c860375d6e9e4765e50,830375,Portgas.D.Ace,ST13-011,onepiece_catalogue_name,1.0.0,candidate_only
onepiece,ed20d9bd5e6869b9097fb56602b9ee66a69086bbc28d4437672d0cca12622071,871506,Sanji,EB02-054,onepiece_catalogue_name,1.0.0,candidate_only
onepiece,ed46e936764f9636b91a2c21dd7dca8f58de84af660dcd311e1965cebd275a81,830638,Monkey.D.Luffy,OP09-061,onepiece_catalogue_name,1.0.0,candidate_only
onepiece,ed55b434586006bec759ff351e1978758a4ec1077bfeb775a811f998b4aa0406,857340,Monkey.D.Luffy,OP13-118,onepiece_catalogue_name,1.0.0,candidate_only
onepiece,ed752b8222727da2dd15b11982b07e1eb6de03420c885f598cd3eefc51edb43a,842357,Tony Tony.Chopper,OP07-066,onepiece_catalogue_name,1.0.0,candidate_only
onepiece,ed9c5dd04dec23abe342d59e2d7f31a13148903808db3897acf5b72112bd915c,722784,Shanks,OP01-120,onepiece_catalogue_name,1.0.0,candidate_only
onepiece,eda823c6a876aa51ddd5ee70057d75ce5f4568dcd051cad4fde73f80fe2414bf,874496,Trafalgar Law,OP12-106,onepiece_catalogue_name,1.0.0,candidate_only
onepiece,edb299667b1ea88ea1141d6725a3f0a7c6a571b67efc66dd33a64fc516a3d567,802843,Monkey.D.Luffy,OP05-060,onepiece_catalogue_name,1.0.0,candidate_only
onepiece,ede490d3d5d6aea2b710d10c34809a82f2b48f3567a6d3e29c9887eb98300244,755422,Dracule Mihawk,OP01-070,onepiece_catalogue_name,1.0.0,candidate_only
onepiece,edec6d69b43f6e542ce6d18ae783b70c7818e49232e8fcd0a706b69d0f0a09f3,841119,Zoro-Juurou,OP05-067,onepiece_catalogue_name,1.0.0,candidate_only
onepiece,ee1296f3c7c0d010cfaf84e37332bff71171ac32d336c0e20d97a3bed39f9cff,875011,Brook,OP15-022,onepiece_catalogue_name,1.0.0,candidate_only
onepiece,ee29727ac85c4fc2c91b03220670fcbf1dee3a32f65ce2376b4378dd730a85ae,768429,Sanji,OP02-026,onepiece_catalogue_name,1.0.0,candidate_only
onepiece,ee2dafc0b813208d47fda6d4329d6a68aee122d18d667e2e2bee588ecdd37115,840743,Yasopp,OP09-013,onepiece_catalogue_name,1.0.0,candidate_only
onepiece,ee40dcde923f3368b690574bf98c87378ca472bfb82893d6d005ebf81570805e,804376,Rob Lucci,OP05-093,onepiece_catalogue_name,1.0.0,candidate_only
onepiece,ee4bf9a0c9f2e4d31a23dd1323f0bdcdd6474980a9131a69266d28fb26610e33,732763,Boa Hancock,OP01-078,onepiece_catalogue_name,1.0.0,candidate_only
onepiece,ee96c4dd96e1deb4d151e997a6a854094271e08bcf1dbac210a9094d8763c96c,842367,Wyper,OP08-110,onepiece_catalogue_name,1.0.0,candidate_only
onepiece,eea420a57fd7aacddca5f0c98ade6cc2b270a9c468470e533f3c272a2b309cd9,743252,"Capone""""Gang""""Bege""""",OP04-100,onepiece_catalogue_name,1.0.0,candidate_only
onepiece,eed258bba3e4ba83e81e2e99e63d46e8bc37e970f92bae9aada66cbcdc854f8b,839018,Gum-Gum Giant,OP09-078,onepiece_catalogue_name,1.0.0,candidate_only
onepiece,ef05f3b86a6c4e4418daa89462171d3c3955fd5f2353863e3c3c3616418d0fac,861938,Boa Hancock,OP14-112,onepiece_catalogue_name,1.0.0,candidate_only
onepiece,ef18203785b2c0807efbb3879d451855ad067573890ed599ee9db784775aba9d,754944,Monkey.D.Garp,P-054,onepiece_catalogue_name,1.0.0,candidate_only
onepiece,ef769e0787ad23ef7abb1df5838d55b82a493a3b14e5fd7a996a232ea489a968,729840,Spandam,OP03-086,onepiece_catalogue_name,1.0.0,candidate_only
onepiece,ef818b27f2abdd8484a4a40ee2911ec6d0aa123c0eaea536d58883539a1d6392,815150,Kaya,OP03-044,onepiece_catalogue_name,1.0.0,candidate_only
onepiece,ef87b602c940ef4dc3ccf2ed2f160aafa45464c54255c2ebec567f5c323d5937,749365,Revolutionary Army HQ,OP05-021,onepiece_catalogue_name,1.0.0,candidate_only
onepiece,efd861ad807a845ac60e1b48af75fe0bc819fb5b61243ce277479630129fd804,764442,Nami,OP02-036,onepiece_catalogue_name,1.0.0,candidate_only
onepiece,f00f23ee12adfa1999f559d47d8a4a75663d8b58b53e0f660d50fb1dbfc99558,743256,X.Drake,OP01-114,onepiece_catalogue_name,1.0.0,candidate_only
onepiece,f015685045fb9247f6fb2b9fa2c874d4fca09f8ec7744c5d8d1de21a28b8c099,699937,Monkey.D.Luffy,OP02-062,onepiece_catalogue_name,1.0.0,candidate_only
onepiece,f03857ccc7e52b899373d14d455cd74db677984dc5189abb155d2cbb47d2ac3b,802855,Monkey.D.Dragon,OP07-015,onepiece_catalogue_name,1.0.0,candidate_only
onepiece,f0698baa130d3628334a4ad1335e395127873e5e914580dc712d1c719f567f18,865538,Boa Hancock,OP14-112,onepiece_catalogue_name,1.0.0,candidate_only
onepiece,f06a5930a04f33ca4f2cf7981664ec71b09bc3fd30a91c6b45c1a914d19a5245,787518,Trafalgar Law,ST03-008,onepiece_catalogue_name,1.0.0,candidate_only
onepiece,f125332b067cf6485ecca41b13a3f687cce22cb6c60663f970cbbb0bb3acf394,865337,Rosinante & Law,EB04-038,onepiece_catalogue_name,1.0.0,candidate_only
onepiece,f15e0fc2eb0f1167ce5888ea46c9cd44084c1d917e70bda844b13a7d90b1f402,874398,Portgas.D.Ace,ST15-005,onepiece_catalogue_name,1.0.0,candidate_only
onepiece,f15f31d5d88bd3caac7e81e964a4c16960fbbfaffbfe28678a31f753f9aa48d6,852450,Roronoa Zoro,OP09-076,onepiece_catalogue_name,1.0.0,candidate_only
onepiece,f180b4db2d5ffaae7c513843511b82c8edc50d94bf28961c47dc76c457505fad,768397,Monkey.D.Garp,OP02-002,onepiece_catalogue_name,1.0.0,candidate_only
onepiece,f1850a0cef747daa736deabf7018f5189635495ffeba097aed5a1e3693bf3530,787456,Kouzuki Momonosuke,OP01-041,onepiece_catalogue_name,1.0.0,candidate_only
onepiece,f19ef8b18f84c0370546618bb7bbcbd5109304f484ea47510bef2e3850b84dc7,837215,Girl,P-096,onepiece_catalogue_name,1.0.0,candidate_only
onepiece,f1b50ecf5b94e22d6ddaae7ff440aa55c8f334c9c7e5e8dbe8ad4445e556a592,852607,Uso-Hachi,ST18-001,onepiece_catalogue_name,1.0.0,candidate_only
onepiece,f1e9125de3dd00a34f5226eefcd051ddb1fa3b103b9d839c89aa8b312f642d43,817003,Smoker,OP10-001,onepiece_catalogue_name,1.0.0,candidate_only
onepiece,f1f2327b46478a31043487a123acbe7f7aff146f15c576ee5931c7523b381bce,773707,Monkey.D.Luffy,ST10-006,onepiece_catalogue_name,1.0.0,candidate_only
onepiece,f1fc46d9fd5b6907456c3c51ec07f71d194e67549b1b9d7f9706220d6cef26bf,865535,Perona,OP14-111,onepiece_catalogue_name,1.0.0,candidate_only
onepiece,f206301357243a14b5cdc08ee3fa7c03f9fffc0b7625a85d14321b90eba9312e,744807,Iceburg,OP03-058,onepiece_catalogue_name,1.0.0,candidate_only
onepiece,f2572855406bc6e188979a3e5fef7086bb348b53021515f37913ce1d53352f6f,873852,Portgas.D.Ace,OP02-013,onepiece_catalogue_name,1.0.0,candidate_only
onepiece,f278e72ef8ee6880718076a8029e7f046f6d2f56b7cb9cffba1d1d60b049b9c8,744836,Kalifa,OP03-081,onepiece_catalogue_name,1.0.0,candidate_only
onepiece,f2c111fd03e80d77b553b4a949f7e6cb317ff432551a215622973171547eb314,858303,Nefeltari Vivi,EB03-024,onepiece_catalogue_name,1.0.0,candidate_only
onepiece,f2c6eeb2a4cfa529a2850e58060c3be7f8dbe1f89ec51943687201fe64899d35,880002,Mamaragan,OP15-078,onepiece_catalogue_name,1.0.0,candidate_only
onepiece,f2ee910383267b8898c6076b409c33796693a4b66442d86fbb906ebc4ed82339,873743,Dracule Mihawk,ST12-003,onepiece_catalogue_name,1.0.0,candidate_only
onepiece,f367e60589317ffe5349409bfb21eaf17412baa1abb025160f6b11d8bc901e7d,719395,Charlotte Katakuri,OP03-099,onepiece_catalogue_name,1.0.0,candidate_only
onepiece,f3881c797a3c02ba606d5dada60118b0a1270748e15f0a61b4621d2e7c7ccf2e,842338,Carrot,P-070,onepiece_catalogue_name,1.0.0,candidate_only
onepiece,f38951dd86f2e62b8924c282329dbb5286f72a711c53b43799b7bee140ae454a,787538,Sanji,OP07-064,onepiece_catalogue_name,1.0.0,candidate_only
onepiece,f3bc208a704aab2f5ade5ee453721351f8913851e3083038eb623163833e75ab,733436,Enel,OP05-098,onepiece_catalogue_name,1.0.0,candidate_only
onepiece,f46f21c7e9d78d449ceaf863053907b825a507e06b5e8f73e5ad629192d79ee5,732791,Crocodile,OP04-058,onepiece_catalogue_name,1.0.0,candidate_only
onepiece,f4869209c78936460c176421ba7b2b3c47154712156696f524539d7f0b6e3c8b,755416,Nami,OP01-016,onepiece_catalogue_name,1.0.0,candidate_only
onepiece,f4a31b90ae596da9a8748591a98a39c0b572428fa5d9ffc8d68e16a0858c6e5c,823528,Gecko Moria,OP06-080,onepiece_catalogue_name,1.0.0,candidate_only
onepiece,f4a7d53a6b26a0fb08eb0817582049bc1f2952e30674f9ab0641e24e873fde7c,794705,Tony Tony.Chopper,OP01-015,onepiece_catalogue_name,1.0.0,candidate_only
onepiece,f4c8f51bd70b8be5bacad25651e17d2ca7478bacdb40e06b914d48e60e8f8a62,760316,Uta,OP06-001,onepiece_catalogue_name,1.0.0,candidate_only
onepiece,f4c9bdf589df439f7ede10632a296d4c1509220d39aafb2f30d4ce556816d25c,722806,Monkey.D.Luffy,P-041,onepiece_catalogue_name,1.0.0,candidate_only
onepiece,f4e95ac85e40a69ee9ebc5b609ca684bff5b780f4b0ad2687eb479ffc29fa05d,842928,Perona,OP12-034,onepiece_catalogue_name,1.0.0,candidate_only
onepiece,f50db468bca1ede0fa36a604ba711e5ab4b3d2e4533ca9173b9cf1b73e59c24d,840738,Shanks,OP09-004,onepiece_catalogue_name,1.0.0,candidate_only
onepiece,f5140361a068c4d3080dab48b8844e12c99112a91c33cfd0a0e3b7162c597e30,817490,Gum-Gum Fire-Fist Pistol Red Hawk,OP11-114,onepiece_catalogue_name,1.0.0,candidate_only
onepiece,f52672b6a368b967aa47782dbd83a3ae63852bfdd7c49b4502518518bba3e8bd,823442,Jewelry Bonney,EB02-015,onepiece_catalogue_name,1.0.0,candidate_only
onepiece,f53b65ec301168bf8ea0d4ea30faebda6e11548bcedb10d192e3693ccb4a7280,845625,St. Jaygarcia Saturn,OP13-083,onepiece_catalogue_name,1.0.0,candidate_only
onepiece,f54d6b09fd8f9a7779461bcdc8b9e3814d2bc52686fe6987b3731f1b8d4ab67f,808769,Nico Robin,ST21-010,onepiece_catalogue_name,1.0.0,candidate_only
onepiece,f583000ec8389138568c1ddc8bd44a257db414565baf69b5220840d2cff8f010,821614,Portgas.D.Ace,ST13-002,onepiece_catalogue_name,1.0.0,candidate_only
onepiece,f69af4e11470de555d47f2302f42c300941e5902e8a51c157cce284228621bbe,830370,Yasopp,OP09-013,onepiece_catalogue_name,1.0.0,candidate_only
onepiece,f6b6b9baa9cbdc34a24066aa0721faf5b0cfa489c4b24ed74bd55fcc3b1ce955,690994,Roronoa Zoro,ST01-013,onepiece_catalogue_name,1.0.0,candidate_only
onepiece,f6ff674d06a56f30d3b68b69b90b62d250fa4e6e53b05caa97d66112d5a8fb53,744857,Charlotte Katakuri,OP03-099,onepiece_catalogue_name,1.0.0,candidate_only
onepiece,f6fff1f9ce4de0ccf5dd3febbc581d66c22de0f1defa4556ba9913124a94f31e,794718,Rebecca,OP05-091,onepiece_catalogue_name,1.0.0,candidate_only
onepiece,f74ac49b28210081d12411228a3ec57acbceaa0c441cb82d75b9099812b9476f,775342,Jewelry Bonney,OP07-019,onepiece_catalogue_name,1.0.0,candidate_only
onepiece,f74fb37e3fe4c8453a265ef7e1a44ae8e45b7d15e8eeba2ef2d80e2352e25d9b,690893,Crocodile,OP01-067,onepiece_catalogue_name,1.0.0,candidate_only
onepiece,f780b3fdfd5547a7073631abd3d650613e228800938ce5842ed6c0705d555fe8,843030,Jewelry Bonney,OP12-118,onepiece_catalogue_name,1.0.0,candidate_only
onepiece,f7c79f503dc973d952cd7aae336a0105750939091384c645685b9c60c66e8fd9,747881,Nami,OP01-016,onepiece_catalogue_name,1.0.0,candidate_only
onepiece,f7db4ae9e99a1f188ddbadc9a294a1b643870b7b5470f79c0f07e787a7a62ed9,830641,Marshall.D.Teach,OP09-093,onepiece_catalogue_name,1.0.0,candidate_only
onepiece,f7df86c402f778820719d6c278b022ef4c574dcf70215c17466b62d3c0eae56d,749375,Monet,OP05-036,onepiece_catalogue_name,1.0.0,candidate_only
onepiece,f7e3a2e976beca165017ad9693d9d17071de58bacfb5aef838efbc3e2b0885af,804381,Jewelry Bonney,OP08-105,onepiece_catalogue_name,1.0.0,candidate_only
onepiece,f800ad5bc97069631daa9ee523611c7605052b43e28c6706eecfdccede482795,748121,Monkey.D.Luffy,P-037,onepiece_catalogue_name,1.0.0,candidate_only
onepiece,f80a1f7e355c36ea125b77c0ce5d06ceb76b121caa15605bbfb2d3232a417655,866072,Camie,OP06-025,onepiece_catalogue_name,1.0.0,candidate_only
onepiece,f81c184bddfd71f5999495f2919dcb52904beb1c738851117e109f19bd79683e,804784,Boa Hancock,ST17-004,onepiece_catalogue_name,1.0.0,candidate_only
onepiece,f852cc3d6faa30d89a25adea63c2b9d278756c90bf8f0a7a524c30b17d3b27d9,816828,Tony Tony.Chopper,ST21-008,onepiece_catalogue_name,1.0.0,candidate_only
onepiece,f85cb0ae05c8ea78b2f8f52a9b34e6578484a7bc1b76c53b2b822041f07dcc22,747883,Uta,OP02-120,onepiece_catalogue_name,1.0.0,candidate_only
onepiece,f8743bb7b11ddfbecceb771e516f208afecd92d74afbcdb4f6d45d4e53ad112c,872488,Vinsmoke Reiju,OP12-063,onepiece_catalogue_name,1.0.0,candidate_only
onepiece,f8a06c654fdfab07e19352a67f6e627906140faac1286e479bcbe53a54d18489,847921,Monkey.D.Luffy,P-110,onepiece_catalogue_name,1.0.0,candidate_only
onepiece,f8ab1861be67bf770803fd3bd169ab3eafa8129f26778f3373f744c543fd44e4,703013,Portgas.D.Ace,OP03-001,onepiece_catalogue_name,1.0.0,candidate_only
onepiece,f8d1b53dc20f0e928357faa981ce66e9714066a1894047bbfdf250a5ba2a5857,866405,Tashigi,OP12-031,onepiece_catalogue_name,1.0.0,candidate_only
onepiece,f8e3f27c217262c649425a117682742830eb3ec7db873d3b04eee2cfa28c7bbc,829837,Nami,OP09-050,onepiece_catalogue_name,1.0.0,candidate_only
onepiece,f8f20ca5778b66ed4161e33afc9f91fcfa8a62438338b98ad120fc3002c74b22,884252,Shanks,P-104,onepiece_catalogue_name,1.0.0,candidate_only
onepiece,f913510004a6c2ba3490273b696635ea742ffbeab646a56fa7cdc4858cde6035,852368,Charlotte Pudding,OP06-047,onepiece_catalogue_name,1.0.0,candidate_only
onepiece,f938632dcad1132a78181310b9871386affe4b862168a55b4b2642ee7330de17,799294,Yamato,OP04-112,onepiece_catalogue_name,1.0.0,candidate_only
onepiece,f9686363ec41148563140962c5efb244fa1927b70380f424467bd0b516a503d1,799415,Sanji,PRB01-001,onepiece_catalogue_name,1.0.0,candidate_only
onepiece,f9a9ce47f2f60bec8db3b99d871523bd9e4f79bbde65987c6e6f33e42cb11654,840741,Benn.Beckman,OP09-009,onepiece_catalogue_name,1.0.0,candidate_only
onepiece,f9d1916ada980d5ee4ef3849a07a2df58e5eca9df973754d0b2e0b3c1f726f7f,699770,Kuzan,OP02-121,onepiece_catalogue_name,1.0.0,candidate_only
onepiece,fa0a1413c7b8f8b3fc14d5c4fe86811f2985728c85e40aa0cee5734d283a17f6,775351,Otama,OP07-022,onepiece_catalogue_name,1.0.0,candidate_only
onepiece,fa101ff50da35f604bea3f95725290adaeec3b7ae6be989d501efa03ef5cb11c,825209,Zeus,OP11-106,onepiece_catalogue_name,1.0.0,candidate_only
onepiece,fa32c290e36bcdfc8ca419e624ad6ed98e2fec3424900c98043e7e1cca78dc30,799216,Portgas.D.Ace,OP02-013,onepiece_catalogue_name,1.0.0,candidate_only
onepiece,fa43f6f8fb57ea3566eea1b597748e79f71377bb28c7cbf032c756c96a6bcc8a,792763,Zoro-Juurou,OP05-067,onepiece_catalogue_name,1.0.0,candidate_only
onepiece,fa5fca79a47518fa6ae76aa2ca5cc6ebb25ccc5181ab29cc130d9e7e0636bbc6,871502,Edward Weevil,EB04-062,onepiece_catalogue_name,1.0.0,candidate_only
onepiece,fa8219a873dd77d16095006c49311c152ea717bea52d207044973ce66562868e,747878,Monkey.D.Luffy,OP05-119,onepiece_catalogue_name,1.0.0,candidate_only
onepiece,fa9c97e5129f7ceaa434a19fe9e5837f8977f1f3907da39abda8b8a84f383bff,808182,Yamato,OP06-022,onepiece_catalogue_name,1.0.0,candidate_only
onepiece,fabb04fca88b936e524a080afb62d4f5b53302c506a8005d1e2be04b2bb3676c,696437,Monkey.D.Garp,OP02-002,onepiece_catalogue_name,1.0.0,candidate_only
onepiece,fadba016f2543d63faacda0d39d269a301f7d3af4f04b13345178d18c405197a,804366,Spandine,EB01-043,onepiece_catalogue_name,1.0.0,candidate_only
onepiece,fb10c62b6878f788cfaa455fd20889d13cb131c2fab1d77bfbb91972f822484c,787964,Charlotte Linlin,OP08-069,onepiece_catalogue_name,1.0.0,candidate_only
onepiece,fb24a5011ec3287306f9401410881f2c5bbf710c05e36079a7ab7461c8da8589,733270,Uta,OP02-120,onepiece_catalogue_name,1.0.0,candidate_only
onepiece,fb56a2cef9a5e09c2b2d73b8c1d7334b9ab861020c7e9e90d68221fb29eba3bc,865434,Shanks,OP14-027,onepiece_catalogue_name,1.0.0,candidate_only
onepiece,fb6d674c3b1ff4c9d18d92656723fdd80cd0f572d82f34950b14ed8a0b9cd4ad,842334,Charlotte Pudding,OP06-047,onepiece_catalogue_name,1.0.0,candidate_only
onepiece,fb714c08b43cdd56314c4581024b441a6f7e6c7a291498b80c1ec25a57061ba0,858361,Nefeltari Vivi,EB03-024,onepiece_catalogue_name,1.0.0,candidate_only
onepiece,fb94dda14bee2126f6d22b98bd5ed2448714ca7dc5808aa99a1a5be0b37884c7,873863,Monkey.D.Luffy,ST01-012,onepiece_catalogue_name,1.0.0,candidate_only
onepiece,fb95aafc6c161467027d639a40ee8ec3bd3fd47708398e62ddb229264f88aa5e,690796,Monkey.D.Luffy,OP01-003,onepiece_catalogue_name,1.0.0,candidate_only
onepiece,fb984cc748085d3a76424b83ccb9bc935796a84682f71da14bf20d4436094671,873874,O-Nami,ST18-002,onepiece_catalogue_name,1.0.0,candidate_only
onepiece,fbd939517cafb2140418eb96bf7fa728b40853adab634d80dc8071f58a4f5a8b,839477,Nami,PRB02-012,onepiece_catalogue_name,1.0.0,candidate_only
onepiece,fbdc07a0947ee7ac14aaeaa00afa0176af1b884d39be9fe213e23d5b18fa7ea4,804825,Ryuma,P-072,onepiece_catalogue_name,1.0.0,candidate_only
onepiece,fbf13bffd3e2faec5481595300d3458641a35b5bc16e39fc1d58bf9a1bc82ac0,768137,Monkey.D.Luffy,OP01-003,onepiece_catalogue_name,1.0.0,candidate_only
onepiece,fc19d0db8d9a3721f4de8b1b3c43c4a5ee4c4616653034e5dbee060c2a90d470,872236,Koala,EB03-042,onepiece_catalogue_name,1.0.0,candidate_only
onepiece,fc356ea8c8c1b9f902a1eec9010eededea5012777e1a1627e56da0b11ce7e379,762644,Sanji,OP03-102,onepiece_catalogue_name,1.0.0,candidate_only
onepiece,fc3a733a2c511d0362a9966845bef272c2ac609ea14ccfc4785cb5f272b32cd7,858347,Nico Robin,EB03-055,onepiece_catalogue_name,1.0.0,candidate_only
onepiece,fc3a947595995a8a1da6621844f7c9ff3967a92fb27be6ac810d7df4d55057ad,708383,Borsalino,OP02-114,onepiece_catalogue_name,1.0.0,candidate_only
onepiece,fc5fbce25b109b60f20f22515783329a601bdfa1df368d09dc1c58d19a749237,842337,Carrot,P-070,onepiece_catalogue_name,1.0.0,candidate_only
onepiece,fc729265cce1afa4126a5ec0ad96c55e4c8b072f23566dee8d504a18d0a086d9,878064,DON!!,Kumamoto 2026 Brook,onepiece_catalogue_name,1.0.0,candidate_only
onepiece,fc72fb79399c64aedf1121e0ab1d678ef59998c7be7764649280a14c513bed7d,808194,King,OP08-057,onepiece_catalogue_name,1.0.0,candidate_only
onepiece,fc7564b0dd2798a9d0359f6c6e96a28e608772528513fde15b9e8d7f4f6494e4,805344,Sanji,OP07-064,onepiece_catalogue_name,1.0.0,candidate_only
onepiece,fc878dcf9e47e3a17aacebc64bce0212e645227c109a56f29e15f2bf37a3254a,786434,Monkey.D.Luffy,OP09-061,onepiece_catalogue_name,1.0.0,candidate_only
onepiece,fcc0678a9d330855b1dcf8bda6f2e8c041767e697c751d54e3e0da11e38e8e66,845690,Shanks,OP09-004,onepiece_catalogue_name,1.0.0,candidate_only
onepiece,fcff8bb6ee071347091ba1520525a9647505fbd3f0f311c9e5b46b8e561190c2,865641,Boa Hancock,P-115,onepiece_catalogue_name,1.0.0,candidate_only
onepiece,fd03d626cb5a2dcfe89b152d46512af05ce29ec43c2f9c05e95adf5368198942,760628,Sanji,OP06-119,onepiece_catalogue_name,1.0.0,candidate_only
onepiece,fd1233ef696be4623006094fa44b80415a50a4f1a539b21f844a92cccdb616d0,883280,Nami,P-053,onepiece_catalogue_name,1.0.0,candidate_only
onepiece,fd27dfebc6db50e0ea5ff83d848824c3e2d2cf87b6933e2906398eac336714d1,747884,Rob Lucci,OP03-092,onepiece_catalogue_name,1.0.0,candidate_only
onepiece,fd6a05e0cd56067073e1f19d0da46ca9dbd16ee81924633b648081e4e4acba43,817344,Shirahoshi,EB01-057,onepiece_catalogue_name,1.0.0,candidate_only
onepiece,fd74fa880f40d54a79ff1d688d2589b4f3e7fd48149748877e2809054abf9585,708381,Kuzan,OP02-096,onepiece_catalogue_name,1.0.0,candidate_only
onepiece,fd77a0b809b9c7464ef022d2332799c6660f892c2c0f37770c9add24535e63ce,732767,Nefeltari Vivi,OP04-001,onepiece_catalogue_name,1.0.0,candidate_only
onepiece,fd9d5ff22863b0478863f507e5f75fef0efc209368cb5188264230177411e5ee,747495,Sakazuki,OP05-041,onepiece_catalogue_name,1.0.0,candidate_only
onepiece,fdbae136ab2173b2b46b33ea2bea3c102d2f88b69bff2cea7a931d1cfe125596,733329,Sakazuki,OP05-041,onepiece_catalogue_name,1.0.0,candidate_only
onepiece,fdce3c6e62a0dfe66be20ef9ce5cc32fe38ab6a3c2e150398143855493b56ca6,788012,Jewelry Bonney,OP08-105,onepiece_catalogue_name,1.0.0,candidate_only
onepiece,fdf72a7754d4184b94f75084b9ff53bdedef341ae99fae9c1ead358dbad1306a,842354,Perona,OP10-092,onepiece_catalogue_name,1.0.0,candidate_only
onepiece,fe84d1878d4551d581d21ed55f0509214ff5d8f39feba23a0950b6888e65c683,752021,Uta,P-031,onepiece_catalogue_name,1.0.0,candidate_only
onepiece,fe9ded489c7712724bedd6da43a07797a00f349254dd52445fbad133a35ce436,823523,Uta,OP06-001,onepiece_catalogue_name,1.0.0,candidate_only
onepiece,fea33696be085ae5d2d8fd2175f034f2b5edbe0be18fcde8fc4b1c3aa9e688d2,871503,Zeus,OP11-106,onepiece_catalogue_name,1.0.0,candidate_only
onepiece,febdd82e0eca7c12050e3d0660f7ebfd3d3696e60e4ae581c8c97274a121d22f,799296,Koala,OP05-006,onepiece_catalogue_name,1.0.0,candidate_only
onepiece,fec5d50f76f2bf20d75066807df4b73341a2c0ade76ea8c98433f5e2030e93ec,799382,Kingdom of GERMA,OP06-079,onepiece_catalogue_name,1.0.0,candidate_only
onepiece,ff3fb1fc4737313de7b3ae1e74ca10a565a9377d7e662c98ec58d3f8f362d201,879911,Lucy,OP15-002,onepiece_catalogue_name,1.0.0,candidate_only
onepiece,ff9825e08b804396963886bc15e014776d0aac616d6a16192a7f5eeb22c13ce6,802925,Buggy,OP09-051,onepiece_catalogue_name,1.0.0,candidate_only
onepiece,fff18290c8f4d1ab4c7b7d1fb7216cb95ca702f7bb05a4747c404eb8ad09ac9e,804891,Charlotte Linlin,OP03-114,onepiece_catalogue_name,1.0.0,candidate_only
pokemon,589cea31fdcef0a51660fe0e5a9c83bdd84f7ff976caf7f7a8217a0f86649932,672300,Live Code Card,Worlds 2022 Champions Festival,pokemon_catalogue_name,1.0.0,candidate_only
pokemon,8ae9e9e521b4f2c1ce14a1bad1fac52738bd9e6102c8c3717ec80ec08094ebec,845359,Live Code Card,Worlds 2025 Paradise Resort,pokemon_catalogue_name,1.0.0,candidate_only
